name,countries,regions,lat,lng
Moose Mountain,Canada,Yukon,64.051057,-139.409375
Lee Canyon,United States,Nevada,36.301403,-115.679148
,Latvia,Siguldas,57.139838,24.816095
金象山滑雪场,China,Shandong,36.473344,117.109281
七步沟滑雪场,China,Hebei,36.933776,113.870276
Ciao Ontake (チャオ御岳スノーリゾート),Japan,Gifu Prefecture,35.939400,137.481953
North Junction Skiing Trails,United States,Minnesota,48.004189,-91.938078
,United States,New York,42.095896,-77.196849
Hanley's Happy Hill,United States,Pennsylvania,41.405149,-76.579138
,Czechia,Zlín,49.368801,18.338455
,United States,New York,42.639914,-77.982942
,United Kingdom,Westmorland and Furness,54.327057,-2.737758
Mount Van Hoevenberg,United States,New York,44.223398,-73.914857
Ski Center Stara planina,Serbia,Pirotski upravni okrug;Zajecar,43.367617,22.607293
Snow Snake Ski & Golf,United States,Michigan,43.959182,-84.770290
,Finland,Pirkanmaa,61.587872,23.016646
,Canada,Quebec,45.344259,-73.787549
,Norway,Troms og Finnmark,70.662560,23.772373
,Norway,Viken,59.832298,11.121390
Okubo Grass (大久保グラススキー場),Japan,Shizuoka Prefecture,34.964872,138.179576
,Belarus,Mahilyowskaya Voblasts',53.177778,29.176475
Sinnissippi Golf Course Winter Trails,United States,Illinois,42.281419,-89.059965
,Finland,Southern Ostrobothnia,62.834406,23.520436
,United States,Minnesota,45.314631,-93.942606
サッポロテイネ, Sapporo Teine,Japan,Hokkaido Prefecture,43.087512,141.207048
Lofer Nordic,Austria,Salzburg,47.575224,12.695646
Iroquois Mountain Lodge (Mission Hill),United States,Michigan,46.476231,-84.686952
,Russia,Moscow Oblast,56.142311,37.465444
,Russia,Kemerovo,53.197750,87.256608
Villaggio Palumbo,Italy,Crotone,39.190926,16.647566
Battle Creek Regional Park East,United States,Minnesota,44.938121,-92.995173
Hunter Mountain,United States,New York,42.201891,-74.218420
,Sweden,Vasternorrland,62.644661,17.875552
Hemavan,Sweden,Vasterbotten County,65.806382,15.108089
,Czechia,Moravian-Silesian,49.970867,17.226034
,Canada,Alberta,53.025992,-114.154639
Hurdal Skisenter,Norway,Viken,60.463445,11.073409
Skijalište Kozara,Bosnia and Herzegovina,Republic of Srpska,45.016507,16.902803
,Poland,Silesian Voivodeship,49.780781,19.121129
みやぎ蔵王セントメリースキー場, St. Mary,Japan,Miyagi Prefecture,38.215796,140.511266
,Finland,North Karelen,62.321258,29.597101
戸隠スキー場, Togakushi Ski Area,Japan,Nagano Prefecture,36.748956,138.101505
Lanzo d'Intelvi,Italy,Como,45.970422,9.008894
,Canada,Quebec,46.903288,-71.180541
,Estonia,Tartu,58.504692,26.707667
,Sweden,Vasternorrland,62.415739,17.278357
,Finland,Northern Savonia,63.061881,27.633501
,Norway,Nordland,66.295598,13.564570
A-X/Across Shigenobu (アクロス重信),Japan,Ehime Prefecture,33.811757,132.871623
Ski Civetta,Italy,Belluno,46.407543,12.075276
Valle Fura,Italy,L'Aquila,41.888069,14.053511
,Finland,North Karelen,62.583901,29.815444
,Latvia,Ādaži,57.078104,24.337613
,Norway,Innlandet,62.155255,11.961248
,Sweden,Orebro,59.297001,15.130362
Rauschberg (Ruhpolding),Germany,Bavaria,47.732570,12.683371
,Canada,Saskatchewan,52.262281,-105.293063
Kitsumkalum,Canada,British Columbia,54.556834,-128.695393
Skeetawk,United States,Alaska,61.743275,-149.237603
Plymouth Notch,United States,Vermont,43.531762,-72.749597
,Poland,Lesser Poland Voivodeship,49.610446,21.204884
,Finland,North Karelen,62.444605,30.236453
Obergünzburg Loipen,Germany,Bavaria,47.835831,10.419030
,Russia,Moscow Oblast,56.142186,37.402111
,Norway,Troms og Finnmark,69.649277,18.915732
Lagorai,Italy,Trento,46.104423,11.659701
Arabichl,Austria,Lower Austria;Styria,47.571564,15.908656
,Germany,Bavaria,50.059081,11.748113
,Norway,Nordland,66.421220,14.445068
,Russia,Belgorod,51.113264,37.258545
,Russia,Tver,56.900834,35.916702
Beartown,United States,Massachusetts,42.271293,-73.269257
,Russia,Saint Petersburg,60.212341,29.752025
,Finland,Southern Ostrobothnia,63.010190,23.474847
,Switzerland,Graubunden,46.623708,10.366054
,Germany,Baden-Württemberg,48.062103,9.056129
Tarscher Alm,Italy,Bolzano/Bozen,46.593084,10.892940
,Russia,Ulyanovsk,53.835453,46.324215
,Norway,Trøndelag,63.901032,10.403883
Avantura park,Serbia,Zlatiborski upravni okrug,43.723244,19.698239
Station Petit Chic-Chocs,Canada,Quebec,49.049590,-66.695011
,Czechia,Olomouc,50.132295,17.015621
Caviahue,Argentina,Neuquen,-37.856610,-71.094045
热雪奇迹,China,Guangdong,23.429953,113.226140
Шерегеш, Sheregesh,Russia,Kemerovo,52.948600,87.923868
Chicopee,Canada,Ontario,43.434470,-80.420279
,Poland,Lesser Poland Voivodeship,49.456551,20.044312
Hinterfeldlift Mösern,Austria,Tyrol,47.311477,11.152311
Challenge Mountain (Formerly Walloon Hills),United States,Michigan,45.236610,-84.881683
Yamada Onsen Kids Snow Park (山田温泉キッズスノーパーク),Japan,Nagano Prefecture,36.675314,138.427936
,Hungary,Borsod-Abauj Zemplen;Heves,48.084911,20.474533
,Finland,Kymenlaakso,60.860571,26.681867
Madarao Kogen Toyota (斑尾高原 豊田スキー場),Japan,Nagano Prefecture,36.827386,138.294685
Lyžařský areál Kocianka,Czechia,Moravian-Silesian,49.464854,18.341776
Pian di Sole,Italy,Verbano-Cusio-Ossola,45.984912,8.600210
Serena Ski,Finland,Uusimaa,60.325990,24.736712
,Norway,Vestland,60.235734,5.843650
Grand Lake,United States,Colorado,40.235566,-105.801535
Raven Mountain Ski Club,Canada,Ontario,48.123763,-79.532475
Siljan skisenter,Norway,Vestfold og Telemark,59.278030,9.671432
Willow River State Park,United States,Wisconsin,45.015901,-92.689227
Myoko Panorama Park (妙高パノラマパーク),Japan,Nagano Prefecture,36.869400,138.217566
,Austria,Tyrol,47.438582,12.134909
木曽福島スキー場, Kisofukushima Ski Resort, きそふくしますきーじょう,Japan,Nagano Prefecture,35.947994,137.673961
Netschbuehl Eggiwill,Switzerland,Bern,46.888219,7.771170
CISOWA - stacja narciarska,Poland,Silesian Voivodeship,50.452288,19.726792
Todtnau,Germany,Baden-Württemberg,47.828690,7.949484
,Sweden,Vasternorrland,62.505871,17.337981
,Finland,Southern Savonia,62.173161,26.642382
Christlum,Austria,Tyrol,47.507479,11.679090
Garmisch Loipen,Germany,Bavaria,47.473403,11.050143
大同万龙白登山国际滑雪场,China,Shanxi,40.129977,113.378916
Station du Col de Rousset,France,Drôme,44.835134,5.418915
Paavonrinteet,Finland,Central Finland,62.690689,25.297969
Golte,Slovenia,Savinja,46.374198,14.890773
Embergeralm,Austria,Carinthia,46.775264,13.152177
,Austria,Upper Austria,48.302919,14.651562
,Sweden,Gavleborg,61.732030,15.173708
Almåsa,Sweden,Jamtland,63.505350,14.041011
,Italy,Bolzano/Bozen,46.809371,12.073691
,United States,Wisconsin,44.847396,-91.517069
,Finland,Southern Savonia,61.706261,27.297216
,Germany,Bavaria,47.734774,11.853061
Pian del Frais,Italy,Turin,45.099532,7.001131
Stajkowa,Poland,Lesser Poland Voivodeship,49.448116,20.432888
Ski Creede,United States,Colorado,37.794239,-106.858954
Košútka,Slovakia,Banska Bystrica,48.559104,19.534715
,Sweden,Norrbotten,67.883713,20.209758
Bláfjöll,Iceland,South,63.979556,-21.645342
,Russia,Kaluga,54.550679,36.172995
Mt. Humbard,United States,Michigan,45.858620,-84.647920
Snowbasin Resort,United States,Utah,41.200663,-111.863024
,Norway,Viken,60.094903,11.501780
,Czechia,Vysocina,49.701627,16.029751
,France,Doubs,46.951103,6.399185
Tolvmannabacken,Sweden,Ostergotland,57.969393,15.619186
,France,Jura,46.539630,5.875581
,Sweden,Vasternorrland,62.503812,16.090235
Podbreziny,Slovakia,Zilina,49.088617,19.646093
Kálnica,Slovakia,Trenciansky kraj,48.755287,17.937644
Val Chatel,United States,Minnesota,47.133951,-94.975390
Granberget,Sweden,Dalarna,60.730010,14.866150
,Russia,Kemerovo,54.395637,86.268749
Apremont,France,Ain,46.205863,5.662924
Steg,Liechtenstein,Liechtenstein,47.097356,9.582078
,Germany,Bavaria,47.829568,12.082624
Forca Canapine,Italy,Ascoli Piceno;Perugia,42.757636,13.195885
,Norway,Oslo,59.911153,10.681307
Eston Hills,United Kingdom,Redcar and Cleveland,54.548391,-1.140701
万舟滑雪场,China,Inner Mongolia,39.504018,109.722605
星野リゾート 猫魔スキー場, Hoshino Resorts Nekoma Mountain,Japan,Fukushima Prefecture,37.603501,140.034025
,Sweden,Varmland,59.412721,13.511844
Fagerfjell Skisenter,Norway,Viken,59.829303,9.306217
Ålviksbacken,Sweden,Varmland,59.347362,13.143078
Bald Mountain (Dedham),United States,Maine,44.659436,-68.613293
,Finland,Satakunta,61.436470,22.055588
Espace Diamant,France,Haute-Savoie;Savoie,45.771978,6.536625
,Norway,Trøndelag,63.385559,10.480777
Foncine le Haut,France,Jura,46.657699,6.089511
,Germany,Bavaria,47.676046,13.069091
,Canada,Quebec,45.928780,-74.275837
,Austria,Lower Austria,48.793128,15.344742
,Russia,Tomsk,56.301371,85.420874
Imabetsu (今別スキー場),Japan,Aomori Prefecture,41.170419,140.465003
Czarnorzeki,Poland,Podkarpackie,49.743194,21.833956
,Germany,Bavaria,49.013102,13.171217
Villnöß,Italy,Bolzano/Bozen,46.637651,11.716919
Rotary-Pembina Nordic Community Trails South Trail System,Canada,Alberta,53.221185,-114.940126
,Canada,Ontario,45.348548,-75.593724
,Norway,Viken,59.504430,11.439028
,Canada,Quebec,46.750222,-71.361676
Etna Nord,Italy,Catania,37.788643,15.024338
Abell Ski Slope,United States,Massachusetts,42.219735,-70.988291
Smokey Mountain Ski Club,Canada,Newfoundland and Labrador,52.977947,-66.920940
Røldal Skisenter,Norway,Vestland,59.827833,6.729178
,Sweden,Vastmanland,59.723897,16.237166
Panarotta,Italy,Trento,46.051764,11.318940
,Sweden,Dalarna,60.638825,15.817541
,United States,California,37.690503,-119.591078
Sugar Mountain Resort,United States,North Carolina,36.128863,-81.860580
Powers Bluff,United States,Wisconsin,44.529770,-90.071754
,Slovakia,Presov,49.128079,20.058664
,Norway;Russia,Murmansk;Troms og Finnmark,69.041974,28.956398
Bryce Resort,United States,Virginia,38.813654,-78.766718
,United States,New York,42.611261,-77.999560
Ski Estes Park (Hidden Valley),United States,Colorado,40.393627,-105.634918
,Russia,Moscow Oblast,56.354321,37.568384
Masella,Spain,Barcelona;Girona,42.336090,1.902318
,United States,Oregon,43.996653,-121.525795
,Canada,Ontario,46.626187,-81.466457
,Sweden,Jonkoping,57.896670,14.063697
十種ヶ峰スキー場, Tokusagamine Ski Area,Japan,Shimane Prefecture,34.447455,131.694965
,Finland,Southern Savonia,61.651092,26.780449
Asbacken,Sweden,Vasternorrland,63.294620,18.688191
Candy Mountain Ski Area,Canada,Ontario,48.319031,-89.525184
マウントレースイスキー場, Mount Racey,Japan,Hokkaido Prefecture,43.046275,141.977662
猪苗代スキー場, Inawashiro Snow Paradise,Japan,Fukushima Prefecture,37.580775,140.090790
,Russia,Ulyanovsk,54.371628,48.540377
Mont des Allemands,Canada,Quebec,49.173790,-71.476360
Col du Fanget,France,Alpes-de-Haute-Provence,44.319387,6.343848
,Norway,Agder,58.768220,9.092684
,United States,Ohio,41.536999,-83.841665
Sattel-Hochstuckli,Switzerland,Schwyz,47.064442,8.655981
,Poland;Slovakia,Podkarpackie;Presov,49.418586,21.596452
,Sweden,Orebro,59.408537,15.020453
,Germany,Saxony,50.550467,12.631667
Przedszkole narciarskie,Poland,Świętokrzyskie Voivodship,50.834182,20.740085
,Italy,Bolzano/Bozen,46.832940,10.626550
Black River Basin,United States,Michigan,46.503732,-89.999283
,Czechia,Olomouc,49.492197,16.852551
Budzowski Wierch,Poland,Lesser Poland Voivodeship,49.285363,19.918617
,Norway,Trøndelag,63.280264,10.324218
,United States,Utah,40.610757,-111.587331
Hachmantai National (国設八幡平スキー場),Japan,Iwate Prefecture,39.953088,140.920702
Langenbruck,Switzerland,Basel-Country;Solothurn,47.343393,7.759754
Arena narciarska Jaworki Homole,Poland,Lesser Poland Voivodeship,49.400439,20.557520
,Finland,South Karelia,61.136676,28.087263
Bellows Falls Ski Tow,United States,Vermont,43.128312,-72.454402
,Latvia,Aglonas,56.136497,26.998415
,Spain,Huesca,42.781956,-0.429887
北京渔阳国际滑雪场, Beijing Yuyang International Ski Resort,China,Beijing;Hebei,40.072390,117.141444
Ashikuraji (芦峅寺スキー場),Japan,Toyama Prefecture,36.584914,137.400762
Regensberg,Switzerland,Zurich,47.474943,8.429961
Baeretswil,Switzerland,Zurich,47.332043,8.877998
,Germany,Baden-Württemberg,48.067163,8.815535
,Russia,Moscow Oblast,55.916241,38.127850
Гора Волчиха (Volchikha),Russia,Sverdlovsk,56.824184,59.997128
,Czechia,Hradec Králové,50.280334,16.449835
,Norway,Viken,60.541220,8.192629
,Norway,Viken,60.280558,8.873271
,Germany,Saxony,50.575590,13.097947
Gemeindealpe Mitterbach,Austria,Lower Austria,47.809718,15.260082
,United States,Oregon,44.414956,-121.867497
,Russia,Moscow City,55.598225,37.567110
Ski Ostružná - Řetězárna,Czechia,Olomouc,50.191222,17.033032
Malesco,Italy,Verbano-Cusio-Ossola,46.121544,8.501564
そっち岳スキー場, Shintotsukawacho Sotchidake,Japan,Hokkaido Prefecture,43.536512,141.797654
Завьялиха (Zavyalikha),Russia,Chelyabinsk,54.793093,58.535010
Hinode (上富良野町日の出),Japan,Hokkaido Prefecture,43.463087,142.481770
Cimone, Area sciistica Monte Cimone,Italy,Modena,44.211157,10.715489
,Canada,Ontario,45.387728,-75.186392
,United States,Wyoming,43.653268,-110.772489
,Norway,Troms og Finnmark,69.636902,29.821484
,Austria,Salzburg,47.607032,13.119003
,Germany,Rhineland-Palatinate,50.769915,7.748537
Veduchi,Russia,Chechnya,42.692124,45.568217
,United States,Wisconsin,44.347273,-89.809930
Snowland,United States,Utah,39.662601,-111.329620
Skarmoen Alpinpark Bodø,Norway,Nordland,67.326510,14.559466
Paoli Peaks,United States,Indiana,38.557778,-86.510278
,Sweden,Dalarna,60.089316,14.976769
Kanisbacken,Sweden,Norrbotten,65.666159,20.949790
Ritavalkean laskettelurinne,Finland,Lapland,66.800828,24.115299
Skiareál Větrný vrch,Czechia,Pardubice,50.133062,16.793728
Falköping Alpin,Sweden,Vastra Gotaland,58.171712,13.526097
Mark Arendz Provincial Ski Park at Brookvale,Canada,Prince Edward Island,46.280284,-63.409282
Ключи - Klyuchi,Russia,Novosibirsk,54.848892,83.235985
Windsor Snow Village (ウィンザースノービレッジ),Japan,Hokkaido Prefecture,42.591799,140.759634
Borowice,Poland,dolnoslaskie,50.788530,15.698727
Tiroler Zugspitz Arena Loipen, Tiroler Zugspitz Arena Nordic,Austria,Tyrol,47.416755,10.815708
,Norway,Agder,58.832129,8.175930
,Sweden,Jamtland,62.480666,13.919749
Naruko (鳴子スキー場),Japan,Miyagi Prefecture,38.737189,140.689421
,Germany,Saxony,50.574236,13.036587
,Russia,Moscow Oblast,55.421577,36.776706
Skilift Oberreifenberg,Germany,Hesse,50.234074,8.444879
,Germany,Bavaria,47.757928,11.822228
Oyster Bay,United States,New York,40.871997,-73.543346
,Canada,Saskatchewan,50.783313,-103.896487
Kayseri-Erciyes,Turkey,Kayseri,38.550677,35.492352
Boží Dar,Czechia,Karlovy Vary;Ústecký,50.412286,12.928781
South Burlington Kiwanis Ski Area,United States,Vermont,44.475334,-73.182110
Val d'Allos - La Foux,France,Alpes-de-Haute-Provence,44.301027,6.564289
Tarasp,Switzerland,Graubunden,46.774952,10.261516
Nordkette,Austria,Tyrol,47.292945,11.391044
,Finland,Kymenlaakso,60.693755,27.165519
Lester Park Golf Course,United States,Minnesota,46.851147,-91.998950
,Norway,Vestland,61.463385,7.190718
Волен (Volen),Russia,Moscow Oblast,56.275771,37.476679
女鹿平温泉めがひらスキー場, Megahiraonsen Megahira Ski Area,Japan,Hiroshima Prefecture,34.497147,132.134106
,Latvia,Ikšķile;Ogres,56.838105,24.561859
Bousquet Mountain,United States,Massachusetts,42.415266,-73.279157
,Norway,Troms og Finnmark,68.579655,16.673151
Münstertal-Wieden,Germany,Baden-Württemberg,47.843550,7.860071
,Norway,Viken,59.593120,11.139174
FQME Ski - Vallée Bras-du-Nord,Canada,Quebec,47.091760,-71.880955
Mielakan Rinnekeskus,Finland,Kymenlaakso,60.864176,26.737335
Beskid,Poland,Lesser Poland Voivodeship,49.565828,19.791193
,United States,Alaska,60.790091,-148.890408
,Germany,Thuringia,50.565609,11.109701
Great Glen Trails,United States,New Hampshire,44.293120,-71.227162
,Sweden,Jamtland,63.485476,13.236823
Cobble Hills Golf & Ski Club,Canada,Ontario,43.108941,-81.064725
Manza Onsen (万座温泉スキー場),Japan,Gunma Prefecture,36.636893,138.510310
,Romania,Maramureş County,47.604297,24.845840
La Thuile ski,France;Italy,Savoie;Valle D'Aosta,45.694997,6.924641
Ян (Yan),Russia,Tatarstan,54.966606,52.353605
Курбановская,Russia,Perm,57.854039,56.269234
Globoki Klanec,Slovenia,Drava,46.475667,16.094528
White Track,Canada,Saskatchewan,50.579042,-105.390107
九重森林公園スキー場, Kuju Forest Park,Japan,Oita Prefecture,33.098048,131.184030
Martinské Hole,Slovakia,Zilina,49.094453,18.826656
Davraz Dağı,Turkey,Isparta,37.771014,30.749874
Ordino-Arcalis,Andorra,Ordino,42.628312,1.488930
,France,Savoie,45.852185,6.499324
Methow Trails,United States,Washington,48.539212,-120.305062
Mittenwald - Kranzberg,Germany,Bavaria,47.450473,11.239654
Ullr,United States,Wisconsin,43.703549,-88.044195
,Germany,Baden-Württemberg,47.898536,8.351319
Bystré,Czechia,Pardubice,49.642654,16.372651
,Austria,Styria,47.054165,14.535528
Middlebury College Snow Bowl,United States,Vermont,43.931895,-72.955421
,Russia,Moscow Oblast,55.298323,38.774187
Bugnenets-Savagnières,Switzerland,Bern;Neuchatel,47.122512,7.016693
Casper Nordic Center,United States,Wyoming,42.741967,-106.311512
,Germany,Baden-Württemberg,47.989028,8.853913
Louekeskus,Finland,Northern Ostrobothnia,63.914015,24.328812
Jonavos slidinėjimo centras,Lithuania,Kaunas,55.077155,24.266707
Mavrovo,North Macedonia,Mavrovo and Rostusa Municipality,41.648032,20.736179
,Sweden,Uppsala,59.915683,17.711237
Урал (Подснежник), Ural (Podsnejnik),Russia,Perm,57.939324,56.229265
La Berra,Switzerland,Fribourg,46.678332,7.166617
,Norway,Møre and Romsdal,62.498172,8.795954
,United States,Wyoming,43.488817,-110.956333
,Ukraine,Lviv,49.846029,24.055926
The Heights Ski & Country Club,Canada,Ontario,44.552347,-79.683321
,Germany,Saxony,50.546887,12.928462
Amut Snow Lake,Russia,Khabarovsk,50.818547,136.399701
Alpine Lake,United States,West Virginia,39.463698,-79.494925
,Finland,Southern Ostrobothnia,62.996002,23.053942
,Finland,Uusimaa,60.490402,23.925322
Waldstetten,Germany,Baden-Württemberg,48.728205,9.830126
Franconia Village XC Ski Center,United States,New Hampshire,44.191918,-71.741955
Χιονοδρομικό Κέντρο Παρνασσού, Parnassos Ski Centre,Greece,Central Greece,38.551903,22.591398
清凉山滑雪场,China,Hebei,38.070018,114.014464
,Slovakia,Zilina,49.264877,19.644664
Le Champ du Feu,France,Bas-Rhin,48.407461,7.263699
Alpine World (Oss),Netherlands,North Brabant,51.752859,5.558127
Forni di Sopra,Italy,Udine,46.439891,12.566133
,Norway,Trøndelag,63.513798,10.844333
,United States,Vermont,43.495947,-72.754643
,Sweden,Dalarna,60.654036,15.085768
,Sweden,Vasterbotten County,65.361349,18.589652
Ostrelj Bosanski Petrovac,Bosnia and Herzegovina,Una-Sana,44.482091,16.411781
,Sweden,Jamtland,63.215159,14.627606
,United States,Washington,47.251192,-121.324986
La Loge des Gardes,France,Allier,46.003803,3.798578
,Russia,Nizhny Novgorod,55.980099,43.015463
スノークルーズオーンズ, Snowcruse ONZE, すのーくるーずおーんず,Japan,Hokkaido Prefecture,43.144217,141.127558
Big Powderhorn Mountain Resort,United States,Michigan,46.507327,-90.091622
Mýto ski & bike,Slovakia,Banska Bystrica,48.840675,19.618435
Zebegényi sí- és jégpálya,Hungary,Pest,47.821100,18.899989
,Sweden,Jonkoping,57.658063,14.763281
,United States,New Hampshire,42.784895,-71.631548
,Germany,Hesse,50.547080,9.043740
,Poland,Silesian Voivodeship,49.419613,19.044952
Bridger Creek Golf Course Nordic Ski Trails,United States,Montana,45.709536,-111.028810
,Slovakia,Kosice,48.887839,20.475679
,Sweden,Norrbotten,65.865985,23.159598
,Czechia,Hradec Králové,50.594655,15.841314
,Switzerland,Bern,46.438774,7.558263
Skilift Riedlberg,Germany,Bavaria,49.099335,13.071480
,Slovakia,Banska Bystrica,48.724943,19.034108
西部长青滑雪场,China,Hebei,38.028325,114.292585
,Estonia,Hiiu,58.990076,22.800206
,Canada,British Columbia,54.058485,-123.170682
,Norway,Vestfold og Telemark,59.780958,8.601986
,Czechia,Moravian-Silesian,49.857875,17.966173
Grand Ballon,France,Haut-Rhin,47.896534,7.111565
Fox Run Nordic Center,United States,Vermont,43.415778,-72.701647
,Sweden,Vasternorrland,62.549912,15.608644
,Slovakia,Zilina,49.254777,19.244229
,Hungary,Borsod-Abauj Zemplen,48.124477,21.382928
Skihang am Poppenberg in Brilon,Germany,North Rhine-Westphalia,51.379791,8.567975
,Sweden,Jamtland,62.691164,12.864538
Müsella – La Punt,Switzerland,Graubunden,46.571709,9.930234
Afton Alps,United States,Minnesota,44.853943,-92.787086
,United States,Washington,48.380152,-119.900328
,United Kingdom,Ceredigion,52.166952,-4.450556
,Italy,Valle D'Aosta,45.833661,7.819529
,Finland,Central Finland,61.758657,26.124568
Bear Notch Ski Touring Center,United States,New Hampshire,44.075286,-71.293090
Saint-Paul-sur-Ubaye,France,Alpes-de-Haute-Provence,44.516813,6.757562
Mount Jefferson Ski Area,United States,Maine,45.354609,-68.283262
Skyline,United States,Wisconsin,43.980958,-89.820099
,Japan,Iwate Prefecture,39.397545,140.772040
Stacja Narciarska Kazimierz Dolny,Poland,Lubelskie,51.336189,21.979787
,Russia,Vladimir,56.102938,40.313595
,Norway,Agder,58.570290,7.794429
OM Santa Forest (オム・サンタの森スキー場),Japan,Toyama Prefecture,36.524803,136.984273
,Canada,Quebec,45.743088,-73.786861
,Germany,Rhineland-Palatinate,50.387268,7.068253
Boyne Mountain,United States,Michigan,45.164969,-84.943524
,Germany,Hesse,50.646068,8.221978
Kokusetsu Shimukappu Central (国設占冠中央スキー場),Japan,Hokkaido Prefecture,42.974463,142.394909
,Norway,Trøndelag,62.917746,11.162604
Whitetail Ridge,United States,Wisconsin,44.021775,-90.721584
,Sweden,Vasterbotten County,64.154921,20.968267
,Russia,Khanty-Mansi,61.264255,73.331498
,United States,New York,44.221680,-74.812683
,Canada,British Columbia,50.503523,-116.091409
Le Frenz,France,Haut-Rhin,47.924667,6.950387
,Sweden,Dalarna,60.475806,15.333994
,Ukraine,Zakarpattia,48.774969,23.120327
,Italy,Bolzano/Bozen,47.053244,12.137283
Ski Valley,United States,Indiana,41.615346,-86.824565
Massanutten Resort,United States,Virginia,38.397854,-78.760483
Bogdán - Parajd,Romania,Harghita,46.585117,25.243664
Canoe Mountain Resort,Canada,British Columbia,52.737851,-119.251099
Vatra Dornei,Romania,Suceava,47.332138,25.341290
大青山太伟滑雪场,China,Inner Mongolia,40.949861,111.817414
Mont Pontbriand,Canada,Quebec,46.059444,-73.740149
Malá Úpa,Czechia,Hradec Králové,50.735348,15.821878
,Russia,Murmansk,68.891053,32.993885
,Norway,Viken,60.010863,9.933368
,Norway,Innlandet,60.139280,11.803980
,United States,Washington,47.312617,-120.541587
Polar Peak Ski Bowl,United States,New York,42.125527,-73.696038
,Russia,Moscow Oblast,55.606252,37.904400
,Switzerland,Aargau,47.442575,8.040396
Garessio 2000,Italy,Cuneo,44.209840,7.934680
斑尾高原スキー場, Madarao Kogen Mountain Resort,Japan,Nagano Prefecture;Niigata Prefecture,36.846746,138.278784
,Germany,Bavaria,47.895102,11.704460
Gromadzyń,Poland,Podkarpackie,49.423851,22.599713
Bromley Mountain Ski Resort,United States,Vermont,43.220099,-72.937954
,Norway,Agder,58.316533,7.442989
,Russia,Moscow Oblast,56.002617,38.412041
,Canada,Quebec,45.971092,-74.066450
,Norway,Vestland,59.848906,5.490492
,United States,Washington,47.184334,-120.591286
,Russia,Chelyabinsk,56.042769,60.193808
,Italy,Trento,46.311237,11.670307
,Finland,North Karelen,62.637356,29.660047
,Hungary,Budapest,47.513498,19.009549
スノーパーク尾瀬戸倉, Snow Park Oze Tokura,Japan,Gunma Prefecture,36.851030,139.244261
,Russia,Moscow Oblast,55.721802,36.974532
,Finland,Southern Ostrobothnia,62.646176,22.370378
Schilpario,Italy,Bergamo,46.005381,10.162383
Ski Rio,United States,New Mexico,36.864446,-105.449953
,Russia,Moscow City;Moscow Oblast,55.670204,37.378627
,Germany,Bavaria,49.806211,11.491033
Valtournenche,Italy,Valle D'Aosta,45.898769,7.658738
,United States,Idaho,43.732202,-114.297855
,Russia,Kemerovo,53.661678,88.087090
Neukirchen am Teisenberg,Germany,Bavaria,47.824566,12.755642
Mark Valley,Canada,Manitoba,51.239727,-101.520624
Tehvandi Snowpark,Estonia,Valga,58.048929,26.517880
Северный Склон,Russia,Leningrad,60.155179,30.548562
,Finland,Pirkanmaa,62.017163,23.038045
Woodstream,United States,New York,42.472073,-75.084450
,Germany,Baden-Württemberg,48.206443,8.342619
,Sweden,Dalarna,60.168788,15.208460
Hochkar,Austria,Lower Austria,47.710700,14.901300
Stacja Narciarska Kaniówka, Kaniówka Ski Station,Poland,Lesser Poland Voivodeship,49.364520,20.101031
White Pine Resort,United States,Wyoming,42.972995,-109.751018
Sagawau Nordic,United States,Illinois,41.689235,-87.925751
,Switzerland,Lucerne;Schwyz,47.029872,8.503615
,Canada,British Columbia,51.404982,-116.534367
Turville Point Conservation Park Ski Trails,United States,Wisconsin,43.050938,-89.372755
,Germany,Bavaria,47.657910,10.194248
,Norway,Innlandet;Vestland,61.156842,8.031064
Skigebiet Fontanella-Faschina,Austria,Vorarlberg,47.270484,9.897031
Czerwony szlak,Poland,Podkarpackie,49.436417,22.563404
Utoro Ski Field (ウトロ東 スキー場),Japan,Hokkaido Prefecture,44.066108,145.004434
,Germany,Baden-Württemberg,48.124879,9.092188
,Russia,Pskov,56.040058,29.927256
,Italy,Cuneo,44.700425,7.113870
Gråkallparken,Norway,Trøndelag,63.420858,10.270542
,Norway,Innlandet,61.762150,9.700363
Plymouth ski and snowboard center,United Kingdom,Plymouth,50.397456,-4.092263
Bovegno - Collio,Italy,Brescia,45.799983,10.337702
Menthières,France,Ain,46.167828,5.852585
Kinsmen Park cross country ski trails,Canada,Saskatchewan,50.424166,-104.632598
,Sweden,Jamtland,62.290523,13.379009
拾雪川滑雪场,China,Hebei,40.972726,115.320517
,Ukraine,Lviv,48.980562,23.276213
,Bulgaria,Lovech,42.786806,24.624554
Lake Catamount,United States,Colorado,40.341834,-106.797581
,Latvia,Aluksnes,57.411864,27.078485
San Ramón,Chile,Metropolitana,-33.485863,-70.438778
,United States,Washington,47.185771,-121.274900
Troll Resort,Canada,British Columbia,53.077805,-121.943455
,Finland,Pirkanmaa;Satakunta,61.626103,23.354509
Nassfeld, Mokrine,Austria;Italy,Carinthia;Udine,46.573006,13.268285
,United States,Wyoming,43.759886,-111.033607
Malá Lučivná - Magura,Slovakia,Zilina,49.212134,19.163435
Vihti Ski Center,Finland,Uusimaa,60.376293,24.368831
Paloisvuori,Finland,Northern Savonia,63.561493,27.243880
Rezovačke Krčevine Bilogora,Croatia,Viroviticko-podravska,45.782888,17.401318
,Germany,Baden-Württemberg,47.842598,7.919809
,United States,Alaska,60.786966,-149.190896
,France,Alpes-Maritimes,43.774951,6.746351
Baulmes,Switzerland,Vaud,46.780622,6.475238
志賀高原 蓮池スキー場, Shiga Kogen Hasuike Ski Area,Japan,Nagano Prefecture,36.714212,138.492513
Piancavallo,Italy,Pordenone,46.108317,12.502404
Sollifjellet alpinsenter,Norway,Troms og Finnmark,68.803924,16.396641
,United States,New York,44.157942,-73.951726
,Norway,Nordland,68.160763,13.696129
,Sweden,Dalarna,60.848307,13.380115
,Germany,North Rhine-Westphalia,51.187729,8.440532
Al'mir Shargol,Russia,Khabarovsk,50.711328,137.302469
,Finland,Southern Savonia,61.512408,27.257523
,Czechia,Hradec Králové,50.415649,16.187701
Petrovičky - Mladkov,Czechia,Pardubice,50.105563,16.623001
Homestake Lodge & Ski Area,United States,Montana,45.905119,-112.387798
小野川温泉スキー場, Onogawa Onsen,Japan,Yamagata Prefecture,37.878229,140.061253
Prali,Italy,Turin,44.877377,7.040623
Mount Blackstrap,Canada,Saskatchewan,51.778648,-106.443443
Daltrøa alpinbakke,Norway,Trøndelag,63.503965,11.071223
Jalovec,Czechia,Vysocina,49.273548,15.753897
,Latvia,Preilu,56.287596,26.734153
晋公山滑雪场,China,Shaanxi,35.522054,110.259136
Holiday Valley,United States,New York,42.259814,-78.673690
Szrenica Ski Arena,Poland,dolnoslaskie,50.809995,15.513725
,Slovakia,Trenciansky kraj,48.779224,17.997588
Four Seasons Ski Center,United States,New York,43.035788,-75.972176
,United States,Washington,46.143474,-122.157047
,Canada,Quebec,45.563423,-73.563112
Жебреи,Russia,Perm,57.932567,56.658886
Mineral King,United States,California,36.446625,-118.594236
,United States,Minnesota,47.415633,-94.938191
Dalirnir tveir,Iceland,Westfjords,66.059291,-23.243994
,Norway,Innlandet,60.721869,11.374920
,Finland,Kymenlaakso,60.514901,26.989952
Vertigo Aventures,Canada,Quebec,48.770947,-66.911757
Riihivuori Resort,Finland,Central Finland,62.109889,25.693717
,Ukraine,Zakarpattia,48.546768,23.599419
Skigebiet Eckbauer,Germany,Bavaria,47.474686,11.126910
Domaine Skiable Saint-Léger-Les-Mélèzes,France,Hautes-Alpes,44.644715,6.218262
Mount McKay,Canada,Ontario,48.343586,-89.301510
,Russia,Moscow Oblast,55.918229,37.352512
Sillian - Hochpustertal,Austria,Tyrol,46.767076,12.412364
,Latvia,Liepaja,56.516790,21.035257
二本松塩沢スキー場, Nihonmatsu Shiozawa,Japan,Fukushima Prefecture,37.638764,140.329800
Stacja narciarska Horników wierch,Poland,Lesser Poland Voivodeship,49.365506,20.099617
,Sweden,Varmland,59.610946,13.903768
,Norway,Vestfold og Telemark,59.842329,8.391244
Sattelberg,Austria,Tyrol,47.033631,11.474104
,Norway,Vestfold og Telemark,59.089002,9.676570
,Spain,Lleida,42.418873,1.270456
Debrník,Czechia,Plzeň,49.128172,13.235303
,Finland,Pirkanmaa,61.484374,23.551880
Ośrodek Narciarski Kurza Góra,Poland,Warmian-Masurian Voivodeship,53.397866,19.588591
Sunnfjord Skisenter,Norway,Vestland,61.472632,5.739510
,Finland,Ostrobothnia,63.809907,22.768991
Roberts Farm Preserve,United States,Maine,44.211277,-70.559877
大曲ファミリースキー場, Omagari Family Ski Area,Japan,Akita Prefecture,39.441900,140.430541
La Pinilla,Spain,Guadalajara;Segovia,41.193033,-3.474692
,Russia,Moscow City,55.710584,37.534863
Murray Ridge,Canada,British Columbia,54.524867,-124.200396
پیست اسکی دیزین, Dizin Ski Resort,Iran,Alborz;Tehran,36.033452,51.417551
Unterstmatt,Germany,Baden-Württemberg,48.627690,8.205671
Skiareál Špindlerův Mlýn - Medvědín,Czechia;Poland,Hradec Králové;Liberec;dolnoslaskie,50.733692,15.584850
,Russia,Novosibirsk,54.875213,83.169888
Stavadalen skisenter,Norway,Innlandet,60.842818,9.397504
,Norway,Viken,59.499543,10.005020
,Germany,North Rhine-Westphalia,51.212550,8.682824
横根スキー場, Yokone,Japan,Yamagata Prefecture,38.069918,139.728672
Chaux-Neuve,France,Doubs,46.672804,6.138476
Emeishan,China,Sichuan,29.544680,103.329008
,Russia,Khabarovsk,48.600436,135.045362
Finland Air base,United States,Minnesota,47.456068,-91.232100
,Slovakia,Banska Bystrica,48.553100,19.535164
Battle Creek Park,United States,Minnesota,44.938253,-93.012142
,Sweden,Uppsala,60.175963,18.149689
Nozawa Onsen Hokuryuko (いいやま北竜温泉ファミリースキー場),Japan,Nagano Prefecture,36.911423,138.424414
Casone di Profecchia,Italy,Lucca,44.210515,10.445956
Манжерок (Manzherok),Russia,Gorno-Altay,51.814814,85.811220
Galibier-Thabor,France,Savoie,45.165066,6.465684
Pine Tree,Canada,Newfoundland and Labrador,48.572518,-58.695831
Greenbush Ski Trails,United States,Wisconsin,43.743548,-88.110941
Eagle Mountain,United States,Minnesota,45.825570,-94.670198
Rittner Horn - Corno del Renon,Italy,Bolzano/Bozen,46.589098,11.452038
Snowflake Nordic Ski Center,United States,Minnesota,46.832262,-92.136805
Røros Alpinsenter Hummelfjell,Norway,Innlandet,62.478460,11.237655
Sainte-Anne la Condamine,France,Alpes-de-Haute-Provence,44.460673,6.710611
Larche,France,Alpes-de-Haute-Provence,44.431994,6.868451
,Italy,Valle D'Aosta,45.568146,7.117241
Poniwiec,Czechia;Poland,Moravian-Silesian;Silesian Voivodeship,49.691214,18.788112
,Croatia,Primorsko-goranska,45.307968,14.842364
,United Kingdom,Surrey,51.373285,-0.365235
,Sweden,Vastra Gotaland,58.923322,11.905346
Podobovets,Ukraine,Zakarpattia,48.671374,23.273799
,Germany,North Rhine-Westphalia,51.221993,8.615878
Ski areál Palkovice,Czechia,Moravian-Silesian,49.625272,18.315683
Visperterminen,Switzerland,Valais,46.252442,7.928561
,Germany,Bavaria,47.705371,11.866900
,Canada,Quebec,46.008120,-74.239084
,Germany,Saxony,50.659156,13.409523
,Germany,Bavaria,47.774791,11.234803
,Finland,Southwest Finland,60.385991,23.194030
,Germany,Bavaria,47.769671,10.931819
Springhill,Canada,Manitoba,49.962492,-96.981600
Lake Eden,Canada,Alberta,53.581044,-114.165784
,Germany,Rhineland-Palatinate,49.642465,7.020203
,Canada,Quebec,45.954890,-74.919060
,United States,Connecticut,41.753858,-72.849051
,Finland,Uusimaa,60.611941,26.168992
,Finland,Ostrobothnia,63.095451,21.682748
Ski Butternut,United States,Massachusetts,42.178748,-73.318040
,Sweden,Vastmanland,59.816473,16.628195
Bitz,Germany,Baden-Württemberg,48.253677,9.098865
,Austria,Salzburg,47.929767,13.075978
,Canada,Quebec,46.416264,-74.815510
Rudno,Slovenia,Upper Carniola,46.237409,14.166930
Aurora Nordic Ski Club Cross Country Ski Trails,Canada,Newfoundland and Labrador,51.399688,-55.590563
Javorový Vrch,Czechia,Moravian-Silesian,49.632645,18.635762
Waakirchen (Häuserdörfl, Reichersbeuern, Sachsenkam, Piesenkam, Schaftlach, Gmund Am Tegernsee),Germany,Bavaria,47.779859,11.666467
Holiday Mountain,United States,New York,41.627665,-74.610729
,Germany,Baden-Württemberg,48.793564,8.602978
Pietkiewiczówka,Poland,dolnoslaskie,50.822072,15.521715
,Italy,Bergamo,46.011695,10.181983
Ski Montcalm,Canada,Quebec,46.040830,-73.814713
,United States,New York,43.657562,-74.062918
Hodkovice nad Mohelkou - Buřín,Czechia,Liberec,50.681412,15.091113
Olos Ski Resort,Finland,Lapland,67.928136,23.809337
Ax 3 Domaines,France,Ariège,42.720269,1.839719
Copper Falls State Park Winter Trails,United States,Wisconsin,46.363459,-90.647830
Mount Timothy,Canada,British Columbia,51.908220,-121.253015
,Finland,Southern Ostrobothnia,62.795644,22.923222
,United States,Wisconsin,46.357337,-90.990704
Горнолыжная база Кашка-Суу, Kashka Suu ski resort,Kyrgyzstan,Chuy,42.636795,74.522829
,Sweden,Jamtland,63.251628,14.569777
Manistee / Big M,United States,Michigan,44.192966,-86.067596
See & Ski,United States,Wisconsin,43.317778,-89.540033
Thollon-les-Memises,France,Haute-Savoie,46.388889,6.699722
Beaver Valley,Canada,Ontario,44.356360,-80.551241
Estación Invernal y de Montaña San Isidro (Sector Cebolledo y Requejines),Spain,Leon,43.039239,-5.391643
,Finland,Satakunta,61.602258,22.598055
Monte Amiata,Italy,Grosseto;Siena,42.900000,11.633333
Lincolnshire Resort,United States,Illinois,42.193715,-87.924104
Hagenberg,Austria,Vorarlberg,47.532255,9.890399
,Germany,Baden-Württemberg,47.703103,9.963542
Caribou High School Hill,United States,Maine,46.861108,-68.035465
,Norway,Nordland,66.078928,12.829085
Alpalouka,Czechia,Plzeň,49.156176,13.231781
,Finland,Uusimaa,60.491842,24.791245
Intermont,United States,New York,42.639294,-76.003160
Clarkson 7 Springs,United States,New York,44.579953,-74.860067
Шиловcкие горки,Russia,Perm,57.915828,55.912364
,Norway,Møre and Romsdal,63.063768,7.834392
Pischa,Switzerland,Graubunden,46.806238,9.908266
Lake Mountain,Australia,Victoria,-37.511717,145.874298
Col du Champet,France,Savoie,45.459322,6.223558
,Canada,Quebec,45.951575,-74.078324
Sheltered Valley,United States,Wisconsin,45.810914,-89.026594
,Austria,Tyrol,47.534157,10.641262
,Finland,Tavastia Proper,61.056209,24.350065
,Germany,Baden-Württemberg,47.833223,8.429954
,Finland,Ostrobothnia,63.762824,22.743783
,Slovakia,Presov,49.144931,20.438002
,Germany,Hesse,49.562190,8.991298
,Russia,Moscow City,55.652351,37.781463
鷲ヶ岳スキー場, Washigatake Ski Area,Japan,Gifu Prefecture,35.944056,136.929284
後三年スキー場, Gosannen Ski Area, ごさんねんすきーじょう,Japan,Akita Prefecture,39.361000,140.547652
Ånstadblåheia skitrekk,Norway,Nordland,68.714876,15.318869
栗子国際スキー場, Kuriko International Ski & Resort,Japan,Fukushima Prefecture;Yamagata Prefecture,37.826926,140.256328
,Latvia,Madonas,56.877725,25.979116
Le Sauze 1400 / Le Super-Sauze 1700,France,Alpes-de-Haute-Provence,44.352739,6.696755
,Estonia,Ida-Viru,59.394456,28.164890
Duck Lake,United States,Colorado,39.577477,-105.727803
Obersalzberg,Germany,Bavaria,47.635899,13.038454
,Germany,Saxony,50.879889,14.704483
La Forclaz,Switzerland,Valais,46.090733,7.524715
Július,Slovakia,Kosice,48.782931,20.345323
,Czechia;Germany,Bavaria;Plzeň,49.751532,12.400140
,Norway,Vestland,61.475229,6.128234
,United States,Michigan,44.237750,-86.258902
Mount Telemark Village,United States,Wisconsin,46.188011,-91.255870
,Russia,Novosibirsk,54.982863,83.047424
,Finland,North Karelen,62.542536,29.827583
,Russia,Saint Petersburg,60.076531,30.283872
,Russia,Vladimir,56.319775,41.286865
Huckins Hill,United States,New Hampshire,43.775215,-71.674461
,Russia,Tatarstan,55.801544,52.418151
Rosswald,Switzerland,Valais,46.309956,8.057819
Krpáčovo,Slovakia,Banska Bystrica,48.867531,19.547406
,Sweden,Norrbotten,66.042392,17.855001
,Finland,Kainuu,65.447791,29.548652
,Sweden,Vasternorrland,62.466361,17.316735
Unterbäch - Eischoll,Switzerland,Valais,46.270560,7.778685
4 Vallées – Verbier/La Tzoumaz/Nendaz/Veysonnaz/Thyon,Switzerland,Valais,46.124223,7.268922
,Finland,Southern Ostrobothnia,62.724804,22.217012
,Canada,Quebec,46.261018,-74.754225
Wapiti Nordic Ski Trails,Canada,Alberta,55.083368,-118.818023
Nollen,Switzerland,Zug,47.124386,8.556048
,United States,Wyoming,43.461046,-110.801814
Gålå Alpinsenter,Norway,Innlandet,61.497565,9.753953
,Canada,Quebec,45.861474,-74.147766
Bichl - Benediktbeurn Loipen,Germany,Bavaria,47.711405,11.423903
,Russia,Nizhny Novgorod,56.213173,43.351823
Okemo Mountain,United States,Vermont,43.411539,-72.730504
Kochel am See,Germany,Bavaria,47.666754,11.387281
Wirzweli,Switzerland,Nidwalden,46.910923,8.363434
Manning Ski Hill,Canada,Alberta,56.988745,-117.493608
Prachatice - Libín,Czechia,South Bohemian,48.974390,13.989561
,Germany,Hesse,51.304940,9.359641
Britannia,Canada,Ontario,45.291811,-79.076908
Tärmaby,Sweden,Vasterbotten County,65.718996,15.276969
Crystella Ski Hill,United States,Michigan,46.092691,-88.340818
Kalič,Slovenia,Littoral–Inner Carniola,45.780488,14.272116
Maple Ski Ridge,United States,New York,42.815968,-74.033537
嵩顶滑雪场,China,Henan,34.532974,112.998263
Formigal,Spain,Huesca,42.774453,-0.406787
Snow Farm,New Zealand,Otago Region,-44.879040,169.104297
Tukino Skifield,New Zealand,Waikato Region,-39.278802,175.601359
,France,Vosges,48.056767,6.888961
,Norway,Innlandet,62.373234,11.112508
Osceola Tug Hill XC Center,United States,New York,43.499836,-75.706081
,Sweden,Dalarna,60.712466,14.993625
,Finland,North Karelen,62.340506,29.776728
Velika planina,Slovenia,Central Slovenia,46.298697,14.652689
Triangle Sports Area,United States,Wisconsin,44.510978,-87.950010
,Russia,Komi,66.037850,60.067316
Lifjell Skisenter,Norway,Vestfold og Telemark,59.475648,9.037799
,Norway,Viken,60.230453,11.533126
,Russia,Sverdlovsk,56.810248,60.664452
Shin Tokura (新戸倉スキー場),Japan,Hyogo Prefecture,35.294441,134.560241
,Sweden,Vastra Gotaland,58.803301,12.414729
,Norway,Trøndelag,62.589533,9.717135
Mariánská Hora,Czechia,Liberec,50.770401,15.279354
茶臼山高原スキー場, Chausuyama Kogen Ski Area,Japan,Aichi Prefecture;Nagano Prefecture,35.217360,137.656651
Mount Hehuan,Taiwan,Nantou,24.142500,121.271390
,Finland,Southern Ostrobothnia,62.756280,23.522901
Plattekill Mountain Ski Area,United States,New York,42.290031,-74.650681
,Norway,Vestfold og Telemark,59.352555,7.809009
Primeros Pinos,Argentina,Neuquen,-38.870591,-70.580002
,Norway,Vestland,60.536306,6.087870
Kompleks narciarski Winterpol w Karpaczu,Poland,dolnoslaskie,50.768976,15.732189
,Russia,Arkhangelsk,64.511629,40.700440
Vestvatnlia alpinanlegg,Norway,Nordland,67.075145,14.959885
Baker Mountain,United States,Colorado,40.376085,-106.600296
,Finland,Lapland,68.842704,28.335537
白馬白馬岩岳, Hakuba Iwatake, 白馬岩岳,Japan,Nagano Prefecture,36.724627,137.845738
,Latvia,Jurmala,56.971428,23.759254
Sunset Lodge,United States,Idaho,44.635162,-111.324259
Berkshire East Ski Resort,United States,Massachusetts,42.616512,-72.872566
,Russia,Chuvash,55.501438,47.483014
Zawoja,Poland,Lesser Poland Voivodeship,49.666667,19.566667
,Germany,Baden-Württemberg,47.717867,7.936840
,Canada,British Columbia,49.926260,-116.974915
Xueye,China,Shandong,36.431439,117.571882
,Germany,Baden-Württemberg,48.130048,8.146632
Ski Králičák,Czechia,Olomouc,50.174077,16.902091
,Russia,Moscow City,55.491237,37.279399
Mont Plante,Canada,Quebec,46.040472,-74.193506
,Sweden,Gavleborg,61.360623,15.787847
,Finland,Lapland,66.588472,25.607078
Hudson Bay Mountain,Canada,British Columbia,54.770237,-127.261482
Cambasi,Turkey,Ordu,40.635031,37.939607
,Norway,Nordland;Troms og Finnmark,68.542648,17.347330
,Russia,Leningrad,59.383125,28.586911
林山滑雪场,China,Shandong,37.028493,121.120012
Ebenalp-Horn,Switzerland,Appenzell Innerrhoden,47.288205,9.413753
Универская,Russia,Perm,57.992820,56.188381
Macugnaga - Belvedere,Italy,Verbano-Cusio-Ossola,45.968100,7.933634
,United States,New York,42.113276,-78.695795
Chadds Peak,United States,Pennsylvania,39.869893,-75.614798
,Estonia,Harju,59.378256,25.199744
La Croix de Bauzon,France,Ardèche,44.622192,4.083349
,Germany,Baden-Württemberg,48.062053,9.134022
,Germany,Baden-Württemberg,48.429140,9.433327
Hoch-Imst,Austria,Tyrol,47.250686,10.694200
,Germany,Baden-Württemberg,49.376587,9.122456
Lipki,Poland,Lesser Poland Voivodeship,49.292284,19.944107
Sahalie Ski Club,United States,Washington,47.431376,-121.416635
Niederthai,Austria,Tyrol,47.125310,10.967181
Vuokatinrinteet,Finland,Kainuu,64.130770,28.271218
,Slovenia,Central Slovenia,46.032213,14.589349
Fuchsmoos,Austria,Tyrol,47.129263,10.685797
Seli,Greece,Central Macedonia,40.530530,22.008464
,Finland,Pirkanmaa,61.668260,24.335867
Shakotan Town (積丹町野外スポーツ林スキー場),Japan,Hokkaido Prefecture,43.292173,140.602897
,Canada,Alberta,54.106755,-111.363116
,Russia,Moscow City,55.627781,37.543379
Haukkavuoren laskettelurinne,Finland,Kymenlaakso,60.718672,26.409433
,Finland,Pirkanmaa,61.550296,22.928676
,Germany,Baden-Württemberg,47.874385,8.243512
Jug End,United States,Massachusetts,42.147846,-73.451264
,Czechia,Ústecký,50.626487,13.592274
,Norway,Innlandet,61.900997,10.216630
Madawaska (Nordic Ski and Recreational Trail Network),Canada,Ontario,45.279225,-76.784992
,Germany,Bavaria,48.967369,12.873852
Buckaloons,United States,Pennsylvania,41.848529,-79.315538
Eagle River High School Cross Country Ski Trails,United States,Alaska,61.296812,-149.574566
Dębowiec,Poland,Silesian Voivodeship,49.786557,19.016362
Woodward,United States,Utah,40.751839,-111.584298
Missaukee Mountain,United States,Michigan,44.392296,-85.227916
Mount Cain Alpine Park,Canada,British Columbia,50.223230,-126.346750
,Norway,Vestfold og Telemark,59.234760,9.598228
,United States,Montana,45.706844,-111.096071
,Switzerland,Graubunden,46.674755,8.760993
,Finland,Northern Ostrobothnia,64.237285,23.830365
Les Contamines,France,Haute-Savoie;Savoie,45.791279,6.685570
Sternenberg,Switzerland,Zurich,47.385723,8.913295
,Russia,Ulyanovsk,54.313571,48.410585
Classe Hotel Snowpark (札幌 北広島クラッセホテル),Japan,Hokkaido Prefecture,42.971030,141.528420
,Poland,Lesser Poland Voivodeship,49.526693,21.344672
ほうのき平スキー場, Honokidaira Ski Area,Japan,Gifu Prefecture,36.169377,137.492016
Sörenberg,Switzerland,Lucerne;Obwalden,46.808615,8.038596
Cranmore Mountain Resort,United States,New Hampshire,44.059577,-71.102470
Sun Valley - Dollar Mountain,United States,Idaho,43.683414,-114.343120
,Norway,Trøndelag,62.573679,9.569842
Комета (Kometa),Russia,Primorsky,43.208839,132.078242
,Finland,Satakunta,61.498092,21.927432
Riekstukalns,Latvia,Baldones,56.774765,24.401940
,Norway,Møre and Romsdal,62.969023,8.893260
Skigebiet Ochsenkopf,Germany,Bavaria,50.032513,11.809996
Ylläs,Finland,Lapland,67.578051,24.224874
Beaver Meadows,United States,Colorado,40.841249,-105.653501
,Finland,South Karelia,60.870863,28.307679
金帝顺滑雪场,China,Qinghai,37.029926,101.810397
,Norway,Oslo;Viken,59.819650,10.957638
,Czechia,Hradec Králové,50.710573,15.696007
,Norway,Innlandet,60.967040,10.108550
氷ノ山国際スキー場, Hyounosen Kokusai Ski Resort,Japan,Hyogo Prefecture,35.363180,134.529834
Hedeland Skicenter,Denmark,Capital,55.627454,12.174371
谷克德滑雪场,China,Sichuan,27.925716,102.542121
Plain Valley Ski Trails,United States,Washington,47.749638,-120.660782
,Italy,Lucca;Modena,44.224883,10.490554
La Grave,France,Hautes-Alpes;Isère,45.019481,6.277115
Cornimont,France,Vosges,47.987004,6.887515
Skicentrum Drechtsteden,Netherlands,South Holland,51.817859,4.748447
Maverick Mountain Ski Area,United States,Montana,45.434057,-113.127680
,Norway,Vestfold og Telemark,59.157582,9.003007
,Estonia,Põlva,58.080940,26.754482
U Żura,Poland,Lesser Poland Voivodeship,49.581440,19.912343
,Russia,Chelyabinsk,55.697205,60.507290
,Canada,Quebec,46.307844,-74.588048
,Austria,Tyrol,47.474133,12.636469
Happy Valley,United States,New York,42.264233,-77.798266
Słotwiny Ski,Poland,Lesser Poland Voivodeship,49.434403,20.930986
,Russia,Moscow Oblast,54.844774,38.060738
Meadow Mountain,United States,Colorado,39.606482,-106.445417
,Canada,Ontario,45.000282,-78.714874
Ekesberget,Sweden,Varmland,60.171171,13.486508
Shangri-la,China,Yunnan,27.958742,99.585031
Snow Valley Mountain Resort,United States,California,34.214481,-117.036296
Suomi Hills,United States,Minnesota,47.445652,-93.631575
,Russia,Nizhny Novgorod,56.269609,44.004752
,Germany,Saxony,50.998852,14.254158
La Tuca,Spain,Lleida,42.685452,0.801054
Langlauf Region Seefeld,Austria,Tyrol,47.347261,11.160981
秋田八幡平スキー場, Akita Hachimantai Ski Area,Japan,Akita Prefecture,39.976983,140.807697
,Ukraine,Chernivtsi,48.308823,26.113704
,Canada,Quebec,46.016030,-74.115829
Skigebiet Weißer Stein,Belgium;Germany,Liège;North Rhine-Westphalia,50.406332,6.382313
,Finland,Paijanne Tavastia,60.987149,25.697531
Izki,Ukraine,Zakarpattia,48.640541,23.337296
Eikerapen,Norway,Agder,58.538903,7.355793
,Norway,Rogaland,58.827211,5.783685
Lac Le Jeune,Canada,British Columbia,50.468797,-120.497741
Gräftåvallen,Sweden,Jamtland,63.007108,13.960700
,Norway,Troms og Finnmark,68.977202,19.350545
Žagarkalns,Latvia,Amatas;Cesu,57.300860,25.231080
,Canada,Alberta;British Columbia,52.885725,-118.351723
,Russia,Tatarstan,55.819342,52.548200
Vigo di Fassa - Ciampedie,Italy,Trento,46.433584,11.666762
,Sweden,Norrbotten,67.100402,20.609578
,United States,Colorado,39.476084,-107.512584
Mont Adstock,Canada,Quebec,46.029389,-71.189947
Estació d'Esquí Baqueira-Beret,Spain,Lleida,42.704877,0.966451
,Sweden,Vastra Gotaland,58.933447,11.882522
,Finland,Tavastia Proper,61.061757,24.929338
,United States,Maryland,39.623980,-79.132800
Graystone Trail,United States,Minnesota,45.538176,-94.119300
TJ Čenkovice,Czechia,Pardubice,50.017457,16.700546
Schnabelsberg / Einsiedeln,Switzerland,Schwyz,47.141072,8.737608
,Finland,Southern Ostrobothnia,63.080951,23.076381
Homewood Park,United States,Colorado,39.542037,-105.201818
Langlaufzentrum Rettenbachalm,Austria,Upper Austria,47.691814,13.718337
Sunrise Park Resort,United States,Arizona,33.955457,-109.566912
Mein Homberg (Snow World Züschen),Germany,North Rhine-Westphalia,51.140805,8.538862
Chalmazel,France,Loire,45.668373,3.813872
,Germany,Baden-Württemberg,47.773481,10.025381
Forest Lakes,United States,Colorado,37.319536,-107.588542
,Belgium,Liège,50.494538,6.002274
Skigebiet Wolfsschlucht,Germany,Rhineland-Palatinate,50.228449,6.437391
Ryerson Woods Cross-Country Ski Trails,United States,Illinois,42.177706,-87.912508
Arcachon,France,Gironde,44.652113,-1.172166
Tamarron,United States,Colorado,37.501042,-107.812214
Touring - Refuge Coyote,Canada,Quebec,48.795597,-66.714623
,United States,Wisconsin,45.304115,-88.456006
,Germany,Saxony-Anhalt,51.687418,10.772589
,Germany,Saxony,50.775231,12.955170
,Germany,North Rhine-Westphalia,50.461877,6.371546
Kokusetsu Ashibetsu (国設芦別),Japan,Hokkaido Prefecture,43.528159,142.195475
,Poland,dolnoslaskie,50.557771,16.639900
,United States,Utah,40.817796,-111.667887
,Switzerland,Uri,46.613337,8.541182
,Slovakia,Trenciansky kraj,48.977213,18.420263
Ведмежа,Ukraine,Zakarpattia,48.644660,22.969028
,Sweden,Dalarna,60.498282,15.406905
Горнолыжный клуб “Чертовицы”,Russia,Voronezh,51.827224,39.272816
White Hills,Canada,Newfoundland and Labrador,48.161777,-54.046468
Solvalla Swinghill,Finland,Uusimaa,60.298823,24.554482
なかさと清津, Nakasato Kiyotsu,Japan,Niigata Prefecture,37.019616,138.735361
Inuvik Ski Club,Canada,Northwest Territories,68.366801,-133.714149
,Norway,Troms og Finnmark,70.375574,28.126821
Petersburg Pass (Mt. Raimer/Taconic Trails),United States,Massachusetts;New York,42.723151,-73.278079
草津温泉スキー場, Kusatsu Onsen Ski Resort,Japan,Gunma Prefecture,36.630583,138.574393
,Russia,Karelia,61.516094,30.184093
Tendo Kogen (天童高原スキー場),Japan,Yamagata Prefecture,38.347176,140.481791
Sonnenbühl,Germany,Baden-Württemberg,48.391263,9.168606
,Russia,Leningrad;Novgorod,59.434138,31.994281
,Finland,Northern Savonia,63.692014,27.524920
Ski Rodt Tomberg,Belgium,Liège,50.305681,6.057604
,Germany,North Rhine-Westphalia,51.177822,7.518166
Deštné - Na Špičáku,Czechia,Hradec Králové,50.305667,16.342527
Irwin Lodge Snowcat,United States,Colorado,38.878873,-107.106400
Levin hiihtokeskus, Levi Ski Resort,Finland,Lapland,67.787676,24.846088
Värmullsåsen,Sweden,Varmland,60.029295,13.714560
Sternrodt,Germany,North Rhine-Westphalia,51.286470,8.541931
,Russia,Saint Petersburg,60.021577,30.422473
Skiareál Strážné,Czechia,Hradec Králové,50.665400,15.615105
,Sweden,Orebro,59.788517,14.548119
Flathorn-Gegoka Trails,United States,Minnesota,47.662503,-91.479147
,Canada,Quebec,47.673123,-70.797226
Isshiki Kokusai (一色国際スキー場),Japan,Gifu Prefecture,35.983811,136.981031
Marble Falls,United States,Arkansas,36.107998,-93.130712
Black Mountain (formerly Evergreen Basin, now private),United States,Colorado,39.535673,-105.389314
Rock Creek,United States,Colorado,40.159906,-105.537260
,Russia,Nizhny Novgorod,56.401248,43.681048
Mt Grand View (Mtグランビュースキー場),Japan,Niigata Prefecture,37.005294,138.802997
Corvatsch-Furtschellas,Switzerland,Graubunden,46.432683,9.814586
Weissova louka,Czechia,Plzeň,49.171193,13.226823
Silvertip,Canada,British Columbia,49.216812,-121.199584
,United States,Pennsylvania,39.890898,-77.469242
,United States,New York,42.694480,-73.457741
Прометей,Russia,Perm,57.856411,54.866524
,Germany,Bavaria,50.286522,11.658181
,Finland,Central Finland,62.465059,24.497269
,Norway,Troms og Finnmark,69.543093,19.590577
,Italy,Bolzano/Bozen,46.965561,11.338655
Orelle,France,Savoie,45.252915,6.576279
,Russia,Magadan,59.930111,150.761546
,Belarus,Minsk,54.065859,27.735236
Альпика-Сервис, Alpika,Russia,Krasnodar,43.661817,40.290670
,Norway,Trøndelag,63.072898,9.287770
Mar Lodge Ski Centre,United Kingdom,Aberdeenshire,56.992430,-3.492455
,Germany,Baden-Württemberg,47.745972,8.163312
,Norway,Agder,58.161457,8.024383
,Norway,Trøndelag,64.594515,11.631864
,Norway,Vestfold og Telemark,58.887688,9.288981
Chapelco Ski Resort,Argentina,Neuquen,-40.210546,-71.303157
,Russia,Penza,53.203381,44.909349
,Austria,Salzburg,47.188469,13.870023
Portage Park Trails,United States,Minnesota,47.250253,-93.597525
Vasaloppet Nordic Center,United States,Minnesota,45.896895,-93.294797
,Italy,Reggio Nell'Emilia,44.303583,10.240176
Ski Centrum Oáza,Czechia,Olomouc,50.074428,17.081962
Wiriehorn,Switzerland,Bern,46.598568,7.537913
,Russia,Sverdlovsk,57.896259,60.145482
,Germany,Saxony-Anhalt,51.702479,10.794606
Powder King Mountain Resort,Canada,British Columbia,55.368929,-122.628351
Larche,France,Alpes-de-Haute-Provence,44.452056,6.851928
,Canada,Ontario,49.751392,-83.671688
,Norway,Troms og Finnmark,70.939096,27.397637
,Norway,Innlandet,61.182938,8.766170
,United States,Wisconsin,43.215696,-88.546878
Maplelag Resort,United States,Minnesota,47.016181,-95.779104
Elm Creek Park Reserve,United States,Minnesota,45.145983,-93.438322
Blue Hills Ski Area,United States,Massachusetts,42.215278,-71.119167
Fahnestock,United States,New York,41.476440,-73.817911
,Sweden,Vastra Gotaland,58.390255,11.905678
,Sweden,Stockholm,59.225679,18.172997
,Sweden,Jamtland,62.807562,13.056341
Kruševo,North Macedonia,Krusevo Municipality,41.367398,21.244178
,Switzerland,Nidwalden;Obwalden,46.807515,8.426188
Cazenovia Ski Club,United States,New York,42.977149,-75.852699
Flachau,Austria,Salzburg,47.341470,13.354454
,Finland,Tavastia Proper,60.806373,23.470347
赤马湖体育滑雪,China,Hunan,28.398699,113.422038
,Finland,Ostrobothnia,62.283184,21.625716
Ski Trail Mountain (King Ranch),United States,Colorado,40.194442,-105.951542
,Czechia,Moravian-Silesian,50.025609,17.334128
,France,Isère,45.123548,5.448826
Lake City Ski Hill,United States,Colorado,38.010311,-107.313738
,Slovakia,Zilina,49.142819,19.681574
Master Ski,Poland,Lesser Poland Voivodeship,49.392436,21.020674
Hors-Piste - Mont Shefford (fermé),Canada,Quebec,45.375091,-72.608805
,Serbia,Zlatiborski upravni okrug,43.901961,19.552797
11er Neustift/Neder,Austria,Tyrol,47.101149,11.325329
Veľká Rača,Czechia;Poland;Slovakia,Moravian-Silesian;Silesian Voivodeship;Zilina,49.417865,18.935897
Heavens Sonohara (ヘブンスそのはらSNOW WORLD),Japan,Nagano Prefecture,35.452774,137.638161
Skigebiet Mehliskopf,Germany,Baden-Württemberg,48.652941,8.241367
Szelment,Poland,Podlaskie,54.208010,22.969911
ひだ舟山スノーリゾートアルコピアスキー場くるみ, Hida Funayama Snow Resort Arkopia,Japan,Gifu Prefecture,36.031376,137.253794
Bania Ski,Poland,Lesser Poland Voivodeship,49.387479,20.098654
,Sweden,Vasterbotten County,63.840868,20.180348
Panorama Nordic Centre,Canada,British Columbia,50.447106,-116.248797
,Russia,Moscow Oblast,55.849308,37.038523
,Norway,Viken,59.590577,11.161152
Sugarloaf Outdoor Center,United States,Maine,45.069617,-70.293493
Snowhaven,United States,Idaho,45.868065,-116.091807
Bear Valley,United States,California,38.482665,-120.049701
,United Kingdom,Norfolk,52.614394,1.321810
Мечка (Mechka),Russia,Arkhangelsk,64.387740,40.855962
,Sweden,Jamtland,62.435428,13.510319
Boxboro Hills,United States,Massachusetts,42.480706,-71.546059
Bamber Hills,United States,Minnesota,43.983860,-92.506170
Nara Trails,United States,Michigan,47.101648,-88.519546
乌鞘岭滑雪场,China,Gansu,37.181128,102.850843
,Norway,Nordland,66.991526,15.309944
,Sweden,Scania,56.176535,14.360547
Wintersportgebiet Wurmberg,Germany,Lower Saxony;Saxony-Anhalt,51.748556,10.620936
Monte Avena,Italy,Belluno,46.036455,11.827024
,Sweden,Jamtland,63.160194,13.740078
Ookayama Kids Park (大岡山キッズパーク),Japan,Hyogo Prefecture,35.510427,134.713766
,Finland,Lapland,66.734378,27.311941
Skigebiet Hauerborn,Germany,Bavaria,50.049492,9.544307
Dzikowiec,Poland,dolnoslaskie,50.724138,16.219543
,Norway,Vestfold og Telemark,59.409804,10.444473
,Austria,Styria,47.513785,14.836633
,Norway,Troms og Finnmark,70.418861,28.567810
,Germany,Baden-Württemberg,48.541157,9.369511
Jericho,United States,Massachusetts,42.329679,-71.559277
Saint Lary-Soulan,France,Hautes-Pyrénées,42.816944,0.323611
Beskid Sport Arena,Poland,Silesian Voivodeship,49.719668,19.000276
,Norway,Trøndelag,64.098227,11.769077
,Germany,Bavaria,49.446039,11.367926
,Switzerland,Zug,47.203995,8.573314
Marathon Cross Country Ski and Snowshoe Club,Canada,Ontario,48.739006,-86.370238
Grünsteinlift (Berchtesgaden),Germany,Bavaria,47.604890,12.967558
大雪山層雲峡黒岳スキー場, Daisetsuzan Sounkyo Kurodake Ski Area,Japan,Hokkaido Prefecture,43.706122,142.931896
Sunndal alpinsenter,Norway,Møre and Romsdal,62.778881,8.552562
,Czechia,Ústecký,50.625501,13.678180
Longjiangping,China,Hubei,31.515086,110.373841
,United States,Colorado,38.569533,-107.706825
,Norway,Viken,60.561299,9.106113
Samedan (St. Moritz),Switzerland,Graubunden,46.536457,9.863374
Holly Mountain,United States,New Jersey,39.476088,-75.363293
Stake Lake Trails,Canada,British Columbia,50.504262,-120.470598
Dodge Ridge Ski Area,United States,California,38.189932,-119.939321
,Finland,Kymenlaakso,60.485134,26.841394
,Russia,Vladimir,56.498942,38.815909
Stordalen skisenter,Norway,Vestland,60.949639,5.680070
White Grass (Weiss Knob),United States,West Virginia,39.014749,-79.420853
,Norway,Innlandet,61.100536,9.234639
集宁察汗营滑雪场,China,Inner Mongolia,41.159057,113.103982
Turracher Höhe,Austria,Carinthia;Styria,46.925312,13.871885
,Russia,Kirov,57.572773,49.932278
,Finland,Central Finland,62.188342,25.729734
,Austria,Styria,47.307170,14.371461
에덴벨리스키장, Eden Valley Resort,South Korea,Gyeongsangnam-Do,35.425762,128.984021
,Russia,Moscow Oblast,55.587130,36.472730
,Germany,Baden-Württemberg,47.719923,8.150597
Pikes Peak,United States,Colorado,38.886490,-105.070066
,Belarus,Vitsyebskaya Voblasts',55.592822,28.615673
,Sweden,Dalarna,60.117191,14.452662
,Sweden,Jamtland,62.915122,14.302611
,Slovakia,Zilina,49.185511,19.270037
,Sweden,Vastra Gotaland,57.697402,12.226953
,United States,Washington,48.594326,-120.505690
,Norway,Vestfold og Telemark,59.115701,9.673087
Karwendelloipe Hinterriß,Austria,Tyrol,47.471256,11.468010
,Sweden,Dalarna,60.287041,16.433316
,Sweden,Orebro,59.244074,15.263414
西域滑雪场,China,Xinjiang Uyghur,47.901268,88.131933
,Austria,Lower Austria,47.889235,15.686686
Лесная поляна (Lesnaya Polyana),Russia,Primorsky,43.255553,132.031753
,Austria,Carinthia,46.472592,14.388332
,Russia,Leningrad,60.192033,30.479991
Summit Mountain,United States,Michigan,44.947467,-85.187125
,Russia,Chelyabinsk,56.091765,60.693458
,Sweden,Kalmar,57.741296,16.624100
,Germany,Saxony,50.499515,12.664468
,Norway,Agder,58.525386,8.105056
Fjellsyn Skisenter,Norway,Innlandet,62.173633,9.791320
Auberge Du Lac Lucerne,Canada,Quebec,46.010197,-74.102697
,Germany,Bavaria,47.697439,10.243347
Snow Planet,New Zealand,Auckland Region,-36.633303,174.663589
Chastreix-Sancy,France,Puy-de-Dôme,45.531327,2.784860
Gries,Austria,Tyrol,47.071087,11.028143
白山大镜沟滑雪场（规划）,China,Jilin,41.836802,126.550548
高山市営飛騨高山スキー場, Hida Takayama Municipal Ski Resort,Japan,Gifu Prefecture,36.141231,137.435919
Ibi Kogen (揖斐高原スキー場),Japan,Gifu Prefecture,35.537670,136.431490
Saint-Hilaire-du-Touvet,France,Isère,45.313939,5.880114
Golden Anniversary,United States,Minnesota,47.162735,-93.434673
,Russia,Primorsky,43.166830,132.726738
Látky - Prašivá,Slovakia,Banska Bystrica,48.596619,19.660935
,Norway,Troms og Finnmark,70.486433,23.951453
Kaimaktsalan,Greece,Central Macedonia;West Macedonia,40.917606,21.803379
,Germany,Bavaria,47.816916,10.779462
Tyrol Basin,United States,Wisconsin,43.042747,-89.777719
Saint-Luc - Chandolin,Switzerland,Valais,46.237947,7.617368
Spooner City Trails,United States,Wisconsin,45.835781,-91.897628
Domaine nordique de Névache,France,Hautes-Alpes,45.015648,6.631881
Roundtop Mountain Resort,United States,Pennsylvania,40.109716,-76.924076
Onbara Kogen (恩原高原スキー場),Japan,Okayama Prefecture,35.315076,133.981964
Greek Peak Mountain Resort,United States,New York,42.503669,-76.143354
Invincible Snowfields,New Zealand,Otago Region,-44.700939,168.547405
,United States,Idaho,43.888988,-111.086137
Bittersweet,United States,Michigan,42.465045,-85.761118
Гора Золотая (Mt. Zolotaya or Gold Mt.),Russia,Kemerovo,54.229370,85.898298
,Germany,Thuringia,50.670174,10.904554
,Kazakhstan,Almaty,43.207526,76.938854
Skigebiet Veitsch,Austria,Styria,47.635114,15.422584
Mölltaler Gletscher,Austria,Carinthia;Salzburg,47.028824,13.011109
庐山滑雪场,China,Jiangxi,29.576652,115.994043
,Finland,Southern Ostrobothnia,63.104060,23.137158
,Norway,Trøndelag,63.216330,10.208551
Ski Vidra,Romania,Vâlcea,45.402591,23.701194
Punkatasset Hill,United States,Massachusetts,42.481960,-71.346253
,Norway,Vestland,60.268644,5.812533
,Finland,South Karelia,61.051148,28.130355
Rówienki,Poland,Silesian Voivodeship,49.647311,18.819952
White Pass Ski Area,United States,Washington,46.624114,-121.396901
,Slovakia,Presov,49.119591,20.168443
Praz de Lys Sommand,France,Haute-Savoie,46.152388,6.571424
Midlothian Snowsports Centre (Hillend Dry Slope),United Kingdom,Midlothian,55.887250,-3.211527
,Russia,Udmurt,56.782280,53.398906
Mazurski,Poland,Warmian-Masurian Voivodeship,53.888816,21.986064
Grindelwald - Männlichen (Schlittelpiste),Switzerland,Bern,46.617130,7.966453
,Sweden,Vasternorrland,63.138455,17.192835
,Finland,Southwest Finland,60.499168,22.254133
,Sweden,Gavleborg,61.748840,15.160855
Le Lioran,France,Cantal,45.080173,2.751028
,Czechia,Vysocina,49.424032,15.909429
,United States,Michigan,46.713538,-87.584579
,United States,Alaska,61.706206,-149.282003
天塩町町民スキー場, Teshio Chomin Ski Area,Japan,Hokkaido Prefecture,44.903270,141.830396
Piano Battaglia,Italy,Palermo,37.870897,14.024305
志賀高原 渋峠スキー場, Shiga Kogen Shibutoge Ski Area,Japan,Gunma Prefecture;Nagano Prefecture,36.669833,138.531408
,United States,New York,43.708134,-74.032675
Aspen Highlands,United States,Colorado,39.163082,-106.862015
Turufjell Skisenter,Norway,Viken,60.472182,9.494736
铭山绿洲滑雪场,China,Jilin,43.883308,126.660520
Bärenalm,Austria,Upper Austria,47.665030,14.107085
Pando Ski Center,United States,Michigan,43.083919,-85.468526
,Switzerland,Uri,46.898680,8.924576
Горнолыжный центр Некрасово,Russia,Tula,54.293045,37.525557
,Norway,Trøndelag,63.244080,9.525918
Fernie Golf Course,Canada,British Columbia,49.516739,-115.048828
Sljeme,Croatia,Grad Zagreb;Zagrebacka,45.902719,15.947820
,Sweden,Ostergotland,58.359705,15.717894
Moosilauke Ski Area,United States,New Hampshire,43.993123,-71.817541
立山山麓スキー場, Tateyama Sanroku Ski Area,Japan,Toyama Prefecture,36.567643,137.425393
,Italy,Avellino,40.786015,15.086924
,Poland,Lesser Poland Voivodeship,49.639996,19.982914
Antelope Butte Ski Area,United States,Wyoming,44.611459,-107.514782
,Austria,Carinthia,46.696471,13.898710
,Norway,Viken,60.094901,11.342191
,Canada,Quebec,45.918697,-74.163890
Mount Eniwa Olympic Site (恵庭岳),Japan,Hokkaido Prefecture,42.778051,141.265006
Băile Homorod,Romania,Harghita,46.350060,25.474066
,United States,Utah,40.597818,-111.107211
Sunridge Ski Area,Canada,Alberta,53.565775,-113.372838
Mt. Holiday,United States,Michigan,44.741964,-85.515889
Stöten i Sälen,Sweden,Dalarna,61.269221,12.894012
Grindelwald First,Switzerland,Bern,46.656434,8.062863
,Russia,Chuvash,55.484605,47.542556
,Norway,Vestfold og Telemark,59.731573,7.602268
William O'Brien State Park,United States,Minnesota,45.221472,-92.782869
,Russia,Voronezh,51.087219,38.626124
Edsåsdalen,Sweden,Jamtland,63.314700,13.034603
Tjamstan,Sweden,Vasterbotten County,65.181357,18.749603
Makino Kogen (マキノ高原マキノスキー場),Japan,Shiga Prefecture,35.496695,136.029703
Krahule,Slovakia,Banska Bystrica,48.727368,18.946303
Winiarska,Poland,Podkarpackie,49.566760,21.785438
Mont des Brumes Piste de Ski,Belgium,Liège,50.428932,5.913185
,United States,Wisconsin,46.037531,-91.478845
,Austria,Salzburg,47.438184,13.525432
Piedmont Ski Trail,United States,Minnesota,46.769475,-92.165577
,Germany,North Rhine-Westphalia,50.973247,8.231630
Ekebyhovsbacken,Sweden,Stockholm,59.279574,17.832712
だいせんホワイトリゾート, Daisen White Resort,Japan,Tottori Prefecture,35.397278,133.540510
,Switzerland,Valais,46.230412,7.441953
,Norway,Agder,58.709432,9.082310
Bled - Straža,Slovenia,Upper Carniola,46.362881,14.105111
Holzhau,Czechia;Germany,Saxony;Ústecký,50.733036,13.580128
Chambon-des-Neiges,France,Puy-de-Dôme,45.556173,2.855690
Wintergreen,United States,Wisconsin,43.150002,-90.081925
,Austria,Vorarlberg,47.439508,9.915441
Holtanlia,Norway,Nordland,67.292231,15.479246
Family aréna Cinkáč,Czechia,Liberec,50.668556,15.546294
,Slovakia,Zilina,49.454748,18.844617
,Germany,Baden-Württemberg,48.772132,8.440737
,Russia,Moscow Oblast,55.448714,37.559628
Ski Area Alpe Lusia,Italy,Trento,46.343336,11.692403
,Russia,Kaluga,55.024584,36.683700
Mountain Creek,United States,New Jersey,41.183309,-74.516288
白馬47, Hakuba 47,Japan,Nagano Prefecture,36.676465,137.822904
,Czechia,Vysocina,49.604159,16.026524
,Canada,Saskatchewan,55.856207,-108.502315
Cerro Martial,Argentina,Tierra del Fuego,-54.798960,-68.370180
,Finland,Ostrobothnia,63.170051,21.834384
云山滑雪场,China,Liaoning,41.059808,124.140547
,United States,Wyoming,44.767007,-107.441816
,Sweden,Norrbotten,68.346782,18.732218
,Germany,Saxony,50.472590,12.446051
,Sweden,Norrbotten,67.876482,20.252662
Youland Sakauchi (遊らんど坂内スキー場),Japan,Gifu Prefecture,35.615084,136.404203
,Finland,Uusimaa,60.496500,25.016988
,Italy,Turin,45.431943,7.242934
,Norway,Trøndelag,63.546733,11.189698
Skilift Albstadt-Tailfingen,Germany,Baden-Württemberg,48.251992,9.030351
,Norway,Trøndelag,64.256459,13.856907
,Russia,Magadan,59.569386,150.836724
,Canada,Manitoba,50.256864,-99.897301
Mogamigawa (最上川スキー場),Japan,Yamagata Prefecture,38.751807,140.070019
Buttermilk,United States,Colorado,39.192297,-106.870089
,Finland,Tavastia Proper,60.975280,24.415187
,Norway,Trøndelag,64.226853,12.297553
Miyazushi Oeyama (宮津市大江山スキー場),Japan,Kyoto Prefecture,35.476980,135.162274
,Bulgaria,Plovdiv,41.930305,24.686400
,Russia,Vologda,59.154216,39.350937
Bernex,France,Haute-Savoie,46.350738,6.703285
,Latvia,Gulbenes,57.152288,26.687520
Горнолыжный комплекс ЗиЛ, ZiL Ski Resort,Kyrgyzstan,Chuy,42.647340,74.764171
Yamatakahara Yamamoto Ojiya (小千谷山本山高原スキー場),Japan,Niigata Prefecture,37.279857,138.800653
Soleilhas-Vauplane,France,Alpes-de-Haute-Provence,43.884721,6.633340
Högbyn,Sweden,Vastmanland,59.963886,15.720809
Quoggy Jo Ski Center,United States,Maine,46.724295,-67.928784
,Finland,Northern Savonia,63.080969,27.652262
,Czechia,Pardubice,50.066652,16.436259
,Russia,Belgorod,50.530441,36.576199
,Austria,Carinthia,46.899520,13.890585
Les Hautes Combes,France,Jura,46.365258,5.952346
,Sweden,Jamtland,63.318089,13.336034
,Australia,Victoria,-37.484827,145.884266
La Norma,France,Savoie,45.189925,6.713063
Bielmonte,Italy,Biella,45.669603,8.083533
Marbachegg,Switzerland,Lucerne,46.839774,7.905416
,Sweden,Jamtland,63.784103,14.050250
Saint-Lary,France,Hautes-Pyrénées,42.825205,0.252611
,Sweden,Stockholm,59.634124,18.508359
Gopshusbacken,Sweden,Dalarna,61.094277,14.246883
,Czechia,Hradec Králové,50.167433,16.471668
Lillomarka Arena,Norway,Innlandet;Oslo;Viken,59.973060,10.877691
Snow Park,Switzerland,Valais,46.547275,7.988323
Kuutsemae,Estonia,Valga,58.026126,26.322058
,Norway,Vestland,60.402234,5.350885
Sveitsin Hiihtokeskus,Finland,Uusimaa,60.653959,24.820225
,,,60.141024,19.960920
Timberland Hills,United States,Wisconsin,45.652799,-92.056092
,Russia,Kemerovo,55.385043,86.179104
Malinô Brdo,Slovakia,Zilina,49.055242,19.261270
Lurisia Monte Pigna,Italy,Cuneo,44.272299,7.702338
,Norway,Innlandet,61.928839,11.155320
,Norway,Vestfold og Telemark,59.291181,9.605656
Spiazzi di Gromo,Italy,Bergamo,45.962565,9.962491
苗場スキー場, Naeba Ski Resort, Naeba sukī-ba,Japan,Niigata Prefecture,36.793785,138.774806
Blue Ridge Mountain Resort,Canada,Alberta,58.137118,-116.404253
Трехгорье (Trehgorye),Russia,Khanty-Mansi,60.755284,76.403321
,Italy,Cuneo,44.297378,7.873634
,Norway,Viken,59.627431,11.014072
,Sweden,Jonkoping,57.757652,13.894713
,Finland,Central Ostrobothnia,63.858492,23.145264
Ridge Runner,United States,New York,42.921833,-74.026000
Megève Véry,France,Haute-Savoie,45.827811,6.595717
,United States,Washington,47.792678,-120.737673
,Germany,Baden-Württemberg,47.728347,8.068618
,Russia,Moscow Oblast,55.863398,36.845340
Parque Guaiquivilo,Chile,Del Maule,-36.041404,-70.948258
明月山滑雪场,China,Jiangxi,27.591571,114.287964
Wolverine Ski Trails,United States,Michigan,46.491396,-90.106608
,Canada,British Columbia,50.876613,-119.739224
Усть-Качкинская,Russia,Perm,58.018941,55.697748
Sonnenbergbahn,Austria,Tyrol,47.097799,11.278793
玉华宫滑雪场,China,Shaanxi,35.325433,108.903068
Latemar Dolomites,Italy,Bolzano/Bozen;Trento,46.352712,11.548411
Cerler,Spain,Huesca,42.559902,0.556614
,Russia,Murmansk,67.129933,32.466662
,Russia,Moscow Oblast,55.989211,38.084023
,Finland,Central Finland,61.719266,25.098996
,Germany,Baden-Württemberg,48.251865,9.177714
Quigley Nordic Trails,United States,Idaho,43.531199,-114.276952
,United States,Illinois,42.184036,-88.380169
Ovacık Kayak Merkezi,Turkey,Tunceli,39.344338,39.214359
,France,Haute-Savoie,45.940564,6.898277
,Finland,Ostrobothnia,63.111895,21.599002
,Germany,North Rhine-Westphalia,51.812808,8.931185
室堂春スキー,Japan,Toyama Prefecture,36.586062,137.600799
Gubałówka,Poland,Zachodniopomorskie,53.485222,14.523546
,Germany,Baden-Württemberg,49.043321,9.597597
Hochries,Germany,Bavaria,47.769885,12.235648
Caberfae Peaks,United States,Michigan,44.241771,-85.718808
,United States,Montana,48.464823,-114.543238
,United States,Michigan,46.521441,-87.543328
Skigebiet Schwarzer Mann,Germany,Rhineland-Palatinate,50.263343,6.379028
Belvedere - Col Rodella - Passo Pordoi,Italy,Belluno;Bolzano/Bozen;Trento,46.484356,11.780961
Schilifte Kleinlobming,Austria,Styria,47.149164,14.841474
Les Orres,France,Hautes-Alpes,44.485691,6.563053
,Germany,Lower Saxony,51.781745,9.585421
,United States,Oregon,45.318830,-121.625346
Seewis,Switzerland,Graubunden,46.990354,9.629418
Valčianska dolina,Slovakia,Zilina,49.012555,18.801340
Kungsberget,Sweden,Gavleborg,60.754241,16.496902
国家越野滑雪中心, National Cross-Country Centre,China,Hebei,40.897561,115.469602
Stok narciarski w Stobiernej,Poland,Podkarpackie,50.030051,21.495294
,United States,Wyoming,43.459034,-110.717534
Timberline Mountain,United States,West Virginia,39.036806,-79.403291
,Norway,Troms og Finnmark,69.662226,19.873349
Borgafjällbackarna,Sweden,Vasterbotten County,64.835980,15.045232
,Finland,Southern Savonia,61.512698,26.474395
Area Sciistica Ussita Frontignano,Italy,Macerata,42.914525,13.171382
,Canada,New Brunswick,45.383308,-65.958690
,Finland,Lapland,66.532698,25.837079
Musashi (奥武蔵スキー場),Japan,Saitama Prefecture,35.972766,139.186074
Buttenhausen/Hundersingen,Germany,Baden-Württemberg,48.352746,9.483522
Salpausselän hyppyrimäet,Finland,Paijanne Tavastia,60.983757,25.629301
Jauerling,Austria,Lower Austria,48.333986,15.343310
Passo Stelvio - Stilfserjoch,Italy,Bolzano/Bozen;Sondrio,46.507278,10.466090
Гора Морозная (Moroznaya),Russia,Kamchatka,53.180864,158.282329
Krvavec,Slovenia,Upper Carniola,46.298627,14.530432
Terwillegar Park,Canada,Alberta,53.479925,-113.607903
Hlobišov,Slovakia,Banska Bystrica,48.779868,19.583319
,United States,Washington,47.217678,-121.311462
,Russia,Nizhny Novgorod,55.415459,42.473246
,Finland,Uusimaa,60.131438,24.689705
,Norway,Vestland,61.895272,6.547791
Oberstaufen Loipen,Austria;Germany,Bavaria;Vorarlberg,47.560079,10.027256
,Finland,Kymenlaakso,60.752532,27.336989
Rabbit Hill Snow Resort,Canada,Alberta,53.379336,-113.670914
,Austria,Tyrol,47.066819,11.460702
,Norway,Vestfold og Telemark,59.140078,9.620570
,Russia,Yaroslavl,57.658947,39.983217
Heľpa,Slovakia,Banska Bystrica,48.872345,19.971484
Hudson's Hope (Portage Mountain),Canada,British Columbia,56.009686,-122.170204
,Canada,Alberta,54.180350,-110.665291
Obidowa,Poland,Lesser Poland Voivodeship,49.537363,20.005050
Blomberg,Germany,Bavaria,47.747490,11.515741
,United States,Michigan,46.487898,-87.623526
Hiraniwa Kogen (平庭高原スキー場),Japan,Iwate Prefecture,40.082880,141.503062
Campo Staffi,Italy,Frosinone,41.921820,13.333491
,Canada,Saskatchewan,52.169827,-106.611843
Hochrindl,Austria,Carinthia,46.862099,13.987328
Marsh Lake Ski Trails,Canada,Yukon,60.444813,-134.238294
Mont Saxonnex,France,Haute-Savoie,46.037005,6.495375
Girmont-Val-d'Ajol,France,Vosges,47.972795,6.592203
Holiday Park,United States,Illinois,42.366693,-88.162236
,Germany,Bavaria,47.655601,12.173051
Mt Pilchuck ski resort,United States,Washington,48.070939,-121.813745
Yawgoo Valley Ski Area,United States,Rhode Island,41.517021,-71.529788
,Russia,Murmansk,67.361247,32.553018
,Russia,Krasnoyarsk,55.941595,92.889140
지산포레스트리조트, Jisan Forest Ski Resort,South Korea,Kyeongki-Do,37.213693,127.342916
,Norway,Vestland,60.580974,5.338756
,Russia,Buryat,51.906006,107.670488
Achenkirch Sonnberglifte (Adlerhorst),Austria,Tyrol,47.524533,11.711297
,Germany,Bavaria,50.382613,11.503624
Vassfjellet skisenter,Norway,Trøndelag,63.264734,10.390297
Skulebacken,Sweden,Vasternorrland,63.073929,18.340293
,Sweden,Ostergotland,58.429594,15.698708
,Norway,Agder,58.435130,8.691943
曾家山滑雪场,China,Sichuan,32.635562,106.109195
Slatina,Czechia,Moravian-Silesian,49.790217,17.973307
Scopello / Alpe di Mera,Italy,Vercelli,45.748799,8.083890
Světlá nad Sázavou - Kadlečák,Czechia,Vysocina,49.676658,15.378559
,Switzerland,Graubunden,46.799895,9.440999
Font d'Urle Chaud Clapier,France,Drôme,44.912078,5.323943
Grindelwald - Wengen (Kleine Scheidegg - Männlichen),Switzerland,Bern,46.597318,7.965932
Saint-Jean-de-Sixt,France,Haute-Savoie,45.925442,6.400458
,Norway,Troms og Finnmark,70.062463,28.538638
Valdelinares,Spain,Teruel,40.400000,-0.600000
Passo Rolle,Italy,Trento,46.297364,11.786840
,Russia,Chelyabinsk,54.828233,58.514284
Gavarnie-Gèdre,France,Hautes-Pyrénées,42.723298,-0.040575
Ladurns,Italy,Bolzano/Bozen,46.942789,11.373040
Lakewood Forest Preserve Cross-Country Ski Trails,United States,Illinois,42.274007,-88.090585
Skytop’s Ski Hill,United States,Pennsylvania,41.239636,-75.234533
Lierne skisenter,Norway,Trøndelag,64.449942,13.724731
Mt Brighton,United States,Michigan,42.539741,-83.809430
Ельники,Russia,Perm,58.187929,56.509193
Clear Fork Ski Area,United States,Ohio,40.593523,-82.412288
,Norway,Trøndelag,64.266907,12.484870
,United States,Washington,47.319452,-120.545367
Blandford Ski Area,United States,Massachusetts,42.188851,-72.900768
Tsukigata Crescent Municipal (月形町営スキー場),Japan,Hokkaido Prefecture,43.349528,141.659183
Queyras - Aiguilles,France,Hautes-Alpes,44.774576,6.875164
,Czechia,Hradec Králové,50.668428,15.717441
,Norway,Troms og Finnmark,69.197119,17.816369
,Poland,Silesian Voivodeship,49.617474,18.882016
,Russia,Chuvash,56.179624,47.249280
,Finland,Paijanne Tavastia,61.127283,26.019461
,Norway,Vestfold og Telemark,59.310737,10.121011
Cockaigne Ski Resort,United States,New York,42.264448,-79.166451
Święta Góra,Poland,dolnoslaskie,50.706966,16.018570
Lappe Nordic Centre,Canada,Ontario,48.565951,-89.406353
УСЦ Чайка,Russia,Samara,53.362213,50.235250
Ski Arlberg,Austria,Tyrol;Vorarlberg,47.142136,10.326407
Monte Valbella (Asiago),Italy,Vicenza,45.868829,11.580659
,Germany,Baden-Württemberg,48.011920,8.893933
富士見スキー場, Fujimigaoka Ski Resort,Japan,Hokkaido Prefecture,45.305418,141.043864
,Germany,Bavaria,48.846910,13.562243
,Czechia,Pardubice,50.046639,16.760731
Bears Den Mountain,United States,North Dakota,46.531208,-97.938225
Лыжный стадион Зоркий,Russia,Moscow Oblast,55.846154,37.306498
Pustevny,Czechia,Moravian-Silesian,49.489794,18.264517
Mt. Zion Ski Area,United States,Michigan,46.475522,-90.166082
,Sweden,Ostergotland,58.568499,16.198616
Lebanon Hills Regional Park,United States,Minnesota,44.781142,-93.156707
Kabdalis,Sweden,Norrbotten,66.156263,19.986895
Valgrisenche Ski,Italy,Valle D'Aosta,45.629198,7.065078
,Czechia,Olomouc,49.621215,16.865516
,Poland,Lesser Poland Voivodeship,49.599682,20.869902
Cochran's Ski Area,United States,Vermont,44.391856,-72.981326
FQME - Air-Eau-Bois,Canada,Quebec,45.907610,-75.740423
,Switzerland,Graubunden,46.619346,9.278529
Mount Tone,United States,Pennsylvania,41.848369,-75.304241
Akagiyama Daisan (赤城山),Japan,Gunma Prefecture,36.543414,139.187330
Sulzberglift (Hammer-Meisau),Germany,Bavaria,47.790223,12.713993
Pfafflar,Austria,Tyrol,47.279867,10.600268
Ylläs Ski Resort, Äkäslompolo,Finland,Lapland,67.575329,24.210089
Woodstock Nordic Center,United States,Vermont,43.623559,-72.527432
Dryden Ski Club,Canada,Ontario,49.903149,-92.787180
Mount Sima,Canada,Yukon,60.608656,-135.057294
Tänndals Vallen,Sweden,Jamtland,62.537345,12.302456
,Switzerland,Graubunden,46.806159,9.389312
Lommedalen,Norway,Viken,59.954777,10.478829
Unisław,Poland,Kujawsko-pomorskie,53.209261,18.352971
スノーパーク イエティ, Fujiyama Snow Resort Yeti,Japan,Shizuoka Prefecture,35.300584,138.771842
Eschenlohe auf der Rieder,Germany,Bavaria,47.583025,11.186345
,Norway,Viken,59.701892,10.699449
,Slovenia,Savinja,46.398796,14.631473
Kelowna Mountain,Canada,British Columbia,49.781266,-119.488566
Sainte-Croix - Les rasses,Switzerland,Neuchatel;Vaud,46.869478,6.620861
,Norway,Innlandet,60.602358,9.740068
Skilift Romansthal,Germany,Bavaria,50.097100,11.034254
Cerro Castor,Argentina,Tierra del Fuego,-54.717237,-67.999553
,Russia,Moscow Oblast,55.443209,38.581031
Ski Bezovec,Slovakia,Trenciansky kraj,48.668627,17.966517
,Germany,Saxony,50.693143,12.892989
Ski aerál Skalka,Czechia,Moravian-Silesian,49.817194,18.138252
,Germany,Thuringia,50.407073,11.146055
Copple Crown,United States,New Hampshire,43.538656,-71.125209
Alta Ski Area,United States,Utah,40.579932,-111.622327
The Vermont Tech Rope Tow,United States,Vermont,43.936704,-72.610804
Maple Hill (メイプルヒルスキーリゾート),Japan,Tochigi Prefecture,36.912757,139.745683
Kozji Hrbet,Slovenia,Upper Carniola,46.266660,13.960622
Alberschwende,Austria,Vorarlberg,47.448417,9.841114
,Russia,Primorsky,43.159418,132.717004
,Norway,Møre and Romsdal,62.340484,6.802257
石狩平原スキー場, Ishikariheigen Ski Area,Japan,Hokkaido Prefecture,43.262315,141.506219
,Italy,Trento,46.164932,10.749486
Minooka Park,United States,Wisconsin,42.978765,-88.188805
Woody Glen,United States,New Hampshire,43.414377,-71.739264
Silvretta-Bielerhöhe,Austria,Tyrol;Vorarlberg,46.918251,10.098737
,Russia,Sverdlovsk,57.233013,60.064667
Hemsedal,Norway,Viken,60.849138,8.509658
Jurgów Ski,Poland,Lesser Poland Voivodeship,49.314841,20.159853
Caledon Ski Club,Canada,Ontario,43.803900,-80.010900
,Germany,Mecklenburg-Vorpommern,53.508462,11.093177
Lac des Rouges Truites,France,Jura,46.610033,6.024290
Lyžařský areál Lužná,Czechia,Zlín,49.235020,18.013386
Wastl am Wald,Austria,Lower Austria,47.895683,15.303178
Vedbobacken,Sweden,Vastmanland,59.625737,16.483286
Såslia alpinanlegg,Norway,Trøndelag,63.282005,11.054270
Piatra Neamt (Karácsonykő) - Dealu Cozla,Romania,Neamt,46.939671,26.375309
Canmore Nordic Centre,Canada,Alberta,51.092500,-115.390000
,Norway,Trøndelag,63.138556,10.865662
,Norway,Troms og Finnmark,70.191819,28.130578
,Russia,Chelyabinsk,55.142037,60.162938
,Norway,Viken,60.271245,8.588132
,China,Anhui,30.689337,117.083903
彩虹滑雪场,China,Qinghai,36.834310,101.930509
,Latvia,Talsu,57.208084,22.605474
Dog Creek Lodge & Nordic Center,United States,Montana,48.589894,-114.607637
Haldenköpfle,Germany,Baden-Württemberg,47.882197,7.893820
Blueberry Hills,United States,Minnesota,47.360918,-93.730082
Campitello Matese,Italy,Campobasso;Isernia,41.462422,14.392275
,Sweden,Vasternorrland,62.461999,17.301315
,Norway,Møre and Romsdal,62.940486,8.217162
,Norway,Troms og Finnmark,69.243546,19.852705
,Sweden,Vasternorrland,62.372121,17.329015
June Mountain,United States,California,37.753661,-119.075663
,Sweden,Vasternorrland,62.621420,17.972678
,Germany,Rhineland-Palatinate,50.232669,6.776249
Los Tres Morros,Chile,De Magallanes y Antartica Chilena,-53.317493,-71.275446
Barcelonnette,France,Alpes-de-Haute-Provence,44.382420,6.626496
,Bulgaria,Sofiya,42.600694,23.243239
Zillertal Arena,Austria,Salzburg;Tyrol,47.244975,12.046234
Ofterschwang/​Gunzesried,Germany,Bavaria,47.502796,10.220885
Snowshoe Mountain,United States,West Virginia,38.422199,-79.993263
,Sweden,Dalarna,60.669448,13.659874
,Norway,Vestland,60.422303,7.332904
,Russia,Altai,51.897986,85.388326
Intervale Ski Area,United States,New Hampshire,44.068779,-71.076436
,Norway,Troms og Finnmark,69.280474,18.007301
Sangiacomo Cardini,Italy,Cuneo,44.273914,7.879647
Dayongshan (Indoor),China,Inner Mongolia,49.534933,117.609690
Sarnano - Sassotetto,Italy,Macerata,43.006189,13.230432
,Norway,Innlandet,61.483848,11.960332
,United States,New Hampshire,44.248065,-71.427148
Le Massif,Canada,Quebec,47.280515,-70.592549
,Finland,Kymenlaakso,60.893105,27.098341
Mont Bleau,United States,Kansas,38.907999,-95.181599
,Finland,Southwest Finland,60.433162,22.701687
Serre Chevalier,France,Hautes-Alpes,44.923522,6.580204
,Germany,Baden-Württemberg,48.593938,8.219202
Bialy Potok,Poland,Lesser Poland Voivodeship,49.279474,19.856941
,Austria;Germany,Bavaria;Salzburg,47.663575,13.079499
,United States,Wisconsin,42.774796,-89.981984
,United States,Oregon,42.436544,-122.225664
Hundseck,Germany,Baden-Württemberg,48.646896,8.235647
,China,Zhejiang,30.452538,119.649128
Vitosha,Bulgaria,Sofiya,42.575751,23.289747
Kühtai,Austria,Tyrol,47.213568,11.023960
,Germany,Bavaria,47.643621,10.360238
,Finland,Central Finland,61.732467,24.807728
Phoenix Mountain,Canada,British Columbia,49.105365,-118.586922
Oberberglifte Simmerberg,Germany,Bavaria,47.580815,9.941769
Krößbach,Austria,Tyrol,47.076961,11.265797
Parc Francesca Cabrini,Canada,Quebec,45.581001,-73.562573
,United States,Vermont,44.665193,-72.451188
Foothills cross country ski trails,Canada,Saskatchewan,50.426463,-104.585220
Ruskotunturi,Finland,Northern Ostrobothnia,65.064661,25.537480
Wilmot Mountain,United States,Wisconsin,42.499604,-88.189433
,Germany,Bavaria,47.957159,10.813607
Kirkwood Mountain Resort,United States,California,38.678978,-120.067434
Kongsberg,Norway,Viken,59.662342,9.620966
,Switzerland,Saint Gallen,47.419806,9.359597
,Slovakia,Zilina,48.769975,18.945917
上越国際, Joetsu International, Jōetsu kokusai,Japan,Niigata Prefecture,37.032034,138.794371
,Russia,Moscow Oblast,55.857806,36.979746
ピリカスキー場, Pirika Ski Resort,Japan,Hokkaido Prefecture,42.461929,140.203750
Prati di Tivo,Italy,Teramo,42.499792,13.556202
,United States,Idaho,43.909226,-111.155407
Pistas de ski de Martínez,Argentina,Buenos Aires,-34.480949,-58.483744
Woodlea,Canada,Alberta,52.272900,-113.791582
Ski areál Janova hora,Czechia,Liberec,50.695455,15.534301
Medicine Lodge Ski Area,Canada,Alberta,52.453889,-114.259201
Grenchenberg,Switzerland,Solothurn,47.224089,7.382764
,Norway,Møre and Romsdal,62.587582,7.823941
Deer Yard Ski Trails,United States,Minnesota,47.730779,-90.580116
Sachsenkam - Reutberg,Germany,Bavaria,47.812184,11.635404
,Norway,Innlandet,61.309502,12.592050
Terre Ronde,France,Ain,45.985928,5.624898
,Finland,North Karelen,62.582983,29.568382
Paul Bunyan,United States,Wisconsin,45.325532,-88.524270
Ausblick Ski Hill,United States,Wisconsin,43.134691,-88.266145
Conca dei Parpari,Italy,Verona,45.652745,11.088017
Centre de ski Saint-Georges,Canada,Quebec,46.139648,-70.664186
Benecko - Na Sychrově,Czechia,Liberec,50.666883,15.557955
Schneesport-Saigs,Germany,Baden-Württemberg,47.888064,8.172816
,Germany,Bavaria,50.115466,11.848141
Macugnaga - Moro,Italy,Verbano-Cusio-Ossola,45.990941,7.975943
,Sweden,Jamtland,63.344608,12.521613
,Russia,Sakhalin,46.938178,142.764076
,Finland,Ostrobothnia,63.659735,22.748473
,Switzerland,Graubunden,46.788617,10.235374
長岡市営スキー場, Nagaoka City Ski Area,Japan,Niigata Prefecture,37.413253,138.895155
Dombas Skiheiser,Norway,Innlandet,62.076344,9.144934
Stoner,United States,Colorado,37.584582,-108.319745
,Norway,Nordland,65.412127,12.538785
Kompleks Narciarski Kopa w Karpaczu,Poland,dolnoslaskie,50.747702,15.727328
Rena,Norway,Innlandet,61.172014,11.294135
University of Minnesota Cloquet Forestry Center,United States,Minnesota,46.697579,-92.541857
田子町創遊村229スキーランド, Soyumura 229 Ski Land,Japan,Aomori Prefecture,40.363699,141.066032
,Finland,Uusimaa,60.491836,25.132839
,Slovakia,Presov,49.083973,20.114229
,Russia,Chuvash,55.543320,47.387178
,Finland,Uusimaa,60.544313,24.999140
,Poland,Silesian Voivodeship,49.629707,18.914828
Nachwuchsförderzentrum Reithlift,Germany,Bavaria,47.565233,10.760024
Eastmanville Farm,United States,Michigan,43.020732,-85.983241
Mystic Mountain,United States,New York,42.836010,-75.851390
Quadna,United States,Minnesota,46.963736,-93.593817
Kimberley Alpine Resort,Canada,British Columbia,49.686380,-116.032671
Cairngorm (Aviemore),United Kingdom,Highland,57.133220,-3.669937
田代エリア, Tashiro Area,Japan,Niigata Prefecture,36.847246,138.740184
,Norway,Innlandet,60.118827,11.994798
,United States,Wyoming,43.430029,-110.159772
,Norway,Nordland,68.133318,13.823910
Танай (Tanay),Russia,Kemerovo,54.715502,85.065697
Mount Prospect Ski Tow,United States,New Hampshire,44.455624,-71.573608
,Russia,Arkhangelsk,61.262568,46.735878
,Canada,Alberta,50.719404,-115.310111
琴引フォレストパークスキー場, Kotobiki Forest Park Ski Area,Japan,Shimane Prefecture,35.051529,132.771973
,Germany,Baden-Württemberg,48.841826,10.248718
McCulloch Cross-Country Ski Trails Recreation Site,Canada,British Columbia,49.795660,-119.138710
,Finland,Ostrobothnia,63.694952,23.346408
,Germany,Bavaria,49.024802,12.813965
Pyhätunturi - Luosto,Finland,Lapland,67.096189,26.993553
St. Martin im Tennengebirge,Austria,Salzburg,47.468250,13.374501
Predigtstuhl (Bad Reichenhall),Germany,Bavaria,47.697170,12.875805
Skigebiet Heuberg Arena/Walmendingerhorn,Austria,Vorarlberg,47.332690,10.152302
,Norway,Trøndelag,62.826184,10.089237
,Austria,Styria,47.515133,14.364621
,Norway,Innlandet,62.130762,10.796002
Matsuyama (松山スキー場),Japan,Yamagata Prefecture,38.858432,139.980852
,Sweden,Vasternorrland,62.609378,17.334159
,United States,Alaska,61.322481,-149.458563
,Norway,Møre and Romsdal;Trøndelag,63.062934,9.101385
Bunloc,Romania,Brasov,45.603396,25.661012
,Poland,Lesser Poland Voivodeship,49.731385,19.820262
Cloudmont Ski Resort,United States,Alabama,34.538078,-85.603709
Platak,Croatia,Primorsko-goranska,45.429599,14.573058
Piast,Poland,Silesian Voivodeship,49.630971,19.257004
Crêt-du-Puy,Switzerland,Neuchatel,47.091113,6.993601
Komańcza,Poland,Podkarpackie,49.334519,22.075543
Titcomb Mountain,United States,Maine,44.648979,-70.171374
Schlick 2000,Austria,Tyrol,47.146786,11.303847
,Austria,Tyrol,47.114292,12.498675
,Sweden,Norrbotten,67.011946,21.810012
,Germany,Baden-Württemberg,47.867244,8.129032
,Finland,Ostrobothnia,63.696765,23.068194
,Germany,Baden-Württemberg,47.938880,8.829759
,Bulgaria,Varna,43.405225,27.565957
Mugi,Switzerland,Glarus,47.062496,9.046959
Chez Ti-Jean ski de fond,Canada,Quebec,45.877677,-73.509537
Mohawk Mountain Ski Area,United States,Connecticut,41.836133,-73.307948
Otari Onsen (小谷温泉スキー場),Japan,Nagano Prefecture,36.862283,137.980707
Bardonecchia - Jafferau,Italy,Turin,45.086670,6.745948
,Russia,Moscow Oblast,55.759507,36.815078
Ringkollen alpinbakke,Norway,Viken,60.164913,10.386141
Azuga,Romania,Prahova,45.438027,25.592051
,Finland,Ostrobothnia,63.644792,22.991400
Skorušiná,Slovakia,Banska Bystrica,48.660638,19.755095
,Germany,Rhineland-Palatinate,50.388551,7.033614
Fox Trails,United States,Illinois,42.197463,-88.262444
Ylläs,Finland,Lapland,67.570086,24.224834
,Estonia,Harju,59.551270,24.817005
Sendai Highlands (西仙台ハイランドスキー場),Japan,Miyagi Prefecture,38.291365,140.623167
Meaden Peak Ski Area,United States,Colorado,40.767282,-107.077110
Cleary Lake Regional Park,United States,Minnesota,44.686153,-93.391670
,Germany,Saxony,50.835887,14.719879
,Sweden,Vasterbotten County,64.264541,20.515285
Log Cabin Cross Country Ski Trails,Canada,British Columbia,59.773247,-134.964266
Galdhøpiggen Sommerskisenter,Norway,Innlandet,61.664786,8.351810
Cosmic Hill,United States,Vermont,44.254483,-72.751983
Chabanon,France,Alpes-de-Haute-Provence,44.341910,6.291463
,Austria,Tyrol,47.484484,10.732324
Dvorišta Nordic Ski Centar (Smučarski klub Romanija, Pale), Дворишта центар нордијског скијања (Смучарски клуб Романија Пале), Дворишта центар нордијског скијања (Смучарскиклуб Романија Пале),Bosnia and Herzegovina,Republic of Srpska,43.760060,18.534721
,Czechia,South Bohemian,49.137711,13.660658
McMiller Trail System,United States,Wisconsin,42.863709,-88.526025
Tenna,Switzerland,Graubunden,46.751642,9.338631
,Croatia,Licko-senjska,44.822939,15.034773
Drei Zinnen - Tre Cime, Drei Zinnen, Tre Cime,Austria;Italy,Belluno;Bolzano/Bozen;Tyrol,46.682161,12.358291
Prato Leventina,Switzerland,Ticino,46.479875,8.763442
Havas Bucsin,Romania,Harghita,46.642560,25.306725
,Switzerland,Valais,46.423965,7.829114
,Switzerland,Graubunden,46.834280,10.388814
Area Scistica Zum Zeri,Italy,Massa-Carrara;Parma,44.386166,9.747549
,Czechia,Zlín,49.345016,17.691784
Sugarbowl,Canada,Alberta,52.416563,-111.152916
Meany Lodge,United States,Washington,47.278603,-121.319575
,Russia,Khabarovsk,48.346513,135.117273
Peïra-Cava,France,Alpes-Maritimes,43.938709,7.364548
,Finland,Uusimaa,60.568667,25.143656
Wajima City Mitsui (輪島市営三井スキー場),Japan,Ishikawa Prefecture,37.311215,136.901983
La Fouly,Switzerland,Valais,45.930357,7.104197
,Australia,Victoria,-36.875233,147.302126
Towada Oyu Onsen (十和田湖大湯温泉スキー場),Japan,Akita Prefecture,40.304802,140.828688
Javorná,Czechia,Plzeň,49.213622,13.293745
,Finland,Tavastia Proper,60.701230,24.909263
,Finland,Kymenlaakso,60.542309,26.886481
Kokhta - Mitarbi (Bakuriani),Georgia,Samtskhe-Javakheti,41.737722,43.557882
Saddle Mountain Resort,Canada,British Columbia,52.102499,-119.252472
,Russia,Moscow Oblast,55.732178,38.854517
Skigebiet Sauerberg Frammersbach,Germany,Bavaria;Hesse,50.066389,9.427756
Ski Makov,Slovakia,Zilina,49.344922,18.475786
红花尖滑雪场,China,Hubei,31.061222,115.704852
Suishozan (水晶山スキー場),Japan,Akita Prefecture,40.176463,140.763249
Immenstadt Bühl Loipen,Germany,Bavaria,47.571835,10.197973
,Germany,Baden-Württemberg,48.390900,8.549421
,Norway,Trøndelag,63.640441,9.118503
,Sweden,Vasternorrland,62.209434,17.404231
,United States,Michigan,47.454035,-87.803802
,Norway,Møre and Romsdal,62.926949,8.057005
,Canada,New Brunswick,45.959590,-66.895302
Mount Baw Baw,Australia,Victoria,-37.838107,146.269192
Middagsasen,Norway,Viken,59.490622,10.834340
L'Abbaye,Switzerland,Vaud,46.639696,6.319654
,Russia,Chelyabinsk,55.752476,60.457656
Garland Resort,United States,Michigan,44.818362,-84.309801
Remi Ski Club,Canada,Ontario,49.377372,-82.188528
Groupe Plein Air Terrebonne,Canada,Quebec,45.711004,-73.662987
Gonten,Switzerland,Appenzell Innerrhoden,47.322270,9.361775
,Sweden,Varmland,59.558651,12.235711
Roundhill Ski Field,New Zealand,Canterbury Region,-43.823560,170.668992
Anzère,Switzerland,Valais,46.313608,7.402543
Snow Valley,United States,Vermont,43.199420,-72.969432
,Norway,Viken,59.705230,9.621123
Top of the Pines,United States,Colorado,38.107660,-107.791532
Erbeskopf,Germany,Rhineland-Palatinate,49.735780,7.083614
,Russia,Moscow Oblast,56.012187,36.936021
,France,Savoie,45.617907,6.781001
阿仁湯口内スキー場, Ani Yuguchinai Ski Area,Japan,Akita Prefecture,40.012752,140.393820
绿葱坡滑雪场,China,Hubei,30.809400,110.241258
Kinosoo Ridge,Canada,Alberta;Saskatchewan,54.440099,-110.019150
,Russia,Tomsk,56.542080,84.969555
Норд Стар (Nord Star),Russia,Murmansk,68.918286,33.109190
Sugarite,United States,Colorado,37.005817,-104.346964
Mission Ridge,Canada,Saskatchewan,50.752934,-103.780647
,Russia,Penza,53.699809,43.961213
,Germany,Baden-Württemberg,47.851891,9.179149
Monte Bianco,Argentina,Chubut,-42.830247,-71.493684
Ondrášova dolina,Czechia,Moravian-Silesian,49.562507,18.419656
,Canada,Saskatchewan,51.777057,-106.439857
Nax - Mont Noble,Switzerland,Valais,46.215908,7.468487
,Norway,Innlandet,61.210671,10.129685
Mont-Bellevue,Canada,Quebec,45.384592,-71.910432
Pine Valley Ski Area and Jump center,United States,Minnesota,46.704821,-92.462547
,Russia,Buryat,51.341573,108.431525
,Germany,Rhineland-Palatinate,49.722708,7.063985
Pembrey ski centre,United Kingdom,Carmarthenshire,51.678057,-4.300190
Homberg,Switzerland,Bern,46.770045,7.677703
,Slovakia,Presov,49.285267,20.287385
,China,Anhui,31.166365,115.778688
,Sweden,Dalarna,60.406652,14.657687
Роза Хутор, Rosa Khutor,Russia,Krasnodar,43.630780,40.312701
Миньяр (Minyar),Russia,Chelyabinsk,55.080065,57.555706
Skilift Mühldorf,Austria,Carinthia,46.858037,13.331443
,Norway,Trøndelag,62.966996,11.794100
,Austria,Upper Austria,48.533669,14.802746
Vals,Switzerland,Graubunden,46.602601,9.133281
,Russia,Chelyabinsk,55.121309,59.588910
Uplands Ski Centre,Canada,Ontario,43.825502,-79.439306
Rotary-Pembina Nordic Community Trails North Trail System,Canada,Alberta,53.250094,-114.903745
,United States,Wyoming,42.968413,-109.763049
Bublava,Czechia,Karlovy Vary,50.371296,12.509197
,Norway,Trøndelag,62.825350,10.262523
,Finland,Central Finland,62.664828,25.291210
Wildcat Mountain,United States,New Hampshire,44.259941,-71.234148
,Norway,Viken,59.347842,11.189021
,Norway,Troms og Finnmark,68.904304,17.961427
,Sweden,Norrbotten,65.534819,21.178607
,United States,Vermont,44.117041,-72.913532
Götschenkopf,Germany,Bavaria,47.642419,12.940034
Mulligan's Hollow,United States,Michigan,43.056183,-86.239154
Ski areál Kyčerka,Czechia,Zlín,49.352072,18.289449
,Russia,Moscow Oblast,55.913294,38.049558
,United States,Alaska,64.868284,-147.919269
Sestriere,Italy,Turin,44.958532,6.902687
,Canada,Quebec,47.852809,-70.378795
,Finland,Kainuu,64.732635,28.266340
,Russia,Kirov,58.492762,49.977812
,Russia,Oryol,53.023324,36.158891
,Italy,Udine,46.436268,13.562622
Mrákotín,Czechia,Vysocina,49.185971,15.385126
Skigebiet Lackenhof - Ötscher,Austria,Lower Austria,47.858176,15.164872
,Ukraine,Zakarpattia,48.619945,22.972565
,Estonia,Jarva,58.820452,25.418453
Mt Seymour,Canada,British Columbia,49.371085,-122.945082
,Germany,Baden-Württemberg,47.690349,7.930905
,Canada,Manitoba;Saskatchewan,54.737629,-101.844535
Laterns-Gapfohl,Austria,Vorarlberg,47.270078,9.754943
Poráč Park,Slovakia,Kosice,48.875953,20.741993
Trillevallen,Sweden,Jamtland,63.261122,13.120336
Norikura Kogen Igaya (乗鞍高原　いがやスキー場),Japan,Nagano Prefecture,36.120025,137.642823
La Contienda, La Contiendako eski pistak,Spain,Navarre,42.964094,-0.764191
ГЛК Форино,Russia,Tula,54.337971,37.492127
Marble Mountain,Canada,Newfoundland and Labrador,48.942096,-57.828362
,Sweden,Vasterbotten County,64.835772,18.789727
Madarasi Hargita,Romania,Harghita,46.440023,25.573651
JONAS Park Ostružná,Czechia,Olomouc,50.187954,17.042130
,Russia,Krasnoyarsk,55.858839,93.078192
,Russia,Murmansk,68.885820,32.996250
Noeux-les-Mines - Loisinord,France,Pas-de-Calais,50.472013,2.679300
Strandafjellet skisenter,Norway,Møre and Romsdal,62.292687,6.843195
,Germany,Bavaria,47.705373,10.790244
,Russia,Moscow Oblast,55.758218,38.024197
,Estonia,Põlva,58.092198,27.464758
,United States,Wyoming,41.268039,-110.982839
Awakino Ski Area,New Zealand,Canterbury Region,-44.779747,170.314325
Ardahan,Turkey,Ardahan,41.046771,42.522171
,Norway;Sweden,Jamtland;Trøndelag,62.945213,11.832165
,Sweden,Orebro,59.515431,15.019284
Trysil,Norway,Innlandet,61.314186,12.205204
Hinterstoder,Austria,Upper Austria,47.677193,14.167807
Ski Eldorado - Secteur 10e Rang,Canada,Quebec,45.311777,-71.103318
,Norway,Møre and Romsdal,62.335930,7.344572
,Finland,Southern Ostrobothnia,63.129196,22.793326
Pelister,North Macedonia,Bitola Municipality,41.037313,21.224376
,Canada,Quebec,46.286362,-74.213819
,Norway,Nordland,67.090289,15.359897
,Sweden,Vasterbotten County,64.214066,19.729208
,Germany,Saxony,50.506265,13.023610
,Canada,Quebec,45.700811,-73.720399
,Austria,Vorarlberg,47.211626,9.843200
Stryn Sommer-skisenter,Norway,Vestland,61.948962,7.357407
,Germany,Bavaria,47.890879,10.419797
Kasina SKI,Poland,Lesser Poland Voivodeship,49.717359,20.157572
,Sweden,Stockholm,59.527998,18.337210
Cerro Punta Negra (Formerly Valle Manantiales),Argentina,Mendoza,-33.619582,-69.507562
Proctor Ski area,United States,New Hampshire,43.430849,-71.830451
Vimpelinvaaran laskettelurinne,Finland,Kainuu,64.208723,27.699514
Skilift Kronberg,Austria,Upper Austria,47.904367,13.499871
,United States,New York,42.642495,-77.965590
Lekotti,Finland,Southern Savonia,62.181230,29.175928
,Austria,Tyrol,47.070296,10.957702
Wakkanai Park (稚内市公園スキー場),Japan,Hokkaido Prefecture,45.416516,141.668131
,Italy,Trento,46.310107,11.616092
Chimney Park Nordic Trails,United States,Wyoming,41.068450,-106.100857
Ryssbergsbacken,Sweden,Sodermanland,58.736552,16.966261
Selfranga,Switzerland,Graubunden,46.859551,9.887647
,Sweden,Jamtland,62.150599,13.888996
Al Quaal,United States,Michigan,46.514269,-87.656570
Indoor Ski Rotterdam,Netherlands,South Holland,51.940227,4.544873
,Poland,Silesian Voivodeship,49.753335,18.998438
,Germany,Baden-Württemberg,49.003376,9.619215
,Germany,Baden-Württemberg,48.025765,9.252887
,Russia,Krasnoyarsk,55.902553,93.167399
,Austria,Styria,47.620101,14.442348
,Germany,Saxony,51.004055,14.247719
Phillips School Forest,United States,Wisconsin,45.712726,-90.366457
Mystery Mountain,Canada,Manitoba,55.868826,-97.776935
,Norway,Viken,60.267182,11.155066
Eagle Bluff,United States,Wisconsin,46.469892,-90.203633
,United Kingdom,Lancashire,53.704438,-2.300857
Maggie's Hill,United States,Colorado,40.068227,-106.104058
,Bulgaria,Sliven;Veliko Turnovo,42.784831,25.959907
Skiareál Plešivec,Czechia,Karlovy Vary,50.354741,12.831543
Northampton Park,United States,New York,43.185407,-77.875423
Буковель, Bukowina,Ukraine,Ivano-Frankivs'k,48.364632,24.402156
,United States,New Hampshire,44.270548,-71.349938
Vrátna,Slovakia,Zilina,49.217820,19.045191
,Germany,Saxony,50.700992,12.776954
Blue Hills Trail,United States,Wisconsin,45.542018,-91.401023
Superstacja Czarnów-Ski Pisarzowice,Poland,dolnoslaskie,50.790217,15.930525
,Canada,British Columbia,54.475906,-122.678522
薬師スキー場, Yakushi Ski Area,Japan,Niigata Prefecture,37.233181,138.993637
,Russia,Udmurt,56.838228,53.264704
Les Angles,France,Pyrénées-Orientales,42.577355,2.074184
Petříkovice,Czechia,Hradec Králové,50.597980,15.991476
千歳市民スキー場, Chitose Shimin Ski Area,Japan,Hokkaido Prefecture,42.802138,141.615427
Utah Olympic Park,United States,Utah,40.711219,-111.561919
Green Mountain,United States,Wyoming,41.136827,-106.901475
Bad Kleinkirchheim,Austria,Carinthia,46.816919,13.783350
Alpsee Bergwelt,Germany,Bavaria,47.560575,10.138768
,Germany,Bavaria,47.639712,10.138733
,Russia,Kurgan,55.371737,65.366656
,Finland,North Karelen,63.103295,29.822497
Elatohori,Greece,Central Macedonia,40.305669,22.207830
,Finland,Southern Savonia,61.890706,28.812549
,United States,Wyoming,43.258289,-110.644700
Eagle Rock,United States,Wyoming,41.273775,-110.777979
Le Val d'Ambin (Val Cenis),France,Savoie,45.220123,6.806223
梦都美滑雪场,China,Jilin,43.033948,129.586569
Ski Juwel Alpbachtal Wildschönau,Austria,Tyrol,47.386261,11.965920
Atsumi Onsen Ipponki (あつみ温泉一本木),Japan,Yamagata Prefecture,38.578066,139.698143
,Canada,Quebec,48.814481,-79.291806
Mt. Joy,United States,Michigan,46.479807,-89.923010
Rikert Outdoor Center,United States,Vermont,43.962295,-72.991259
Sonnenlifte Röfleuten/Halden,Germany,Bavaria,47.584493,10.538523
Troodos Ski Resort,Cyprus,Limassol,34.937308,32.866655
Riyuexia Ski Field,China,Heilongjiang,47.182308,128.372129
Icicle River Ski & Snowshoe Area,United States,Washington,47.553820,-120.674209
Mount Evergreen,Canada,Ontario,49.792984,-94.413671
,Norway,Innlandet,62.229871,11.476785
,Austria,Lower Austria,48.018337,15.899640
,United States,Idaho,43.564050,-111.216020
,Norway,Innlandet,61.188270,11.259259
,Belarus,Homyel'skaya Voblasts',52.362410,30.324523
Skigebiet Almenwelt Lofer,Austria,Salzburg,47.602512,12.658050
Ski Strelníky,Slovakia,Banska Bystrica,48.715572,19.404800
Ratzi,Switzerland,Uri,46.884831,8.732719
,Germany,Saxony,51.183478,14.052985
Sainte-Croix / Les Rasses,Switzerland,Vaud,46.834611,6.531148
Douglas Park cross country ski trails,Canada,Saskatchewan,50.428069,-104.578943
,Finland,Uusimaa,60.180472,24.989849
Tänndalen,Sweden,Jamtland,62.562598,12.230785
Gateway Hills Snow park,United States,New Hampshire,42.715000,-71.453383
,Germany,Baden-Württemberg,48.711490,10.233084
张家界冰雪世界,China,Hunan,29.262107,110.706692
,Finland,Paijanne Tavastia,61.494649,25.680360
Schizentrum Rettenbach,Austria,Burgenland,47.410873,16.244343
,Norway,Viken,60.694792,7.799865
,United States,Idaho,44.146088,-114.946264
Skigebiet Ifen,Austria;Germany,Bavaria;Vorarlberg,47.350467,10.124710
,Norway,Trøndelag,63.713014,10.223077
Montagne Grande-Coulée – Parc des Appalaches,Canada,Quebec,46.685707,-70.364776
,Finland,Uusimaa,60.275398,24.403374
Vålådalen,Sweden,Jamtland,63.156054,12.976190
,Latvia,Madonas,56.874717,25.963641
Miroslav,Czechia,Olomouc,50.219894,17.125815
Busovača,Bosnia and Herzegovina,Central Bosnia,44.061457,17.804320
,Russia,Perm,56.739728,54.044013
,Norway,Innlandet,61.154846,8.882358
Schuss Mountain,United States,Michigan,44.943843,-85.135503
,Russia,Udmurt,57.320391,52.126377
Irish Hills Sports Park,United States,Michigan,42.054997,-84.156046
武当国际滑雪场,China,Hubei,32.380791,110.686766
,Sweden,Uppsala,59.740754,17.796508
Treetops Sylvan Resort,United States,Michigan,45.038081,-84.591765
Mäenpään hiihtokeskus,Finland,Southern Ostrobothnia,63.153912,23.008520
Новососедово (Novososedovo),Russia,Novosibirsk,54.637613,84.023727
Wurzeralm,Austria,Upper Austria,47.636718,14.294977
万科石京龙滑雪场, Shijinglong Ski Resort,China,Beijing,40.525544,115.962356
,Canada,Quebec,45.999641,-73.109553
,Germany,Baden-Württemberg,47.787155,8.244743
,Russia,Tatarstan,55.830042,48.949185
Dakota Ridge Recreation Site,Canada,British Columbia,49.524064,-123.600630
Hemsedal skisenter,Norway,Viken,60.852227,8.508853
Mountain Green,United States,Utah,41.165000,-111.728417
,Russia,Moscow Oblast,55.747286,38.043030
,Sweden,Vasternorrland,62.264114,17.359975
Ristolas en Queyras,France,Hautes-Alpes,44.771825,6.961470
,Germany,Bavaria,48.205940,10.409825
Brigels-Waltensburg-Andiast, Brigels-Waltenburg-Andiast, Breil-Vuorz-Andiast,Switzerland,Graubunden,46.790259,9.076800
Yawgoo Valley Ski Area,United States,Rhode Island,41.517093,-71.529742
,Russia,Saratov,51.572698,45.939768
Bracknell,United Kingdom,Bracknell Forest,51.414669,-0.786771
Bornholms Ski Venner,Denmark,Capital,55.184570,14.952781
日照五莲山滑雪场,China,Shandong,35.705435,119.393622
,Russia,Bashkortostan,53.628935,55.990703
Mouthe,France,Doubs,46.703134,6.216920
SkiGyimes, Gyimesi Bob- és Sípálya,Romania,Harghita,46.518628,25.955720
Patschiedlift,Austria,Tyrol,47.111386,10.588760
Kasurila,Finland,Northern Savonia,63.044011,27.708374
Korek Mountain,Iraq,Arbil,36.589589,44.459155
,Norway,Viken,59.953636,10.992958
,Czechia;Germany,Bavaria;Plzeň,49.212054,13.121274
Devon,Canada,Alberta,53.363239,-113.710620
,Russia,Moscow Oblast,56.429712,37.457405
CAVOC Trails,United States,Wisconsin,45.627944,-89.348145
,Austria,Tyrol,47.368377,11.711106
Kolbensattel (Oberammergau),Germany,Bavaria,47.592618,11.044543
Skizentrum Windeck Hinterzarten,Germany,Baden-Württemberg,47.901580,8.082737
Ski areál Detoa,Czechia,Liberec,50.759194,15.295319
Mt. Baldy,United States,California,34.272420,-117.610249
Pine Mountain Ski Hill,United States,Michigan,45.836036,-88.086202
,Norway,Viken,60.237654,9.354726
Buffalo Valley Ski Area,United States,Minnesota,45.176584,-93.918300
Ogaya (大茅スキー場),Japan,Okayama Prefecture,35.223644,134.368052
Atsuta Village (厚田村スキー場),Japan,Hokkaido Prefecture,43.405519,141.434950
Zvičina,Czechia,Hradec Králové,50.455567,15.694674
,Finland,Southern Ostrobothnia,62.627196,22.987698
,Canada,Quebec,46.300174,-74.637392
Tavascan,Spain,Lleida,42.671628,1.213256
Hirmentaz - Les Habères,France,Haute-Savoie,46.240797,6.509626
Whaleback Mountain,United States,New Hampshire,43.598600,-72.183498
,Norway,Innlandet,61.798493,10.272399
San Martino di Castrozza,Italy,Trento,46.262511,11.792154
,Hungary,Budapest,47.459800,18.987997
Skizentrum Herzebösch,Belgium,Liège,50.453752,6.232632
Kanc Recreation Area,United States,New Hampshire,44.053835,-71.663054
,France,Haute-Saône;Territoire de Belfort;Vosges,47.802774,6.811868
Iwakiyama Skyline (岩木山スカイラインスキー場),Japan,Aomori Prefecture,40.653155,140.292492
Monte Carpegna,Italy,Pesaro E Urbino,43.806322,12.333716
,Sweden,Varmland,60.145553,12.992880
金龙山滑雪场,China,Inner Mongolia,48.048917,122.626347
Badlands Snow Park,United States,Wisconsin,44.972738,-92.641938
Björnrike,Sweden,Jamtland,62.421294,13.958553
Moléson,Switzerland,Fribourg,46.556851,7.026206
Siguldas Trase,Latvia,Siguldas,57.159243,24.838603
French Rapids Ski Trails,United States,Minnesota,46.409042,-94.147414
,Canada,Quebec,46.752566,-75.698149
Warth-Schröcken,Austria,Vorarlberg,47.257421,10.130527
Pragelato,Italy,Turin,44.987659,6.940269
,Czechia,South Bohemian,48.911067,13.833690
,Norway,Viken,59.740019,9.957293
,United States,Idaho,44.275680,-115.036836
Turmkogellifte Puchenstuben,Austria,Lower Austria,47.916811,15.281805
Les Paccots,Switzerland,Fribourg,46.513429,6.948498
,Russia,Sverdlovsk,56.790648,60.552431
Little Mountain,United States,Utah,40.774088,-111.722068
,Germany,Saxony,50.975307,13.625917
,United States,Wisconsin,46.419262,-90.368775
,Germany,Baden-Württemberg,48.054012,8.143167
Mount Buffalo,Australia,Victoria,-36.761734,146.784747
Shibetsu City Hinata (日向スキー場),Japan,Hokkaido Prefecture,44.265734,142.339899
Цей,Russia,North Ossetia-Alania,42.778286,43.901488
Skiareál Benecko,Czechia,Liberec,50.663737,15.550380
Mosorny Groń,Poland,Lesser Poland Voivodeship,49.617992,19.558465
,Canada,Quebec,45.097314,-72.580844
,Norway,Troms og Finnmark,69.673858,29.952586
Салма (Salma),Russia,Murmansk,67.440638,32.455785
,Russia,Vologda,59.180673,39.318978
Pescegallo,Italy,Sondrio,46.031107,9.571269
,Finland,Pirkanmaa,61.451777,23.483388
,Norway,Agder,58.621115,8.827666
Ironwood Ridge,United States,New York,42.934872,-75.919304
Saw Creek Estates Ski Area,United States,Pennsylvania,41.126618,-75.050826
Grand Targhee Resort,United States,Wyoming,43.786422,-110.947754
Milan Hill State Park,United States,New Hampshire,44.572869,-71.225690
Pushangyuan Swan Lake,China,Henan,35.784490,114.954067
,Germany,Bavaria,47.871392,11.892479
,Italy,Valle D'Aosta,45.877912,7.638770
Xudong Ski Playground,China,Heilongjiang,45.264803,127.397049
,Russia,Arkhangelsk,64.549297,39.811095
Spring Gulch Trail System,United States,Colorado,39.358603,-107.300092
Janské Lázně - Černá hora,Czechia,Hradec Králové,50.643479,15.761425
Mainalo,Greece,Peloponnese,37.650806,22.261496
,Canada,Quebec,45.652166,-74.958527
Спортивный комплекс Юкки ГАУ ЛО Спортивно-тренировочный центр Ленинградской области, Yukki Park,Russia,Leningrad,60.108323,30.313390
,Austria,Tyrol,47.470323,12.147483
Myrkdalen,Norway,Vestland,60.863265,6.469301
,Norway,Innlandet,60.735522,11.173204
,Norway,Viken,59.686699,10.278853
Skiareál Jizerský kopec,Czechia,Liberec,50.774133,15.359705
,Austria,Carinthia,46.550432,14.048107
용평리조트, Yongpyong Resort,South Korea,Kangwon-Do,37.634349,128.678622
Villa Olivia,United States,Illinois,42.012840,-88.220875
,Sweden,Dalarna,61.198680,13.024944
,United States,New Hampshire,44.266237,-71.506431
,Russia,Tatarstan,55.822060,49.172955
Beatton Provincial Park,Canada,British Columbia,56.326956,-120.956345
朝里川温泉スキー場, Asarigawa Onsen Ski Resort,Japan,Hokkaido Prefecture,43.140178,141.028099
Kraljevica,Serbia,Zajecar,43.895948,22.281750
,Germany,Baden-Württemberg,48.324498,9.039580
,United States,Vermont,44.249395,-72.545444
Eaglecrest Ski Area,United States,Alaska,58.265920,-134.508659
,Norway,Agder,58.818488,7.454631
,Russia,Perm,58.257654,54.909955
,Canada,Alberta,54.770494,-111.655696
,Canada,Saskatchewan,53.194324,-104.520855
Val Bialas Ski Center,United States,New York,43.084514,-75.249953
,Russia,Bashkortostan,53.585462,58.584646
Reinswald,Italy,Bolzano/Bozen,46.698169,11.442129
,France,Isère,45.029793,5.843621
阿尔山太伟滑雪场,China,Inner Mongolia,47.169458,119.927496
,Latvia,Madonas,56.832820,26.180266
,Germany,Bavaria,47.589863,10.571587
,Norway,Troms og Finnmark,69.686367,18.613052
Calafate Mountain Park,Argentina,Santa Cruz,-50.395127,-72.317756
,Finland,Uusimaa,60.105174,24.466113
サンメドウズ清里スキー場, Sun Meadows Kiyosato Ski Area,Japan,Yamanashi Prefecture,35.950237,138.409150
Northeast Slopes,United States,Vermont,44.071656,-72.252568
Myler Mountain Resort,Armenia,Aragatsotn,40.508970,44.458923
,Sweden,Jamtland,63.257148,12.391421
Hanamaki Namari Onsen (花巻鉛温泉),Japan,Iwate Prefecture,39.461940,140.992822
Teichalm Lifte,Austria,Styria,47.345765,15.457201
,Canada,Alberta,54.713190,-113.303907
,Finland,North Karelen,62.588050,30.088052
,Austria,Lower Austria,47.906037,15.280645
Harpefossen skisenter,Norway,Vestland,61.962756,5.931724
Chäserrugg-Alt St. Johann,Switzerland,Saint Gallen,47.177468,9.304260
Freesports Arena Dachstein Krippenstein,Austria,Upper Austria,47.526888,13.690180
,Norway,Trøndelag,63.599422,10.117647
Buron,Germany,Bavaria,47.603388,10.453877
Feldis,Switzerland,Graubunden,46.795169,9.448927
妙木山滑雪场,China,Jiangsu,34.929688,118.850459
,Switzerland,Bern,46.587848,7.335138
Langis / Glaubenberg,Switzerland,Obwalden,46.892794,8.122463
Dackestupet,Sweden,Kalmar,57.303511,15.569576
,Switzerland,Graubunden,46.776827,10.278577
,Norway,Nordland,67.301021,14.526303
Shuttleberg Flachauwinkl-Kleinarl,Austria,Salzburg,47.290308,13.343972
,Norway,Viken,59.228622,11.641614
Big Moose Mountain Ski Area,United States,Maine,45.497298,-69.706734
東藻琴白かば台スキー場, Higashimokoto Shirakabadai Ski Area,Japan,Hokkaido Prefecture,43.823531,144.302628
,Russia,Krasnoyarsk,69.492349,88.467361
Bourg d'Oueil,France,Haute-Garonne,42.857706,0.494122
SnowWorld Antwerpen,Belgium,Antwerpen,51.159980,4.373903
北志賀小丸山スキー場, Kitashiga Komaruyama Ski Resort, Kitashiga Komaruyama sukī-ba,Japan,Nagano Prefecture,36.793381,138.455428
,Finland,Kainuu,64.409426,27.817546
Izver,Slovenia,Southeast Slovenia,45.753601,14.641557
,Austria,Vorarlberg,47.401168,9.863795
,Czechia,Hradec Králové,50.713984,15.711965
,France,Ain,46.209973,5.771209
Nakajo Katsura (中条桂スキー場),Japan,Niigata Prefecture,37.152299,138.779955
,Norway,Viken,59.853263,9.884332
大连安波温泉滑雪场,China,Liaoning,39.811441,122.279319
Rainbow Valley Ranch,United States,Colorado,38.859376,-105.165816
,Belarus,Haradzyenskaya Voblasts',53.759181,23.844979
丸沼高原スキー場, Marunuma Kogen Ski Resort,Japan,Gunma Prefecture,36.810710,139.343402
Нестюковская,Russia,Perm,57.886583,56.241113
Ancelle,France,Hautes-Alpes,44.610153,6.209826
Shiga Kogen (志賀高原),Japan,Nagano Prefecture,36.738528,138.502918
Estació d'esquí de Llessuí,Spain,Lleida,42.445346,1.037117
Superior Slopes,Canada,Ontario,48.709260,-86.319501
Malo polje Igman (ZOI '84),Bosnia and Herzegovina,Sarajevo,43.766728,18.247404
Ankogel Mallnitz,Austria,Carinthia,47.028376,13.199763
Tahoe Donner Downhill Ski Area,United States,California,39.350990,-120.263266
Skigebiet Dreiländereck - Arnoldstein,Austria;Slovenia,Carinthia;Upper Carniola,46.527953,13.718781
,Estonia,Pärnu,58.225009,24.511274
,Norway,Vestland,61.856480,6.442259
,Germany,Baden-Württemberg,47.741128,10.069031
,Germany,Saxony,50.614787,13.092603
,Russia,Leningrad,60.113305,30.324461
Mont Chalco,Canada,Quebec,49.911935,-74.303303
,Czechia;Poland,Moravian-Silesian;Silesian Voivodeship,49.537457,18.804185
Monte Piselli,Italy,Teramo,42.788942,13.581503
,Austria,Styria,47.063534,14.253799
,Canada,Newfoundland and Labrador,51.498030,-56.976959
Col de Légal,France,Cantal,45.071144,2.564492
,Russia,Gorno-Altay,51.964736,86.385666
,Germany,Bavaria,49.478815,11.594605
UBOC,Poland,Lesser Poland Voivodeship,49.332785,19.820590
,Latvia,Daugavpils,55.908471,26.565131
天元台高原, Tengendai Kogen,Japan,Yamagata Prefecture,37.767189,140.138898
Three Summits,United States,Washington,47.403717,-121.414767
Geretsried - Wiesen,Germany,Bavaria,47.836992,11.466447
СТЦ Нечкино,Russia,Udmurt,56.674017,53.755047
Шымбұлақ, Shymbulak, Шымбулак,Kazakhstan,Almaty,43.122714,77.093313
Les Cotes 40/80,Canada,Quebec,45.955207,-74.143124
Kettilsas,Sweden,Jonkoping,57.405026,15.180291
,Norway,Viken,59.789217,11.452041
,Germany,Bavaria,49.727331,11.626375
BaiQingZhai Ski Field,China,Liaoning,41.578186,123.708475
Snow Ridge,United States,New York,43.639802,-75.420628
,Norway,Trøndelag,63.433436,9.671988
,Norway,Trøndelag,63.295664,8.959721
Hiihtokeskus Himosvuori,Finland,Central Finland,61.879297,25.306909
,Norway,Innlandet,60.504428,11.577819
Sleepy Hollow Sports Park,United States,Iowa,41.588031,-93.534631
Ober Mountain,United States,Tennessee,35.701580,-83.559566
Le Laveron,France,Doubs,46.841250,6.281920
,Germany,Saxony,50.840755,13.122694
Passo Lavazè,Italy,Trento,46.354913,11.485464
Yakurai Family (やくらいファミリースキー場),Japan,Miyagi Prefecture,38.574979,140.717468
,France,Lozère,44.420561,3.767692
,Finland,Southwest Finland,60.810567,21.412485
,Canada,Quebec,45.996622,-74.078704
Little Mac,Canada,British Columbia,55.338487,-123.083352
,Norway,Viken,59.946359,10.511304
,Canada,Quebec,45.929795,-74.192789
Savognin,Switzerland,Graubunden,46.579191,9.570925
,Germany,Bavaria,47.646425,10.721260
,Norway,Trøndelag,63.777736,11.077196
,Norway,Troms og Finnmark,69.502975,25.520233
,Sweden,Varmland,60.809456,12.890822
,Norway,Trøndelag,62.506474,9.636398
Lyžařský areál Kobyla,Czechia,South Bohemian,49.064113,13.630130
,Norway,Vestland,61.879057,6.330137
,Austria,Tyrol,47.589793,12.117973
Nollen,Switzerland,Thurgau,47.493977,9.119931
,United States,New York,42.890295,-75.819054
Trout Lake Recreation Area,United States,Minnesota,47.439645,-93.573118
安平山 スキー場, Anpeizan ski resort,Japan,Hokkaido Prefecture,42.864214,141.794583
,Estonia,Harju;Rapla,59.090717,24.355196
,Finland,Kainuu,64.877815,27.685199
,Germany,Bavaria,49.075491,13.199340
DC Shoes Mountain Lab,United States,Utah,40.757205,-111.538997
,Russia,Moscow Oblast,55.913595,37.598519
Grande Coulee,Canada,Quebec,46.693843,-70.368204
Fairmont Hot Springs,Canada,British Columbia,50.337524,-115.820729
,Germany,Saxony,50.471972,12.605014
Lus la Jarjatte,France,Drôme,44.672353,5.767707
Sleeping Giant Winter Sports Area,United States,Wyoming,44.490231,-109.943972
,Canada,Yukon,60.669142,-135.004584
,Canada,Saskatchewan,55.199662,-105.290588
,Finland,Ostrobothnia,63.126859,21.645174
Rukatunturi, Ruka,Finland,Northern Ostrobothnia,66.167064,29.158381
Nerskogen skisenter,Norway,Trøndelag,62.766615,9.622006
,Norway,Innlandet,62.114232,11.644102
Monte Popolo - Eben im Pongau,Austria,Salzburg,47.403963,13.413934
Polanki,Poland,Lesser Poland Voivodeship,49.608138,20.293140
,Russia,Perm,57.978690,56.144331
,Sweden,Dalarna,60.512850,15.941428
Gantrisch,Switzerland,Bern,46.734555,7.404258
Brimacombe,Canada,Ontario,44.024426,-78.577700
Crested Butte Nordic,United States,Colorado,38.870983,-106.977727
Bačova roveň,Slovakia,Zilina,48.928453,19.745709
하이원스키장, HiOne Ski,South Korea,Kangwon-Do,37.199132,128.829632
,United States,New York,41.298424,-73.994368
Zuoz,Switzerland,Graubunden,46.607006,9.947191
,Russia,Yamalo-Nenets,66.591087,66.565957
Birch Park,United States,Wisconsin,45.055758,-92.750380
Les Entremonts,France,Savoie,45.471567,5.864922
Tobadill,Austria,Tyrol,47.120747,10.516265
Superior Municipal Forest,United States,Wisconsin,46.696201,-92.141335
Ruosniemi,Finland,Satakunta,61.507900,21.872939
알펜시아 리조트, Alpensia Resort,South Korea,Kangwon-Do,37.483443,128.244798
,Norway,Innlandet,60.652137,12.027657
,Canada,Quebec,48.441917,-71.164446
,Germany,Rhineland-Palatinate,50.712637,8.020355
,Russia,Kirov;Tatarstan,56.197852,50.880717
,Poland;Slovakia,Lesser Poland Voivodeship;Zilina,49.587278,19.520418
,Sweden,Gavleborg,60.664431,16.829149
Allemont,France,Isère,45.120939,6.027385
Jerikobakken,Norway,Oslo,59.932437,10.886957
,Austria,Tyrol,47.539583,12.091106
MAJAsport,Czechia,Hradec Králové,50.712325,15.578747
,Austria,Salzburg,47.471028,13.266357
,Germany,Bavaria,49.666367,12.244943
Highland National Golf Course,United States,Minnesota,44.916208,-93.160845
,Norway,Oslo,59.892648,10.782394
Cerro El Fraile,Chile,De Aisen,-45.635103,-71.998412
Turecká,Slovakia,Banska Bystrica,48.855948,19.093759
Schilifte Kirchschlag,Austria,Upper Austria,48.416663,14.280945
,Russia,Bashkortostan,56.095597,54.214662
Craigieburn Valley Ski Area,New Zealand,Canterbury Region,-43.111117,171.698985
,Austria,Salzburg,47.818400,13.142002
Salamandra Resort,Slovakia,Banska Bystrica,48.454280,18.858498
Spicy Run Mountain,United States,Ohio,39.076493,-83.208539
,Czechia,South Moravian,49.228730,16.471932
Dethier Ski Ovifat,Belgium,Liège,50.481539,6.107528
Skiabfahrt Grainet,Germany,Bavaria,48.803977,13.648913
,Sweden,Vasterbotten County,64.849404,15.068825
Kompleks Pilsko-Jontek,Poland,Silesian Voivodeship,49.551665,19.332521
Zwardoń Ski,Poland,Silesian Voivodeship,49.508343,18.999084
Snow Goose Mountain Park & Resort,Canada,Newfoundland and Labrador,53.410453,-60.426779
,Germany,Baden-Württemberg,48.851888,10.339402
Wallbergbahn (Tegernsee),Germany,Bavaria,47.674379,11.777291
پیست اسکی خوشاکو, Khoshakoo Ski Resort,Iran,Azarbayjan-e Gharbi,37.461287,44.785103
,Czechia,Pardubice,49.701722,16.384356
,Italy,Trento,46.152364,10.960252
,Russia,Chelyabinsk,55.287161,59.840441
University of Wisconsin–Parkside Ski Trail,United States,Wisconsin,42.642105,-87.867720
,France,Savoie,45.352493,6.355410
Le Semnoz,France,Haute-Savoie,45.799422,6.102745
,United States,Wisconsin,44.476406,-90.732128
Biel - Kinzig,Switzerland,Uri,46.901713,8.709588
Falls Creek,Australia,Victoria,-36.870164,147.276095
,Ukraine,Dnipropetrovs'k,48.417310,35.047171
Кукисвумчорр,Russia,Murmansk,67.665483,33.701678
,United States,Idaho,46.233505,-116.615548
DSV Nordic Aktivzentrum Althütte,Czechia;Germany,Bavaria;Plzeň,49.335917,12.765185
Silver Star Mountain Resort,Canada,British Columbia,50.365733,-119.051583
Park sportu Hrubá Voda,Czechia,Olomouc,49.665978,17.436133
,Slovakia,Presov,49.353208,21.574932
La Quillane,France,Pyrénées-Orientales,42.540217,2.107963
Le Valtin,France,Vosges,48.094509,7.017620
Охта-Парк (Okhta Park),Russia,Leningrad,60.127832,30.440621
,Sweden,Norrbotten,65.606932,22.203148
,Italy,Pordenone,46.119672,12.528647
,Czechia;Germany,Saxony;Ústecký,50.930457,14.666385
Rausu Town (羅臼町民スキー場),Japan,Hokkaido Prefecture,44.018404,145.178404
,Austria,Lower Austria,48.370443,15.110615
Roubion-Les-Buisses,France,Alpes-Maritimes,44.076106,7.029832
Pany,Switzerland,Graubunden,46.934218,9.761154
Argentera,Italy,Cuneo,44.380827,6.952949
,Russia,Samara,52.993103,49.893573
La Bresse - Hohneck,France,Haut-Rhin;Vosges,48.033634,6.983692
,Norway,Innlandet,62.432776,10.439251
Лыжная база Оль-Гуль,Russia,Krasnoyarsk,69.372458,88.349451
Andiamo,Poland,Silesian Voivodeship,49.565126,19.350417
Heggesåsen Alpinbakke,Norway,Trøndelag,64.030101,11.496920
Green Woodlands,United States,New Hampshire,43.782835,-71.982841
Elver Park,United States,Wisconsin,43.037717,-89.507504
,Norway,Viken,59.778473,10.759585
,Slovakia,Banska Bystrica,48.591860,19.664416
Claviere,France;Italy,Hautes-Alpes;Turin,44.932747,6.771730
Recoaro Mille,Italy,Vicenza,45.677495,11.218174
Kjemsasen,Norway,Nordland,65.842318,13.353188
,Norway,Agder,59.362881,7.327252
Didveli (Bakuriani),Georgia,Samtskhe-Javakheti,41.707459,43.529599
Kienleiten - Brandenberg,Austria,Tyrol,47.488211,11.899491
,Russia,Sverdlovsk,57.887939,59.870146
,Russia,Kostroma,57.806321,40.954073
,Austria,Tyrol,46.724278,12.491102
,Sweden,Vasternorrland,62.522806,15.911801
,Norway,Innlandet,61.055848,10.327314
,Czechia,Hradec Králové,50.515316,16.104181
Stacja narciarska Małe Ciche,Poland,Lesser Poland Voivodeship,49.304710,20.085331
,Germany,Bavaria,47.851502,11.803389
,Finland,Uusimaa,60.178006,25.038631
,Ukraine,Lviv,48.968114,23.252655
Estación de Esquí y Montaña Alto Campoo,Spain,Cantabria,43.037627,-4.394868
Skigebiet Flattnitz,Austria,Carinthia,46.940510,14.010091
Estación Invernal y de Montaña Valgrande-Pajares, Estación Invernal y de Montaña Valgrande-Payares,Spain,Asturias;Leon,42.975080,-5.779070
,Finland,Northern Savonia,62.903661,27.687228
Lammertallift,Austria,Salzburg,47.501663,13.373998
,Italy,Trento,46.356276,10.692526
Ferguson Ridge Ski Area,United States,Oregon,45.277932,-117.113239
,Finland,Ostrobothnia,63.696728,22.731456
Muikamachi Sakado (六日町坂戸スキー場),Japan,Niigata Prefecture,37.064594,138.890102
Rothwald,Switzerland,Valais,46.278359,8.051307
,Czechia,Hradec Králové,50.558231,15.746652
,Hungary,Vas,47.382818,16.512301
Kawartha Nordic,Canada,Ontario,44.632582,-78.115169
,Norway,Vestland,60.595628,6.893906
,Czechia,Zlín,48.890320,17.701265
,Russia,Sverdlovsk,57.990871,61.682438
,Switzerland,Schwyz,47.064237,8.462900
Bergbahnen Werfenweng,Austria,Salzburg,47.460221,13.282150
,Italy,Udine,46.405350,12.884142
Cai Wei Manor,China,Shanxi,37.943973,112.616189
,France,Cantal,45.070990,2.853276
,Russia,Moscow Oblast,55.758795,37.848053
,Germany,Bavaria,49.879082,12.043838
,Slovakia,Zilina,49.369509,18.810077
,Germany,Baden-Württemberg,48.087782,8.622104
South Anderson Mountain Resort,Canada,British Columbia,49.612712,-121.224230
Mount Akabira (赤平山),Japan,Hokkaido Prefecture,43.540806,142.059197
Sauda skisenter,Norway,Rogaland,59.621424,6.242330
Les Prés-d'Orvin,Switzerland,Bern,47.146502,7.171367
Candanchu,France;Spain,Huesca;Pyrénées-Atlantiques,42.778682,-0.542429
,Canada,Alberta,50.648156,-114.514169
Blackwater Nordic Club,United States,New Hampshire,43.235268,-71.725955
Salzburger Kopf - Liebenscheid,Germany,North Rhine-Westphalia;Rhineland-Palatinate,50.680682,8.059887
,Switzerland,Graubunden,46.775419,10.210850
,United States,Wisconsin,44.832473,-92.755725
,Sweden,Vasternorrland,63.157377,18.251108
Kolašin 1600,Montenegro,Kolasin,42.840623,19.647669
Frost Fire Park,United States,North Dakota,48.911169,-98.067829
,Estonia,Harju,59.298246,24.688451
,Norway;Sweden,Innlandet,61.627778,12.132352
Area Sciistica Pratizzano,Italy,Reggio Nell'Emilia,44.375087,10.246697
,Norway,Innlandet,61.823901,9.399609
,Germany,Bavaria,47.764158,12.742920
Schauinsland - Hofsgrund,Germany,Baden-Württemberg,47.906399,7.891985
Lonesome Pines Ski area,United States,Kentucky,36.967088,-82.928665
Porcupine Mountains Winter Sports Complex,United States,Michigan,46.814572,-89.655123
Gore Mountain,United States,New York,43.681533,-74.016402
大围山滑雪场,China,Hunan,28.423193,114.123758
Kuriyama Town (栗山町スキー場),Japan,Hokkaido Prefecture,43.066791,141.785054
Karwendel Bergbahn,Austria,Tyrol,47.429312,11.696999
,Norway,Vestfold og Telemark,59.731098,9.279375
,Norway,Trøndelag,64.155242,10.529135
,United States,Alaska,59.227969,-135.474179
,Sweden,Dalarna,60.718510,14.913294
,Slovakia,Zilina,49.290456,18.849064
Asahi自然観スノーパーク, Asahi Shizenkan Snow Park,Japan,Yamagata Prefecture,38.304963,140.054942
,Germany,Baden-Württemberg,48.165449,9.110682
,United States,Illinois,42.259060,-88.306567
,Italy,Udine,46.357204,12.938496
Pine Knob Ski & Snowboard Resort,United States,Michigan,42.744806,-83.367292
Ассоль (Assol volsk),Russia,Saratov,52.065786,47.387613
Jackson XC,United States,New Hampshire,44.170002,-71.191848
Ivarčko,Slovenia,Carinthia,46.507376,14.966529
,Norway,Viken,60.005331,11.339134
Ski World,United States,Michigan,41.857719,-86.371465
George Washington Memorial Pines,United States,Minnesota,47.820744,-90.305092
,Czechia,Pardubice,50.042074,16.515951
Прикамье,Russia,Perm,58.061999,56.016526
Mont Cascades Ski,Canada,Quebec,45.589885,-75.846039
Spring Mountain Ski Area,United States,Pennsylvania,40.271831,-75.453524
Midland Ski Club (Ackers Adventure),United Kingdom,Birmingham,52.458005,-1.851707
,Finland,Southern Savonia,62.061006,28.293925
비발디파크, Vivaldi Park Skiworld,South Korea,Kangwon-Do,37.641972,127.687066
Mountain Top Cross Country Ski Resort,United States,Vermont,43.729857,-72.937531
Drouzin-le-Mont,France,Haute-Savoie,46.285308,6.649836
,Norway,Viken,60.029525,11.265864
,Norway,Trøndelag,64.753827,12.912185
Kasuga Chojadaira (春日長者平スキー場),Japan,Gifu Prefecture,35.506269,136.455547
,Iceland,Westfjords,66.042333,-23.262219
,Norway,Innlandet,60.433487,10.623783
Welch Village,United States,Minnesota,44.554868,-92.728446
,Norway,Innlandet,60.863448,12.092058
Yulongwan,China,Hebei,39.947553,117.599305
,Sweden,Dalarna,60.216005,14.969327
,Austria,Carinthia,46.702389,13.340854
Telluride Ski Area,United States,Colorado,37.919669,-107.834827
Valfréjus,France,Savoie,45.158362,6.660750
Suomutunturi,Finland,Lapland,66.552074,28.018269
神立高原スキー場, Kandatsu Kogen Ski Resort, Kandatsu kōgen sukī-ba,Japan,Niigata Prefecture,36.902345,138.809466
Výprachtice - Ovaz,Czechia,Pardubice,49.999979,16.672016
Alpine Valley Ski Area,United States,Michigan,42.652368,-83.522999
シャトレーゼスキーバレー野辺山, Chateraise Ski Valley Nobeyama,Japan,Nagano Prefecture,35.930048,138.499975
Skeikampen Alpinsenter,Norway,Innlandet,61.351006,10.076885
Blue Mound State Park,United States,Wisconsin,43.026917,-89.847238
,Estonia,Võru,57.570211,26.659585
Craigieburn,New Zealand,Canterbury Region,-43.116272,171.707382
Mount St. Louis Moonstone,Canada,Ontario,44.622961,-79.666407
,Russia,Moscow Oblast,55.779329,37.940616
,Germany,Baden-Württemberg,48.623562,8.526418
,Austria,Lower Austria,47.856535,15.040078
,Norway,Nordland,68.697210,15.377871
,Russia,Moscow Oblast,55.602756,38.075960
,Sweden,Vastra Gotaland,58.034468,12.828351
,Austria,Upper Austria,48.158633,13.624019
,Switzerland,Appenzell Ausserrhoden,47.336626,9.245163
ひるがの高原スキー場, Hirugano Kogen Ski Resort,Japan,Gifu Prefecture,36.005661,136.912862
Žacléř - Arrakis,Czechia,Hradec Králové,50.649365,15.897410
,Germany,North Rhine-Westphalia,51.248956,8.543001
Blizzard Mountain,United States,Idaho,43.506288,-113.563491
Malam Jabba,Pakistan,Khyber Pakhtunkhwa,34.798833,72.573180
,United States,Illinois,42.116118,-88.313847
Kniplia,Norway,Viken,60.064308,11.009520
,United States,Vermont,43.823054,-72.230779
La Combe Saint-Pierre,France,Doubs,47.199964,6.849229
Birch Brook Cross Country Ski Trails,Canada,Newfoundland and Labrador,53.415326,-60.409827
,Russia,Komi,61.654983,50.745361
,France,Savoie,45.291961,6.233227
Oyu Onsen (大湯温泉スキー場),Japan,Niigata Prefecture,37.192968,139.082478
,Finland,Northern Ostrobothnia,64.919674,25.468586
Tamarack (Moscow Mtn),United States,Idaho,46.802747,-116.829858
Stok Bobliwo,Poland,Lubelskie,50.902439,23.054036
Strutsabacken,Sweden,Jonkoping,57.805763,14.282317
,Russia,Kostroma,57.703285,40.917509
Beaver Creek,United States,Colorado,39.613389,-106.535842
Hijiriyama Panorama (聖山パノラマホテル),Japan,Nagano Prefecture,36.491949,138.016579
Kaiserau,Austria,Styria,47.527804,14.484676
Summit Lake Ski & Snowboard Area,Canada,British Columbia,50.143634,-117.615581
,Norway,Viken,60.514834,8.961912
,United Kingdom,Kent,51.087537,1.167982
Familienschiberg St. Jakob im Walde,Austria,Styria,47.479532,15.785168
Severní svahy,Czechia,Olomouc,50.122993,17.156934
Moose Mountain Ski Resort,United States,Alaska,64.944869,-147.972316
Parque de Nieve Ruca Choroy,Argentina,Neuquen,-39.227355,-71.172778
Big Creek Ski Area,United States,Ohio,41.647086,-81.183879
Jungholz Skilifte,Austria,Tyrol,47.567803,10.452172
Lysgårdsbakkene hoppanlegg,Norway,Innlandet,61.125368,10.487769
,Sweden,Dalarna,61.991728,13.138944
Rambydalen,Norway,Viken,60.116506,11.202371
Hochwang,Switzerland,Graubunden,46.850634,9.652781
,United States,Vermont,44.813065,-72.449894
,Norway,Trøndelag,63.811195,10.965853
Mille Lacs Kathio State Park,United States,Minnesota,46.134712,-93.746204
,Norway,Nordland,67.286702,15.353284
たざわ湖スキー場, Tazawako Ski Resort,Japan,Akita Prefecture,39.762775,140.772051
Nowy Gierałtów,Poland,dolnoslaskie,50.299576,16.967530
,Germany,Saxony,50.370004,12.461562
,Turkey,Kars,40.323786,42.545009
,Russia,Bashkortostan,54.490766,54.119083
,Poland,Podkarpackie,49.061426,22.707702
,Norway,Innlandet,60.570455,11.695580
Terre Ronde - La Praille,France,Ain,45.984745,5.634971
La Magdeleine,Italy,Valle D'Aosta,45.810376,7.619362
Little Smoky Ski Area,Canada,Alberta,55.464234,-117.195840
Poley Mountain Ski Area,Canada,New Brunswick,45.678409,-65.379892
Belle Neige,Canada,Quebec,45.999466,-74.212904
,Norway,Vestfold og Telemark,59.039950,7.971266
Gsieser Tal, Valle di Casies,Italy,Bolzano/Bozen,46.794851,12.174565
白馬乗鞍スキー場, Hakuba Norikura Onsen Ski Resort, はくばのりくらスキーじょう,Japan,Nagano Prefecture,36.768760,137.867910
High Pond,United States,Vermont,43.738442,-73.135755
,Norway,Viken,60.950921,8.457619
SnowWorld Landgraaf,Netherlands,Limburg,50.874878,6.022696
Bosco Gurin – Grossalp,Switzerland,Ticino,46.316734,8.467528
Grünten (Rettenberg),Germany,Bavaria,47.582254,10.321147
,Sweden,Vasternorrland,63.006194,17.655639
,Germany,Bavaria,47.413034,10.273466
Kappruet,Sweden,Jamtland,62.671954,12.769199
Utah Olympic Park,United States,Utah,40.711614,-111.561699
,Russia,Nizhny Novgorod,55.969589,43.273402
Kawartha Peaks,Canada,Ontario,44.202759,-78.577051
Długa Polana,Poland,Lesser Poland Voivodeship,49.503773,20.065991
谷川岳天神平スキー場, Tanigawadake Tenjindaira Ski Area,Japan,Gunma Prefecture,36.823268,138.954180
,Russia,Mari El,56.592138,47.971731
Истлэнд (Eastland),Russia,Irkutsk,51.874878,104.843926
,Canada,Ontario,44.561545,-75.904385
,Russia,Moscow Oblast,56.255451,38.087358
,Russia,Mari El,56.587878,48.022299
Bodenmais - Silberberg,Germany,Bavaria,49.062117,13.118294
,Canada,Alberta,53.497198,-112.833041
Skigebiet Loser-Altaussee,Austria,Styria,47.658252,13.766221
,Norway,Vestfold og Telemark,58.889145,8.775312
,Finland,Lapland,67.369321,23.794256
,Finland,Southern Savonia,61.394571,26.858114
Mont Sauvage,Canada,Quebec,45.993145,-74.168401
,Sweden,Vastra Gotaland,57.491276,13.225751
,Estonia,Põlva,58.076630,27.060305
Misurina,Italy,Belluno,46.588006,12.257099
Mount Pleasant of Edinboro,United States,Pennsylvania,41.851473,-80.075005
Quarry Road Trails,United States,Maine,44.579577,-69.657310
,Norway,Vestfold og Telemark,59.745377,8.204245
Vodyaniki,Ukraine,Cherkasy,49.135750,30.788322
Belle Neige,Canada,Quebec,46.002019,-74.220018
,Ukraine,Ivano-Frankivs'k,48.312118,24.479255
禾木（吉克普林）国际滑雪度假区,China,Xinjiang Uyghur,48.609571,87.555150
U Gruloka,Poland,Lesser Poland Voivodeship,49.333878,20.012227
,Finland,Uusimaa,60.468791,24.791530
山泰生态园滑雪场,China,Shandong,37.104127,122.041883
,Italy,Bolzano/Bozen,46.947297,11.875797
Dobrinishte,Bulgaria,Blagoevgrad,41.742055,23.528466
,Norway,Trøndelag,63.068570,11.445135
,Norway,Troms og Finnmark,70.455888,27.949798
Karlików,Poland,Podkarpackie,49.426129,22.061490
新得山スキー場, Shintokuyama,Japan,Hokkaido Prefecture,43.090970,142.826776
,Austria,Lower Austria,48.114364,16.097752
La Lunada,Spain,Burgos,43.165408,-3.655104
Górka Środulska,Poland,Silesian Voivodeship,50.291545,19.167817
Ådneram Skitrekk,Norway,Agder,59.022200,6.913082
Karneralm,Austria,Salzburg,47.009055,13.790245
,Ukraine,Ivano-Frankivs'k,48.320294,24.496883
Lyžařský areál Světlý vrch,Czechia,Liberec,50.761858,15.287223
,Norway;Sweden,Jamtland;Trøndelag,63.691030,12.277530
,Sweden,Vastra Gotaland,57.781101,12.256181
,Switzerland,Bern,46.439291,7.457849
Whitehorse Nordic Centre,Canada,Yukon,60.712027,-135.126748
Chuderhüsi,Switzerland,Bern,46.874477,7.720566
,Norway,Troms og Finnmark,69.754841,19.900388
Красная Сопка (Krasnaya Sopka),Russia,Kamchatka,53.002108,158.661572
,Russia,Krasnoyarsk,55.827734,93.469916
六盘水梅花山国际滑雪场,China,Guizhou,26.604805,104.740771
,Switzerland,Bern,46.925707,7.814637
,Sweden,Varmland,59.668993,12.557323
,United States,Minnesota,44.555776,-92.499569
,Slovakia,Banska Bystrica,48.770742,19.991909
Mont Chalet,United States,Ohio,41.563557,-81.359446
Marmolada,Italy,Belluno;Trento,46.439523,11.891852
Allison-Chinook Cross Country Ski Trails (Crowsnest Pass),Canada,Alberta,49.661579,-114.591453
Stațiunea Turistică Semenic,Romania,Caras-Severin,45.193563,22.047107
Yabuli,China,Heilongjiang,44.781456,128.450208
,Finland,Satakunta,60.988069,22.226660
,Germany,North Rhine-Westphalia,51.282917,8.127600
Lygna skisenter,Norway,Innlandet,60.459238,10.633667
Diamond Peak,United States,Nevada,39.253594,-119.916053
,United Kingdom,Halton,53.325277,-2.680025
白云滑雪场,China,Xinjiang Uyghur,43.442040,87.493798
,Austria,Salzburg,47.109404,12.989685
,Norway,Troms og Finnmark,69.668245,19.092320
,United States,Idaho;Wyoming,43.562956,-111.027336
Hirayama (船平山スキー場),Japan,Yamaguchi Prefecture,34.426191,131.737899
,Norway,Agder,58.382969,8.662499
,Finland,Central Finland,62.586925,24.964174
Montana Snowbowl,United States,Montana,47.020429,-114.003679
Kenbuchi Town Bibakarasu (ビバカラス),Japan,Hokkaido Prefecture,44.104864,142.399001
花笠高原スキー場, Hanagasa Kogen Ski Area,Japan,Yamagata Prefecture,38.531621,140.509540
,Finland,Southern Savonia,61.667124,27.192120
,United States,Colorado,40.804735,-106.956240
Courmayeur,Italy,Valle D'Aosta,45.801103,6.939037
,Croatia,Sisacko-moslavacka,45.393378,16.284485
Brezovica,Slovakia,Zilina,49.328692,19.667304
Pomerelle Mountain Resort,United States,Idaho,42.314305,-113.611168
西宁南山滑雪场,China,Qinghai,36.604929,101.771548
大山ますみず高原スノーパーク, Daisen Masumizu Kogen Snow Park,Japan,Tottori Prefecture,35.369923,133.518536
,Germany,Baden-Württemberg,48.038247,8.771182
,United States,Minnesota,47.611324,-91.053066
Adelharz- und Breitensteinlifte (Kranzegg am Grünten),Germany,Bavaria,47.583358,10.332642
,Norway,Trøndelag,63.286720,9.768301
,Canada,Alberta,53.537528,-117.734563
Canaro,Andorra;France,Canillo;Encamp;Pyrénées-Orientales,42.579145,1.660547
Snow Snake Ski Resort,United States,Michigan,43.958762,-84.782444
Bear Basin Nordic Center,United States,Idaho,44.944485,-116.149539
,China,Shanxi,37.875381,112.779751
Lo Aguirre,Chile,Del Maule,-35.980315,-70.572739
Area Sciistica Sant'Annapelago,Italy,Modena,44.182053,10.538023
,Austria,Styria,47.373582,14.124756
Prairie Hills Golf and Ski,United States,Nebraska,40.883621,-99.078355
,Czechia,Olomouc,50.198567,17.058566
みつまたエリア, Mitsumata Area,Japan,Niigata Prefecture,36.893054,138.764102
,Austria,Lower Austria;Upper Austria,48.560512,14.793901
泉ヶ岳スキー場, Izumigatake Ski Resort, いずみがたけすきーじょう,Japan,Miyagi Prefecture,38.392719,140.719250
国設南ふらのスキー場, Minami Furano,Japan,Hokkaido Prefecture,43.156575,142.550130
,Norway,Innlandet,62.163275,9.997092
Wangenbourg-Engenthal,France,Bas-Rhin,48.625441,7.303122
Rigi,Switzerland,Lucerne;Schwyz,47.048793,8.482523
,Russia,Moscow Oblast,56.316185,37.491590
,Russia,Moscow Oblast,55.359746,36.735816
,Poland,dolnoslaskie,50.879569,15.327685
,Finland,North Karelen,63.726508,28.706670
,Austria,Lower Austria;Styria,47.793896,15.297291
Mill Ridge,United States,North Carolina,36.154128,-81.779094
,Finland,Lapland,68.678045,27.519289
,Norway,Agder,58.541664,7.323073
Morrice Mountain Nordic Ski Area,Canada,British Columbia,54.325306,-126.665152
ダイナスティスキーリゾート, Dynasty Ski Resort,Japan,Hokkaido Prefecture,42.928812,141.452316
Frabosa Soprana,Italy,Cuneo,44.273441,7.799007
,Germany,Baden-Württemberg,47.984900,8.227570
,United Kingdom,Medway,51.356087,0.558946
Seacoast Snowpark,United States,Maine,43.852674,-70.454453
,Germany,Saxony,51.073931,14.297057
El Colorado,Chile,Metropolitana,-33.345149,-70.269906
Игора (Igora),Russia,Leningrad,60.514314,30.212754
,Germany,Bavaria,47.733410,10.745163
Tussey Mountain,United States,Pennsylvania,40.768387,-77.752617
Station de ski Mont-Édouard,Canada,Quebec,48.164575,-70.289483
,Norway,Innlandet,61.813097,9.289257
,Germany,Bavaria,47.766053,12.444759
,Slovakia,Banska Bystrica,48.591361,19.648280
Hammerfest,Norway,Troms og Finnmark,70.692335,23.695854
胎内スキー場, Tainai Ski and Snowboard area,Japan,Niigata Prefecture,38.004835,139.502573
,Canada,Alberta,53.365727,-110.892258
Changbai Mountain Natural Ski Park,China,Jilin,42.054595,128.055679
,Norway,Innlandet,61.465101,9.454839
,Poland,Lesser Poland Voivodeship,49.951696,19.994051
,United States,Utah,40.394862,-111.596090
Budor skitrekk,Norway,Innlandet,60.950927,11.283264
El Azufre,Argentina,Mendoza,-35.251608,-70.459929
,Russia,Bashkortostan,54.456528,53.553935
,Germany,North Rhine-Westphalia,50.973570,8.175155
,Sweden,Jamtland,63.499152,13.908979
やぶはら高原 スキー場, Yabuhara Kogen,Japan,Nagano Prefecture,35.959657,137.730597
,Sweden,Norrbotten,65.776747,21.718033
Straja, Straja Ski Resort, Station de ski de Straja, Stațiune Straja,Romania,Hunedoara,45.314125,23.244119
Stubaier Gletscher,Austria,Tyrol,46.991608,11.124628
Peuramaa,Finland,Uusimaa,60.102406,24.464725
,Norway,Agder,58.516951,7.659074
Olympic venue ZETRA,Bosnia and Herzegovina,Sarajevo,43.870553,18.409225
Tengukogen (天狗高原スキー場),Japan,Kochi Prefecture,33.477241,133.003803
,Germany,Lower Saxony,52.218672,9.529316
,Finland,Southern Ostrobothnia,62.570852,22.281881
Roháče - Spálená,Slovakia,Zilina,49.233742,19.711353
,United States,Maine,43.866325,-70.132666
,Austria,Upper Austria,48.137640,13.216103
,Norway,Vestfold og Telemark,59.174991,9.722820
Bogong Rover Chalet,Australia,Victoria,-36.904239,147.302257
Centre de ski d'Arthabaska (Mont Saint-Michel),Canada,Quebec,46.057673,-71.898887
,United States,Vermont,43.614423,-72.878268
,Norway,Innlandet,60.208762,11.805623
,Finland,Southwest Finland,60.428099,23.266963
Mistie Sepee,Canada,Alberta,56.792527,-111.438611
,Canada,Quebec,45.944614,-74.300632
,Finland,Kainuu,64.709946,28.320499
Malyovista,Bulgaria,Sofia,42.209992,23.388537
志賀高原 東館山スキー場, Shiga Kogen Higashidateyama Ski Area,Japan,Nagano Prefecture,36.725553,138.516279
Camigliatello Silano,Italy,Cosenza,39.321945,16.423585
,Russia,Sverdlovsk,56.461645,59.135958
,Germany,Bavaria,47.745764,11.851194
Mystic Mountain Ski Area,United States,Pennsylvania,39.813703,-79.549502
,Russia,Moscow Oblast,55.251809,39.962996
Svartbäcksmåla,Sweden,Kalmar,56.721455,15.938337
Tally Ho Winter Park,Canada,Ontario,45.363589,-79.081414
,United States,New York,42.588559,-78.001071
,Germany,North Rhine-Westphalia,51.210420,8.269241
Orange County,United States,New York,41.476721,-74.269681
SOL-FAオダスキーゲレンデ, SOL-FA Oda ski slopes,Japan,Ehime Prefecture,33.540043,132.830080
,Spain,Lleida,42.420453,1.626734
,Norway,Trøndelag,63.941840,11.438970
Skattmansöbacken,Sweden,Uppsala,59.831846,17.058588
,Canada,Quebec,46.729407,-72.845789
Le Cuzet,France,Ardèche,44.895552,4.191506
,Finland,Southern Ostrobothnia,62.976162,22.485935
Alhovuori,Finland,Uusimaa,60.497168,24.148839
Adanac,Canada,Ontario,46.510308,-80.960883
Karwendelbahn (Dammkar, Mittenwald),Germany,Bavaria,47.438515,11.270725
,Norway,Agder,58.878720,8.883737
,Russia,Krasnoyarsk,56.088567,94.517929
,Germany,Saxony,50.643848,13.446686
Strathcona Wilderness Centre,Canada,Alberta,53.535892,-112.997303
Yedikuyular,Turkey,K. Maras,37.644893,37.040079
Ascutney Outdoors,United States,Vermont,43.462954,-72.464396
Wasamatayama (和佐又山スキー場),Japan,Nara Prefecture,34.218584,135.984429
Красная горка (Krasnaya gorka),Russia,Vladimir,56.290725,41.291831
Rödebybacken,Sweden,Blekinge,56.261511,15.627913
,Sweden,Vasterbotten County,64.594482,18.647279
Sugarloaf Provincial Park,Canada,New Brunswick,47.982235,-66.694703
,Canada,Alberta,51.044709,-114.126754
Ekholmsnasbacken,Sweden,Stockholm,59.362450,18.185684
Centro Sportivo Isola Valmalenco,Italy,Sondrio,46.310787,9.816217
Skigebiet Schetteregg,Austria,Vorarlberg,47.413391,9.977345
,Italy,Rieti,42.462157,12.978184
,Canada,Quebec,45.507475,-73.877982
,Sweden,Vasterbotten County,63.842382,20.357366
Skigebiet Söllereck,Austria;Germany,Bavaria;Vorarlberg,47.387932,10.243286
Caetla (サエラスキーリゾート尾瀬),Japan,Gunma Prefecture,36.768684,139.254639
,Norway,Trøndelag,63.236359,10.390885
Sudelfeld - Bayrischzell,Germany,Bavaria,47.671605,12.041945
,Italy,Trento,45.866797,11.224775
Mount Fairweather,Canada,Ontario,48.807372,-91.591730
,United States,New York,42.330165,-76.352186
,Russia,Kirov,56.211790,51.074999
,Austria,Salzburg,47.867693,13.258608
,Norway,Trøndelag,63.100183,10.984695
,Austria,Carinthia,46.468023,14.215455
,Canada,Saskatchewan,53.298644,-109.693166
Tegernseer Tal Loipen,Germany,Bavaria,47.672711,11.757329
恐羅漢スノーパーク, Osorakan Snow Park,Japan,Hiroshima Prefecture;Shimane Prefecture,34.597330,132.139775
Antholz - Anterselva,Italy,Bolzano/Bozen,46.882671,12.154480
,Russia,Moscow Oblast,54.876173,38.042549
Полазна,Russia,Perm,58.335504,56.421801
,Russia,Moscow Oblast,55.921334,36.952971
ППИ,Russia,Perm,58.051914,56.206241
,Norway,Nordland,67.343435,14.748439
Cross Country Ski Headquarters Trails,United States,Michigan,44.473765,-84.658498
Colorado Adventure Park,United States,Colorado,39.937919,-105.817995
,Norway,Vestland,60.605283,6.482376
,United States,Colorado,37.933891,-107.806182
Inland Woods and Trails,United States,Maine,44.398756,-70.799807
Canyon Ski Resort (Ski Red Deer),Canada,Alberta,52.304700,-113.682833
Kalte Herberge,Germany,Baden-Württemberg,47.998274,8.197876
,Russia,Tver,56.735393,35.915163
,Sweden,Jamtland,63.007921,16.674686
,Sweden,Norrbotten,65.582330,19.179706
Fox Hill Ski Area,United States,Wisconsin,43.375093,-88.251798
,Finland,Ostrobothnia,63.074541,21.664934
,United States,Alaska,59.400595,-135.947712
Falakro,Greece,East Macedonia and Thrace,41.304541,24.069803
,Finland,Central Finland,62.232313,25.748542
Ski Center Lavarone,Italy,Trento,45.954537,11.294514
Sapphire Valley Ski Resort,United States,North Carolina,35.123144,-83.059052
Tūroa,New Zealand,Manawatu-Wanganui Region,-39.301020,175.539644
Oetwil-Hombrechtikon,Switzerland,Zurich,47.258061,8.736773
Pod Honem,Poland,Podkarpackie,49.217042,22.314350
,Finland,Kymenlaakso,60.742258,27.010323
Mont Ti-Basse,Canada,Quebec,49.288277,-68.171669
,United States,Michigan,46.816418,-87.763465
Jaunpass,Switzerland,Bern,46.596635,7.341811
,France,Doubs,47.191173,6.846870
,France,Vosges,48.042275,6.771703
Toboski,Canada,Quebec,48.592448,-72.500324
Sellata - Arioso,Italy,Potenza,40.505940,15.765999
Narvikfjellet Ski Resort,Norway,Nordland,68.429500,17.455603
,United States,Montana,44.664883,-111.076862
天恒山冰雪运动大世界,China,Heilongjiang,45.802930,126.791752
,Ukraine,Lviv,48.860224,23.458299
,Czechia,Hradec Králové,50.692452,15.843578
SkiWelt Wilder Kaiser - Brixental,Austria,Tyrol,47.467176,12.240125
鳥海高原矢島スキー場, Yashima Ski Area, ちょうかいこうげんやしまスキーじょう, Chokai Kogen Yashima Sukijo,Japan,Akita Prefecture,39.189025,140.085365
Punto de Nieves Santa Ines,Spain,Soria,42.038150,-2.782441
Old School Forest Preserve Cross-Country Ski Trails,United States,Illinois,42.259612,-87.922358
,Czechia,Olomouc,50.204407,16.989910
,Norway,Trøndelag,63.493887,11.191572
戸狩温泉スキー場, Togari Onsen Ski Resort,Japan,Nagano Prefecture,36.940757,138.380398
,Germany,Bavaria,49.587300,11.427402
Mont Kanasuta,Canada,Quebec,48.179010,-79.403089
治部坂高原スキー場, Jibusaka Ski Area,Japan,Nagano Prefecture,35.351010,137.676019
Bolton Valley Resort,United States,Vermont,44.418371,-72.849085
,Russia,Moscow Oblast,55.881411,38.120971
,Germany,Baden-Württemberg,49.149113,10.131234
Nakayamatoge (中山峠スキー場),Japan,Hokkaido Prefecture,42.849702,141.094632
,United States,New York,41.285884,-74.023845
Monte Pora,Italy,Bergamo;Brescia,45.892625,10.098966
Bishop’s Cross Country Ski Trails,Canada,Quebec,45.358953,-71.850581
太行五指山滑雪场,China,Hebei,36.519048,113.653415
シャルマン火打, Charmant Hiuchi Snow Resort,Japan,Niigata Prefecture,36.999650,138.073507
Perisher,Australia,New South Wales,-36.395166,148.399404
ぴっぷスキー場, Pippu Ski Slopes, ぴっぷすきーじょう, Pippu SukĪjō,Japan,Hokkaido Prefecture,43.933816,142.500364
Valley Ski Hill,Canada,Alberta,52.413938,-111.823654
Station Nordique du Col de la Llose,France,Pyrénées-Orientales,42.550462,2.139713
Skiarea Valchiavenna,Italy,Sondrio,46.424289,9.375676
Laubert,France,Lozère,44.583461,3.641161
پیست اسکی شهدای سربند, Sarband ski resort,Iran,Markazi,33.802757,49.310298
,Norway,Innlandet,61.872741,11.907472
,Russia,Moscow Oblast,55.858795,37.148567
,Sweden,Vastmanland,60.096361,15.876358
Stinesser,Germany,Bavaria,47.457174,10.268629
Owen Conservation Park,United States,Wisconsin,43.071405,-89.485331
Пильная (Pilnaya),Russia,Sverdlovsk,56.918540,60.025419
,Russia,Sverdlovsk,59.607944,60.480733
,Switzerland,Bern,46.419610,7.271719
Pontypool Ski Centre,United Kingdom,Torfaen,51.702782,-3.030750
Marsia,Italy,L'Aquila,42.064814,13.186186
,Canada,Quebec,45.237687,-72.031259
梅花寨云海滑雪场,China,Hubei,31.965506,111.220334
,Austria,Styria,47.343561,15.539094
,Canada,Ontario,43.481441,-80.490206
Lilleåsen skitrekk,Norway,Møre and Romsdal,62.253370,7.198812
,Russia,Primorsky,43.120783,132.792287
Station de ski de Prat Peyrot,France,Gard;Lozère,44.119782,3.549216
,Czechia,Liberec,50.743661,15.359906
,Poland,Kujawsko-pomorskie,53.189452,19.678792
,Russia,Altai,52.702641,81.646025
,Russia,Kaluga,55.026302,36.477216
Kesselmannlifte,Austria,Salzburg,47.782563,13.247671
Knittellifte,Austria,Tyrol,47.285357,10.423704
,Poland,dolnoslaskie,50.830829,15.514436
,Norway,Rogaland,59.600365,5.915038
Chedoke Winter Sports Park,Canada,Ontario,43.246250,-79.912941
,United States,Montana,45.643185,-111.051008
,Norway,Viken,59.674959,11.728665
Livata,Italy,Rome,41.951547,13.181122
Chewelah Peak ski Hill,United States,Washington,48.297812,-117.598515
,France,Cantal,45.057935,2.798483
Magic Mountain Ski Area,United States,Vermont,43.198347,-72.766333
コンサドーレ仁木スキーパーク, Consadole Niki Ski Park,Japan,Hokkaido Prefecture,43.114470,140.733266
,Norway,Innlandet,61.315097,10.308759
,Russia,Nizhny Novgorod,56.383706,43.726600
,Bulgaria,Lovech,42.784603,24.613348
Les Pléiades,Switzerland,Vaud,46.492579,6.914857
Soszów – Jawornik (Wisła),Czechia;Poland,Moravian-Silesian;Silesian Voivodeship,49.639809,18.815164
Sportski centar Milići,Bosnia and Herzegovina,Republic of Srpska,44.163839,19.075736
,United States,Alaska,55.453950,-131.620789
Shu Maker Mountain,United States,New York,42.999657,-74.884915
,Sweden,Vastmanland,60.042572,16.072750
Solitude Mountain Resort,United States,Utah,40.614572,-111.600985
,Germany,Bavaria,47.508815,10.291708
Four Lakes Village,United States,Illinois,41.780779,-88.084023
Ski areál Sachrovka,Czechia,Liberec,50.726376,15.475070
Font d'Urle - Col de Carri,France,Drôme,44.948707,5.347991
Sierra-at-Tahoe Ski Resort,United States,California,38.797438,-120.076847
Les Aventuriers cross country ski Club,Canada,New Brunswick,47.969841,-66.341071
,Sweden,Uppsala,59.944791,17.550228
,Norway,Vestland,61.241312,7.614607
Salega Land Plana (サレガランドプラーナ),Japan,Ehime Prefecture,33.683680,132.824777
,Canada,New Brunswick,45.557155,-65.943113
,Russia,Tatarstan,55.853295,49.215723
Gais,Switzerland,Appenzell Ausserrhoden,47.366582,9.457759
,Finland,Northern Ostrobothnia,64.117192,24.555709
Foyer nordique du Salève,France,Haute-Savoie,46.104464,6.155856
,France,Savoie,45.225577,6.779818
Uuperinrinteet,Finland,Kymenlaakso,60.626519,27.064254
American Ridge Skibowl,United States,Washington,46.972354,-121.172830
,Japan,Hokkaido Prefecture,45.140504,141.286465
Le Hohwald,France,Bas-Rhin,48.401842,7.325542
Willamette Pass,United States,Oregon,43.608405,-122.023636
Garthdee Ski Centre,United Kingdom,Aberdeen City,57.123236,-2.125978
Hütegglift Weerberg,Austria,Tyrol,47.289606,11.682850
Ski centrum Dedinky,Slovakia,Kosice,48.864476,20.389809
休暇村妙高 ルンルンスキー場, Kyukamura Myoko,Japan,Niigata Prefecture,36.911211,138.170700
,Norway,Møre and Romsdal,62.757445,7.522620
,Norway,Vestland,60.640429,6.509132
Powder Ridge,United States,Minnesota,45.344539,-94.308844
,Norway,Trøndelag,63.693166,10.284450
Mont Habitant,Canada,Quebec,45.877108,-74.172808
Rainbow Basin,United States,Missouri,40.164510,-92.610841
,Russia,Karelia,61.707793,33.619001
,Norway,Innlandet,60.965825,10.570778
Le Valinouet,Canada,Quebec,48.655140,-70.893776
MECCA Trails,United States,Wisconsin,46.142258,-90.076777
Saas-Almagell - Furggstalden/Heidbodme,Switzerland,Valais,46.087361,7.966026
Teton Pass Ski Resort,United States,Montana,47.930622,-112.810341
알펜시아 스키장, Alpensia Ski Resort,South Korea,Kangwon-Do,37.652098,128.672700
鹿沢スノーエリア, Kazawa Snow Area,Japan,Gunma Prefecture,36.465182,138.427993
Sopelek,Poland,Silesian Voivodeship,50.182928,18.986230
,Finland,Uusimaa,60.544667,24.944533
,Finland,Uusimaa,60.389677,24.763479
,Norway,Viken,59.898527,11.097884
,Finland,Uusimaa,60.372586,25.630426
Keyes Peak Ski Area,United States,Wisconsin,45.895355,-88.299093
,Slovakia,Kosice,48.942679,20.521920
Pine Point Regional Park,United States,Minnesota,45.119197,-92.844235
Long Lake,Canada,Alberta,54.467593,-112.776418
,Czechia,Moravian-Silesian;Olomouc,50.207143,17.315847
,Germany,North Rhine-Westphalia,50.987256,7.740157
Espot,Spain,Lleida,42.549027,1.081904
,Sweden,Varmland,59.884366,12.803915
Ski Stout,United States,Colorado,39.466016,-107.503367
,Finland,Lapland,65.967496,26.509898
,Hungary,Tolna,46.330000,18.667329
,Czechia,Vysocina,49.406877,15.576605
,Romania,Brasov,45.484868,25.389778
,Finland,Ostrobothnia,63.640031,22.626072
Skigebiet Annaberg,Austria,Lower Austria,47.879167,15.369608
,Austria,Lower Austria,48.080799,15.680777
,Sweden,Vasterbotten County,65.208855,18.731381
,Norway,Vestland,61.260336,7.577308
,Sweden,Norrbotten,67.831596,20.273233
,Norway,Viken,59.478523,10.722971
Ötzlifte-Kochel,Germany,Bavaria,47.672866,11.397823
Ski Čierny Balog,Slovakia,Banska Bystrica,48.742226,19.633061
,Sweden,Vastra Gotaland,57.750682,13.014852
,Norway,Møre and Romsdal,62.332388,7.075424
Val Thorens - Orelle,France,Savoie,45.283015,6.575094
,Germany,Hesse,50.878812,8.425987
Gibloux,Switzerland,Fribourg,46.657111,7.010488
Caledonia Nordic Ski Center,Canada,British Columbia,53.966805,-122.877948
,United States,Wisconsin,45.176041,-90.640447
,Germany,Bavaria,49.011273,13.148229
,Germany,Lower Saxony,51.791357,9.556538
Snow Trails,United States,Ohio,40.671069,-82.501874
,Poland,dolnoslaskie,50.665650,16.501755
Mirror Lake State Park,United States,Wisconsin,43.562363,-89.812360
紫云山滑雪场,China,Hebei,40.022290,119.595208
,Switzerland,Bern,46.635459,7.736987
Kékestető Sícentrum,Hungary,Heves,47.872948,19.998285
,Finland,Central Finland,63.068077,25.813656
Denizli Kayak Merkezi,Turkey,Denizli,37.316179,29.188793
Mount Panlong Ski Field,China,Shandong,36.641035,117.233086
Mt. Spokane,United States,Washington,47.927813,-117.107169
Northern Lights Ski Club,Canada,Newfoundland and Labrador,53.523580,-64.020094
青森スプリング・スキーリゾート, Aomori Spring Resort,Japan,Aomori Prefecture,40.684602,140.282116
Ruokolahden Freeski,Finland,South Karelia,61.292465,28.792995
,Germany,Hesse,51.202738,9.844842
,United States,Oregon,44.433074,-121.674280
Гладенькая (Gladenkaya),Russia,Khakassia,52.944892,91.359747
Mount Stirling,Australia,Victoria,-37.113292,146.463482
Lemon Drop,United States,Pennsylvania,40.556852,-78.677194
Baker Mountain Ski Area,United States,Maine,45.086872,-69.909679
,Russia,Moscow Oblast,55.873300,37.057674
Kettlebowl,United States,Wisconsin,45.271806,-88.900080
,Spain,Huesca,42.761167,-0.236743
,Canada,Alberta,53.768555,-113.591036
汉中龙头山滑雪场,China,Shaanxi,32.752150,106.995168
,Germany,Rhineland-Palatinate,50.624528,7.968230
,Czechia;Germany,Saxony;Ústecký,50.521837,13.083960
明野ヶ丘スキー場, Akenogaoka Ski Area,Japan,Hokkaido Prefecture,42.895301,143.371256
,Sweden,Dalarna,60.330527,15.711452
茅草坝滑雪场,China,Chongqing,30.722326,109.582208
Ehrwalder Alm,Austria,Tyrol,47.384005,10.975203
,Finland,Ostrobothnia,63.097073,21.762722
Niederalpl,Austria,Styria,47.682622,15.384255
,Finland,Paijanne Tavastia,61.365347,25.286726
Pioneer,United States,Colorado,38.820531,-106.859688
Mörlialp,Switzerland,Obwalden,46.820805,8.105418
Skilift Kapellenberg,Germany,Bavaria,49.003925,12.818423
Forest Acres,United States,Massachusetts,42.755311,-71.094388
,Austria,Styria,47.459227,15.595621
,Sweden,Norrbotten,66.072895,23.265217
Aprica,Italy,Brescia;Sondrio,46.136949,10.161130
Drumlins,United States,New York,43.018866,-76.107520
,Italy,Sondrio,46.261105,9.866522
,Austria,Styria,47.665771,14.645788
Шакша (Shaksha),Russia,Yaroslavl,57.456035,40.033811
,Finland,Central Finland,62.703667,25.238304
,Czechia;Germany,Saxony;Ústecký,50.608908,13.435125
,Sweden,Norrbotten,65.583853,19.147164
,Finland,Paijanne Tavastia,61.588596,26.025613
Crévacol,Italy,Valle D'Aosta,45.828660,7.149424
Muttersberg (Bludenz),Austria,Vorarlberg,47.180879,9.825099
Audi Skizentrum Sonnenbichl,Germany,Bavaria,47.703233,11.714157
,Sweden,Gavleborg,61.827625,16.134780
Swain Ski & Snowboard Resort,United States,New York,42.473110,-77.854958
白鹿原滑雪场,China,Shaanxi,34.218274,109.089345
Beef Trail,United States,Montana,45.953760,-112.603405
聖高原スキー場, Hijiri Kogen Ski Resort,Japan,Nagano Prefecture,36.487276,138.073246
,Sweden,Jamtland,63.179795,14.578911
,Russia,Leningrad,60.136319,30.440666
,Sweden,Varmland,59.824758,12.258251
,Slovakia,Banska Bystrica,48.582250,19.734773
,Russia,Vladimir,56.145468,38.892940
,Canada,Quebec,48.607468,-79.025892
Koziniec SKI,Poland,Lesser Poland Voivodeship,49.368480,20.134388
,Austria,Salzburg,47.279631,12.574899
Bydalsfjällen,Sweden,Jamtland,63.098262,13.782674
Pizol,Switzerland,Saint Gallen,46.989366,9.439448
Saint-Laurent-en-Grandvaux,France,Jura,46.561242,5.964906
,Germany,Baden-Württemberg,47.960974,8.275830
Guldenen - Pfannenstiel,Switzerland,Zurich,47.301652,8.665309
,Ukraine,Chernivtsi,48.188525,25.154734
,Finland,Kainuu,64.200329,27.685700
,Italy,Bolzano/Bozen,46.518200,10.730228
,Finland,Satakunta,61.158675,21.505854
,Norway,Vestland,60.697617,6.718301
,Italy,Trento,46.137919,11.319313
ГЛК Малахово,Russia,Tula,54.353714,37.504187
,Germany,North Rhine-Westphalia,51.245974,8.031225
Craigleith Ski Club,Canada,Ontario,44.516231,-80.337608
Silver Summit,Canada,Alberta,53.891240,-116.577083
,Norway,Innlandet,60.181324,11.798551
,Finland,Paijanne Tavastia,61.070430,25.656985
Northstar at Tahoe Resort,United States,California,39.263035,-120.133240
Nesselwang - Alpspitzbahnen,Germany,Bavaria,47.608841,10.500263
,United States,New York,42.353788,-76.379767
,Norway,Troms og Finnmark,68.661261,18.925086
Sunlight Mountain Resort,United States,Colorado,39.394096,-107.338024
,Sweden,Vasternorrland,62.585913,17.107948
,Finland,Uusimaa,60.274805,24.741703
白馬五竜, Hakuba Goryu,Japan,Nagano Prefecture,36.664447,137.826781
奥斯陆滑雪场（鹿塬）,China,Qinghai,36.524586,101.674848
Nordic Park Aalen,Germany,Baden-Württemberg,48.845556,10.170266
Hartpenning,Germany,Bavaria,47.840238,11.675935
,Czechia,Liberec,50.763445,15.374355
Tawaitnaw Cross Country Ski Trails,Canada,Alberta,54.305820,-113.472543
Snow Hill at Eastman,United States,New Hampshire,43.514268,-72.119214
,Norway,Vestland,60.139927,6.748394
Keystone,United States,Colorado,39.583344,-105.933814
Sappada,Italy,Belluno,46.566789,12.700715
,Lithuania,Vilnius,54.704865,25.375746
,Finland,Lapland,66.575832,26.138794
Narvik,Norway,Nordland,68.435930,17.439423
,United States,New York,42.825008,-75.928483
,United States,Michigan,46.809965,-89.645050
,Russia,Kaluga,55.116127,36.555153
志賀高原 サンバレースキー場, Shiga Kogen Sun Valley Ski Area,Japan,Nagano Prefecture,36.714955,138.485650
,Sweden,Jonkoping,57.929685,13.897999
,Austria,Styria,47.451025,14.982519
,Germany,Bavaria,47.475144,10.240956
Fjätervålen,Sweden,Dalarna,61.938770,12.990040
,Russia,Yaroslavl,58.039716,39.141493
,Norway,Innlandet,60.816867,11.408120
みやぎ蔵王白石スキー場, Miyagi Zao Shiroishi Ski Resort,Japan,Miyagi Prefecture,38.068019,140.509114
Ski&Sun,Poland,dolnoslaskie,50.905547,15.316383
Siglany,Poland,Silesian Voivodeship,49.638779,18.865499
,Finland,Tavastia Proper,61.211809,25.085109
,Norway,Vestfold og Telemark,59.808193,8.927830
Slavoj,Czechia,Plzeň,49.153401,13.229769
,Russia,Kirov,58.856236,50.872980
,Sweden,Vasternorrland,63.705111,16.849102
North Staffs Ski Club (Kidsgrove),United Kingdom,Staffordshire,53.076587,-2.244664
,Finland,Southern Savonia,61.656804,28.978942
Mt. Ida,Canada,British Columbia,50.675098,-119.310375
Pico Mountain Resort,United States,Vermont,43.655077,-72.840606
Skiareál Klínovec,Czechia;Germany,Karlovy Vary;Saxony;Ústecký,50.401572,12.947562
Kufstein,Austria,Tyrol,47.590127,12.185581
Farr's Hill,United States,Vermont,43.932548,-72.664840
スキーパーク寒曳, Ski Park Kanbiki,Japan,Hiroshima Prefecture,34.796281,132.457759
,Germany,Bavaria,47.682936,11.793557
Rainbow Resort Trails,United States,Minnesota,47.103890,-95.578764
,Germany,Bavaria,50.052481,12.217768
Ski centar Ravna Planina, Pale, Ski Center Ravna Planina Pale, Ски центар Равна Планина, Пале,Bosnia and Herzegovina,Republic of Srpska,43.783972,18.588652
,Russia,Leningrad,59.759064,30.171223
Nizepole,North Macedonia,Bitola Municipality,40.982217,21.250119
,Poland,Podkarpackie,49.415358,22.543846
Fefor Høifjellshotell Skibakke & Løyper,Norway,Innlandet,61.541057,9.641422
,Sweden,Dalarna,60.530323,14.460485
Auli,India,Uttarakhand,30.529700,79.570063
,Switzerland,Bern,46.450724,7.644295
Bukowina Tatrzańska,Poland,Lesser Poland Voivodeship,49.350000,20.116667
Ski India,India,Uttar Pradesh,28.568132,77.321151
,Ukraine,Zakarpattia,48.573719,22.835952
Svoboda nad Úpou,Czechia,Hradec Králové,50.633714,15.798487
Loipenpark Rotes Moor,Germany,Bavaria;Hesse;Thuringia,50.460454,9.992472
Ośrodek narciarski „Za Groniem”,Poland,Silesian Voivodeship,49.596928,19.080797
Tilson Creek Ski Trails,United States,Minnesota,48.583851,-93.217373
North Bay Nordic Ski Club Cross Country Ski Trails,Canada,Ontario,46.342054,-79.317899
,Norway,Troms og Finnmark,70.440350,28.236002
,Norway,Vestfold og Telemark,59.447203,7.975828
Mus-Ski,United States,Wisconsin,45.993280,-89.599364
母袋温泉スキー場, Motai Onsen Ski Resort,Japan,Gifu Prefecture,35.866088,136.955143
Le Tanet,France,Haut-Rhin,48.082842,7.060321
,Norway,Nordland,66.076963,13.484819
,Norway,Innlandet,61.640216,10.690982
Camel's Hump Nordic Ski Area,United States,Vermont,44.325846,-72.934069
,Finland,South Karelia,61.591400,29.662687
万峰通化滑雪度假区, Wanfeng Tonghua Ski Resort,China,Jilin,41.650017,125.953644
Shirasaka Ski Plateau (白板高原スキー場),Japan,Niigata Prefecture,36.914195,138.806733
,Russia,Ivanovo,56.899487,41.013061
,Russia,Karelia,61.837140,34.284493
Glenhaven,United States,Minnesota,45.639683,-95.380876
,United States,Idaho,43.732758,-114.389509
华山国际滑雪场,China,Shaanxi,34.558033,110.126138
,Canada,Quebec,45.506504,-73.526266
Skiaréna Písek,Czechia,South Bohemian,49.306008,14.126105
,Finland,Central Finland,62.323028,25.802018
日高国際, Hidaka Kokusai,Japan,Hokkaido Prefecture,42.864171,142.456771
Mt. Uncanoonuc,United States,New Hampshire,42.985814,-71.585712
Hintertuxer Gletscher,Austria,Tyrol,47.088371,11.665475
Montagne Coupée,Canada,Quebec,46.202410,-73.503756
پیست اسکی افوس, Afus Ski Resort,Iran,Esfahan,33.000647,50.065922
,Finland,Satakunta,61.506249,21.877274
,Austria;Czechia,South Bohemian;Upper Austria,48.594535,14.113398
Tromsø Alpinpark,Norway,Troms og Finnmark,69.674861,19.069375
,Norway,Innlandet,62.256397,10.812205
,United States,Wyoming,43.818417,-111.004732
太舞滑雪场,China,Hebei,40.884844,115.439965
,Russia,Udmurt,56.550996,52.968153
,Austria,Vorarlberg,47.118078,10.000955
,United States,Alaska,61.699135,-149.161222
Echo Hills,United States,Ohio,39.593602,-82.454774
,Sweden,Vasterbotten County,65.065958,18.612511
朽木スキー場, Kutsuki Snow Park,Japan,Shiga Prefecture,35.326881,135.939498
Skiregion Dachstein West,Austria,Salzburg;Upper Austria,47.547743,13.478782
Engstingen,Germany,Baden-Württemberg,48.385443,9.319620
,Switzerland,Graubunden,46.641218,10.317415
,Italy,Valle D'Aosta,45.840187,7.732234
,Romania,Gorj,45.316599,23.687191
Eigenthal,Switzerland,Lucerne,47.003945,8.210800
,Norway,Rogaland,59.189276,6.244321
Xscape Milton Keynes,United Kingdom,Milton Keynes,52.041606,-0.748018
Hida Highland (飛騨ハイランドスキー場),Japan,Gifu Prefecture,36.289583,137.204098
,Norway,Innlandet,61.032786,10.745088
,Ukraine,Kyiv,50.374796,30.507823
,United States,Utah,41.886373,-111.596749
Azumayama (吾妻山スキー場),Japan,Hiroshima Prefecture,35.063571,133.026029
,Norway,Vestfold og Telemark;Viken,59.797773,9.355636
,Germany,Bavaria,47.794307,12.217813
,Czechia,South Moravian,49.225231,16.310929
Silver Mine,United States,New York,41.294833,-74.059696
Stok Narciarski Biała Góra,Poland,Lubelskie,50.479344,23.478225
望洋台スキー場, Boyodai Ski Area,Japan,Hokkaido Prefecture,44.026069,141.675789
Cerniébaud,France,Jura,46.732706,6.103774
Szańce,Poland,Silesian Voivodeship,49.554394,18.950503
,Finland,Southern Savonia,61.684946,27.221674
Farellones,Chile,Metropolitana,-33.355548,-70.305428
Domaine Nordique du Meygal,France,Haute-Loire,45.055733,4.126314
,Ukraine,Lviv,49.259201,23.370132
The Cedars Resort, Resort Les Cèdres,Lebanon,North Lebanon,34.253314,36.075914
Bocksliden,Sweden,Vasterbotten County,64.523810,18.842600
,Germany,Bavaria,47.697845,11.893570
Kühbühel (Kühbichl, Saalfelden),Austria,Salzburg,47.412523,12.852888
,United States,Vermont,43.877618,-72.218671
Simonhöhe,Austria,Carinthia,46.778585,14.175292
,Russia,Novosibirsk,54.850077,83.085106
Vegårshei skisenter,Norway,Agder,58.754151,8.859065
Skigebiet Raurisertal,Austria,Salzburg,47.226093,12.970290
,Norway,Vestland,61.578030,6.329106
,Canada,Alberta,53.985564,-111.315684
Grafenherberge (Rankenlift),Germany,Bavaria,47.674905,12.048720
Donon,France,Bas-Rhin,48.505336,7.142029
,Switzerland,Aargau,47.429257,7.989627
Hittenharju,Finland,Satakunta,61.296402,22.147425
Site Nordique des Trois Fours,France,Haut-Rhin;Vosges,48.053465,7.019411
Kamihiruzen (上蒜山スキー場),Japan,Okayama Prefecture,35.314218,133.641645
La Berra,Switzerland,Fribourg,46.679898,7.168022
Optimist Hill,Canada,Saskatchewan,52.097173,-106.687202
,United States,Montana,45.276004,-111.325247
,Russia,Moscow Oblast,55.867934,37.790870
Skiarea Valchiavenna Madesimo/Campodolcino,Italy,Sondrio,46.424477,9.377149
,Norway,Vestfold og Telemark,59.255067,10.399702
,Germany,Hesse,50.484524,9.279152
Alpine Snowsports Aldershot,United Kingdom,Hampshire,51.256386,-0.749005
武尊スキー場, Katashina Ogna Hotaka Snow Resort,Japan,Gunma Prefecture,36.801376,139.191386
Kingvale,United States,California,39.312785,-120.448651
,Austria,Lower Austria,47.644493,15.799111
,China,Hebei,39.809984,119.408827
,Germany,Saxony,50.806907,13.665557
Langbergets Sporthotell,Sweden,Varmland,60.818214,12.879020
Parsenn,Switzerland,Graubunden,46.852105,9.823956
Forcella Aurine,Italy,Belluno,46.232652,11.974723
,Norway,Innlandet,60.353562,11.472659
,Austria,Salzburg,47.587772,13.397353
Itanosawa (板ノ沢スキー場),Japan,Aomori Prefecture,40.611886,141.138256
Rumoi Kamuiiwa (神居岩総合公園),Japan,Hokkaido Prefecture,43.941885,141.683602
High Point XC Ski Center,United States,New Jersey,41.319733,-74.667549
,Norway,Agder,58.364322,8.571088
,United States,New Mexico,35.204630,-106.436966
Stacja Narciarska Czarny Groń,Poland,Lesser Poland Voivodeship,49.772445,19.390418
,Germany,Bavaria,47.663200,12.468338
Skigebiet Strallegg,Austria,Styria,47.436907,15.704460
,Russia,Moscow Oblast,55.879105,36.936570
Jingyuetan,China,Jilin,43.766914,125.474099
,Austria,Upper Austria,48.408181,14.245245
Big Rock Mountain,United States,Maine,46.523234,-67.822184
Talisman Mountain Resort,Canada,Ontario,44.391189,-80.546330
Powder Ridge Ski Area,United States,Connecticut,41.501962,-72.738326
,Finland,Central Finland,62.197930,24.786862
鏡ヶ成スキー場, Kagamiganaru Ski Area,Japan,Tottori Prefecture,35.345824,133.593469
Ski Centrum Oáza,Czechia,Olomouc,50.074494,17.081878
Mount Maichen (Watson Lake),Canada,Yukon,60.114744,-128.751698
Bald Mountain Ski Area,United States,Idaho,46.569445,-115.870859
,Finland,Southern Ostrobothnia,62.335097,21.764267
,Russia,Udmurt,56.423546,53.756629
Wagrain,Austria,Salzburg,47.317291,13.256934
Madawaska Mountain,Canada,Ontario,45.433538,-77.660096
Great Bear Recreation Park,United States,South Dakota,43.577161,-96.664242
,Norway,Innlandet,60.289987,12.384769
Skilift Wurmstein,Germany,Bavaria,49.741142,12.353125
,Norway,Troms og Finnmark,70.064637,23.531783
Pere Marquette,United States,Illinois,38.979852,-90.467734
,Russia,Kemerovo,53.703053,87.850152
,Sweden,Gavleborg,61.210775,16.593033
,Sweden,Vasternorrland,63.443656,16.922905
Chatham Hill,United States,Michigan,46.358258,-86.881106
Mt Agamenticus,United States,Maine,43.225669,-70.693352
,United States,Idaho,48.436439,-116.911533
鹿島槍スキー場, Kashimayari Snow Resort,Japan,Nagano Prefecture,36.600302,137.825873
Lakis,Finland,Southern Ostrobothnia,63.106646,23.813343
Youyu Nanshan,China,Shanxi,39.979591,112.518471
Saint-Nizier-du-Moucherotte,France,Isère,45.168826,5.631944
Ośrodek Narciarski Kotelnica Białczańska, Kotelnica Białczańska Ski Resort,Poland,Lesser Poland Voivodeship,49.377741,20.091340
Glacier 3000,Switzerland,Bern;Valais;Vaud,46.337380,7.225607
,Germany,Saxony,50.406475,12.485703
,Norway,Møre and Romsdal,62.438969,6.456451
Cascade Mountain,United States,Virginia,36.661525,-80.665312
,Canada,British Columbia,49.476640,-115.087106
Herlíkovice,Czechia,Hradec Králové,50.659449,15.597685
Erkki Harju Ski Trails,United States,Minnesota,47.037223,-91.658888
Глушата,Russia,Perm,58.186936,56.284326
Ośrodek Narciarski Trzepowo,Poland,Pomorskie,54.179910,18.275358
,Slovakia,Zilina,49.030518,19.667834
八海山山麓スキー場, Hakkai Sanroku Ski Area,Japan,Niigata Prefecture,37.157145,138.975259
Postalm,Austria,Salzburg,47.661871,13.426053
,Italy,Trento;Vicenza,45.935447,11.362359
Ски центар Жари, Žari ski centre, Ski centar Žari,Serbia,Zlatiborski upravni okrug,43.224672,19.963158
Sauze D'Oulx,Italy,Turin,45.010349,6.873224
Alta Badia,Italy,Belluno;Bolzano/Bozen,46.564083,11.891082
太平山スキー場　オーパス, Taiheizan Ski Area Opus,Japan,Akita Prefecture,39.788558,140.227811
,Norway,Nordland,67.414603,15.377284
Laworta,Poland,Podkarpackie,49.450418,22.590367
,Austria,Salzburg,47.294824,12.806619
,Finland,Paijanne Tavastia,61.145429,25.666328
The Hideout,United States,Pennsylvania,41.430941,-75.357602
,Slovakia,Presov;Zilina,49.160464,19.925100
,United States,Minnesota,47.627756,-92.874381
Солнечная Долина (Solnechnaya Dolina),Russia,Chelyabinsk,55.045855,59.973782
La Féclaz,France,Savoie,45.641625,5.985931
Station d'Asco-Stagnu,France,Haute-Corse,42.402264,8.921524
Fridingen Antoni,Germany,Baden-Württemberg,48.018782,8.938007
Lyžařský vlek Popelka,Czechia,Hradec Králové,50.666214,15.612100
Brusnica – Fojnica,Bosnia and Herzegovina,Central Bosnia,43.927974,17.884605
,Austria,Vorarlberg,47.409962,10.041836
,Sweden,Dalarna,60.870877,15.150470
,Iceland,Capital Region,64.134959,-21.783060
,Finland,South Karelia,61.193520,28.739171
,Finland,Lapland,65.936481,24.167636
Skilift Gurnigel-Bad,Switzerland,Bern,46.757002,7.449153
Jasenská dolina,Slovakia,Zilina,49.010821,19.011601
Czorsztyn-Ski Kluszkowce,Poland,Lesser Poland Voivodeship,49.458170,20.318513
Steeplechase Ski & Snowboard,United States,Minnesota,44.244999,-92.514367
,Sweden,Vasternorrland,62.335928,17.009354
,Norway,Nordland,68.319975,16.727482
,Canada,British Columbia,49.444499,-115.738032
Babos Síklub, Fogarasi Nordica Síiskola,Hungary,Budapest,47.522358,19.128312
Pra-Loup 1600,France,Alpes-de-Haute-Provence,44.355309,6.583346
Ski de fond Stoneham,Canada,Quebec,46.990001,-71.369835
Queyras - Molines/Saint-Véran,France,Hautes-Alpes,44.710417,6.868921
,Czechia,Karlovy Vary,50.232519,12.204099
Glenwood Park,United States,Colorado,39.532244,-107.342153
,Norway,Vestland,60.391706,6.137954
,Canada,Quebec,45.980445,-74.283732
Steinplatte Waidring-Tirol,Austria;Germany,Bavaria;Salzburg;Tyrol,47.630694,12.567217
Pheasant Run,United States,Massachusetts,42.525381,-71.782608
,Germany,Baden-Württemberg,47.843279,8.156224
Slavske - Menchil,Ukraine,Lviv,48.870802,23.426538
Estacion de Esquí Puerto de Navacerrada,Spain,Madrid;Segovia,40.787713,-4.001053
Petersburg Ski Area,United States,Alaska,56.795262,-132.932553
Kamui Ryugasaki Snowboard Park (カムイ竜ヶ崎スノーボードパーク),Japan,Ibaraki Prefecture,35.937632,140.207586
,Russia,Moscow Oblast,55.913214,37.459429
Klippitztörl,Austria,Carinthia,46.953887,14.689372
,Norway,Innlandet,62.128743,10.596997
Silver Creek,United States,Iowa,42.744995,-94.149914
,Finland,Uusimaa,59.991633,23.392892
军都山滑雪场,China,Beijing,40.237662,116.325885
,Austria,Upper Austria,48.512488,14.484939
SKI centrum Demänová,Slovakia,Zilina,49.052929,19.584213
,Norway,Troms og Finnmark,70.226212,24.901948
,Norway,Trøndelag,63.379729,11.217124
Rujište,Bosnia and Herzegovina,Herzegovina-Neretva,43.463199,17.963140
,Norway,Vestfold og Telemark,59.226986,10.244392
,Germany,Bavaria,47.743821,10.569654
Eagle Rock Ski Resort,United States,Pennsylvania,40.927539,-76.107250
,Germany,Bavaria,49.664047,11.272241
Cobungra Slope,Australia,Victoria,-37.023719,147.244232
Granåsen skistadion,Norway,Trøndelag,63.376070,10.310578
,Finland,Satakunta,61.772087,22.750237
Přívrat,Czechia,Pardubice,49.924735,16.390074
,Switzerland,Neuchatel,47.114237,6.867177
Sunnmørsalpane Skiarena Fjellseter,Norway,Møre and Romsdal,62.339660,6.757453
Sirdal Skisenter,Norway,Agder,58.917522,6.843108
Cassiar,Canada,British Columbia,59.293547,-129.862557
,United States,Idaho,44.942518,-116.079328
,Russia,Leningrad,60.516727,30.219818
Kvitfjell,Norway,Innlandet,61.455558,10.115187
,Sweden,Gavleborg,61.704367,17.124754
,Austria,Tyrol,47.086979,11.577038
,Canada,Alberta,51.272540,-115.529260
Каменный мыс,Russia,Khanty-Mansi,61.157567,73.505824
Schlehdorf,Germany,Bavaria,47.658734,11.314667
,Finland,Lapland,66.568239,25.741414
,United States,Idaho,43.842594,-111.813934
Красный Ключ (Krasnyy Klyuch),Russia,Bashkortostan,55.381917,56.680201
Skilift Au,Germany,Bavaria,47.792149,11.977689
,Norway,Viken,59.839294,9.571179
,Austria,Salzburg,47.332528,13.149135
Campo Imperatore,Italy,L'Aquila,42.439207,13.569409
伏牛山滑雪场,China,Henan,33.738473,111.475429
青州国际滑雪场, Yunmenshan 4 Season Ski Area,China,Shandong,36.588233,118.512104
Sharp Mountain,United States,Pennsylvania,40.685460,-76.195390
,Norway,Troms og Finnmark,69.286665,18.367310
蓼科東急スキー場, Tateshina Tokyu Ski Area,Japan,Nagano Prefecture,36.069698,138.258006
,Norway,Agder,58.665042,7.062878
,Norway,Viken,60.008496,10.953673
Cranor Hill Municipal Ski Hill,United States,Colorado,38.585117,-106.895819
Heumöserlift,Austria,Vorarlberg,47.344719,9.740280
,Austria,Styria,47.125066,15.563233
Piedras Blancas,Argentina,Rio Negro,-41.146644,-71.349669
,Norway,Nordland,66.848675,13.825059
Snobowl Bike and Ski area,United States,Nevada,40.908447,-115.859754
,Russia,Chelyabinsk,55.163778,61.361380
,Switzerland,Basel-Country,47.404811,7.913889
Mont Glen,Canada,Quebec,45.209649,-72.415740
,Russia,Tomsk,56.511826,85.071888
Crystal (Bakuriani),Georgia,Samtskhe-Javakheti,41.727669,43.546719
Ratschings-Jaufen,Italy,Bolzano/Bozen,46.849716,11.305530
Pine Top,United States,Rhode Island,41.616966,-71.774862
Ogden Nordic,United States,Utah,41.373513,-111.913053
Oberwil Rossberg,Switzerland,Bern,46.637911,7.443396
Courmayeur Val Ferret,Italy,Valle D'Aosta,45.840684,7.004715
,Germany,Baden-Württemberg,48.099497,8.302494
,Norway,Viken,60.285973,11.015836
Laskettelukeskus Mustavaara,Finland,North Karelen,62.616763,30.131574
,Italy,Verona,45.651071,11.141571
,Slovakia,Kosice,48.750617,21.297960
Llandudno Ski and Snowboard Centre,United Kingdom,Conwy,53.331184,-3.834731
Sugar Loaf,United States,Michigan,44.911244,-85.817410
Timberline,United States,Wisconsin,43.140514,-89.932172
,United States,Oregon,44.471105,-121.963548
Valdrôme,France,Drôme,44.482457,5.604933
,Norway,Vestland,60.376181,5.996567
,Germany,Baden-Württemberg,48.228105,8.286636
潍坊青云山滑雪场,China,Shandong,36.440971,119.243196
Mt. Cathalia,United States,New York,41.695988,-74.384576
,Italy,Bergamo,45.874071,9.953005
奥志賀高原スキー場, Shiga Kogen Okushiga Kogen Ski Area,Japan,Nagano Prefecture,36.769662,138.521346
,Norway,Innlandet,61.602068,9.768876
,United States,Montana,46.844988,-113.992469
天龙池滑雪场,China,Henan,33.748134,112.306844
,Russia,Krasnoyarsk,55.867360,93.116620
,Germany,Bavaria,49.584436,11.377076
,Sweden,Vastra Gotaland,58.430691,13.785516
Lee's Ski Hill,United States,Colorado,38.018710,-107.668763
,India,Uttarakhand,30.532112,79.562067
Graukogel,Austria,Salzburg,47.110953,13.155806
Ingierkollen,Norway,Viken,59.803033,10.786875
亚布力滑雪旅游度假区（部分对客开放）,China,Heilongjiang,44.764760,128.434323
Engen-Stetten,Germany,Baden-Württemberg,47.882935,8.703340
Potawatomi,United States,Wisconsin,44.874621,-87.434692
Piana di Vigezzo,Italy,Verbano-Cusio-Ossola,46.166285,8.480938
Art-Ski,Poland,dolnoslaskie,50.272979,17.005112
Zwergberg Furx,Austria,Vorarlberg,47.275184,9.689856
,Norway,Nordland,68.667863,15.300831
,Finland,Northern Ostrobothnia,64.901601,25.561166
,Germany,Bavaria,47.629374,12.148322
Carter's XC Ski,United States,Maine,44.468698,-70.786091
Černý Důl,Czechia,Hradec Králové,50.642015,15.703971
Ski the Three Kingdoms (三国スキー場),Japan,Niigata Prefecture,36.761246,138.781127
Квань (Kwan),Russia,Kaluga,54.505813,36.201642
Sonnenhanglifte,Germany,Bavaria,47.537764,10.431665
Rainbow Ski Area,New Zealand,Marlborough Region;Tasman Region,-41.871028,172.858446
Hickory Hills,United States,Michigan,44.769101,-85.665829
Waterfall Glen Ski Trails,United States,Illinois,41.719300,-87.986900
Skigebiet Lausche,Czechia;Germany,Liberec;Saxony,50.853320,14.655275
,United States,Illinois,42.196292,-88.324793
Torigoe Dainichi (鳥越大日スポーツランド),Japan,Ishikawa Prefecture,36.292476,136.560080
Ялгора (Yalgora),Russia,Karelia,61.884458,34.522279
FELA Zlatník,Czechia,Moravian-Silesian,49.532151,18.497930
,United States,Oregon,42.317589,-122.256404
,Russia,Novosibirsk,54.883285,83.178688
Torgon,France;Switzerland,Haute-Savoie;Valais,46.303124,6.836431
پیست اسکی شمشک, Shemshak Ski Resort,Iran,Tehran,36.004912,51.493209
,Latvia,Ventspils,57.372524,21.541393
Skyline Ski Area,United States,Michigan,44.572158,-84.690857
Station plein Air St-Pacome,Canada,Quebec,47.415427,-69.943342
,Latvia,Riga,56.927344,24.124420
Zugspitzland Loipen (Eschenlohe, Oberau, Farchant),Germany,Bavaria,47.555316,11.140734
Ski Geilo,Norway,Viken,60.529893,8.199910
Nanao Korosa (七尾コロサスキー場),Japan,Ishikawa Prefecture,36.975717,136.960396
,Canada,British Columbia,59.839179,-135.005016
Skipiste Am Kohlberg,Germany,North Rhine-Westphalia,51.294285,7.770890
,Canada,Alberta,52.269832,-113.852937
Skyline Ski Area,United States,Virginia,38.737231,-78.211133
,United States,Alaska,64.861982,-147.703502
Grüsch-Danusa,Switzerland,Graubunden,46.958511,9.632906
Bjørnestad Skisenter,Norway,Agder,58.662465,6.590248
,Russia,Moscow Oblast,55.608013,38.896537
Holiday Hills Resort,United States,Washington,47.651513,-117.114773
Treble Cone Ski Area,New Zealand,Otago Region,-44.635044,168.882753
,Germany,Rhineland-Palatinate,50.529093,7.052695
پیست اسکی پاپایی, Papaei Ski Resort,Iran,Zanjan,36.515505,48.366528
Bolognola,Italy,Macerata,42.984975,13.245772
Big Snow American Dream,United States,New Jersey,40.810461,-74.070296
高峰マウンテンパークスキー場, Takamine Mountain Park Ski Area,Japan,Gunma Prefecture;Nagano Prefecture,36.408490,138.463756
,Belgium;Germany,Liège;North Rhine-Westphalia,50.508828,6.272035
,Finland,Central Ostrobothnia,63.824510,23.144545
,Norway,Innlandet,61.610765,11.109074
Baselga di Pinè,Italy,Trento,46.126675,11.251974
,Canada,Ontario,46.399890,-80.989818
Sulden,Italy,Bolzano/Bozen,46.506696,10.599722
Mansfield Ski Club,Canada,Ontario,44.198804,-80.057318
,Finland,Paijanne Tavastia,60.974086,25.921487
,Russia,Tatarstan,55.853198,49.216032
,Finland,Paijanne Tavastia,61.018329,25.810981
Ulricehamn Skicenter,Sweden,Vastra Gotaland,57.820067,13.413015
,United Kingdom,Lancashire,53.704535,-2.300262
,Norway,Viken,60.416529,11.096668
Massif des Brasses,France,Haute-Savoie,46.195017,6.467500
Piani di Artavaggio,Italy,Lecco,45.937099,9.531733
,Norway,Innlandet,60.211857,12.312998
,Norway,Viken,60.138287,11.263421
Badger Pass Ski Area,United States,California,37.659175,-119.662316
Montclar,France,Alpes-de-Haute-Provence,44.404551,6.372628
,Finland,Lapland,65.865175,24.543181
Groton Hills,United States,Massachusetts,42.623326,-71.541123
,France,Savoie,45.671757,6.304263
,Germany,Baden-Württemberg,48.528943,9.536958
Nordic Ridge Recreation Area,United States,Minnesota,46.705911,-94.097344
,Czechia,Hradec Králové,50.297135,16.438170
,Norway,Møre and Romsdal,62.532283,6.821819
,United States,Michigan,45.508437,-84.242003
イオックス・アローザ, IOX-AROSA,Japan,Toyama Prefecture,36.514548,136.812261
,Norway,Nordland,65.422926,13.645863
Resort Levočská dolina,Slovakia,Presov,49.066634,20.612390
Ånnaboda Storstenshöjde,Sweden,Orebro,59.328756,14.926472
,Norway,Viken,59.895461,9.770727
,Finland,Lapland,67.324997,23.787459
爺ガ岳スキー場, Jiigatake Snow Resort,Japan,Nagano Prefecture,36.560592,137.799495
Wostawea - Killarney Lake  Park Nordic Pulse,Canada,New Brunswick,46.013207,-66.629462
,Sweden,Vasterbotten County,65.091441,17.146869
,Finland,Southern Savonia,61.860443,28.750766
,Sweden,Stockholm,59.281352,18.437354
,Italy,Nuoro,40.041576,9.296848
Ski areál Dolní Dvůr,Czechia,Hradec Králové,50.655685,15.655938
,Sweden,Vasterbotten County,65.274560,15.517942
La Tour - Chambourguet,France,Puy-de-Dôme,45.553325,2.744840
Nâves,France,Savoie,45.557286,6.542635
Massif du Sud,Canada,Quebec,46.621279,-70.490704
Ski Cherokee,United States,Virginia,38.898214,-78.102772
云佛山滑雪场,China,Beijing,40.471828,116.876662
Lake Metigoshe State Park,United States,North Dakota,48.991401,-100.319153
,Hungary,Pest,47.419346,18.876552
,Poland;Slovakia,Lesser Poland Voivodeship;Presov,49.454054,20.589316
Mont Jasper,Canada,Quebec,46.271427,-74.227606
Valle Hermoso,Chile,Del Bio-Bio,-36.911625,-71.418686
,Norway,Troms og Finnmark,69.265495,19.977576
,United States,Pennsylvania,39.936063,-75.445924
Eagle Creek,United States,New Mexico,33.398163,-105.685344
,Czechia,Hradec Králové,50.734500,15.697482
,Finland,Satakunta,61.369022,22.018083
Castleside,United Kingdom,Durham,54.830853,-1.881495
Sotkanrinteet,Finland,Southern Ostrobothnia,62.413387,22.226062
,United States,Wyoming,43.391844,-110.124793
Predaia,Italy,Trento,46.324628,11.145707
Jade Dragon Mountain,China,Yunnan,27.104541,100.198915
,Norway,Innlandet,61.389720,9.922729
Hallaway Hill Ski Area,United States,Minnesota,46.544178,-95.986446
,Estonia,Valga,57.748260,26.385867
,Sweden,Vasternorrland,62.416532,16.345163
承德元宝山滑雪场,China,Hebei,40.976582,117.861472
Theodore Wirth: Loppet Trails,United States,Minnesota,44.985516,-93.324919
Ski Kamenec,Czechia,Hradec Králové,50.587160,16.160665
Gais,Switzerland,Appenzell Ausserrhoden;Appenzell Innerrhoden;Saint Gallen,47.354120,9.470115
Xonrupt-Longemer,France,Vosges,48.073647,6.913172
,Czechia,Vysocina,49.304226,15.661295
Eaton Mountain Ski Area,United States,Maine,44.768056,-69.619444
,Russia,Khanty-Mansi,60.937184,73.113901
,Austria,Tyrol,47.644806,12.208599
Monte Prata,Italy,Macerata,42.871035,13.193807
,United States,Montana,48.390358,-114.208066
,Sweden,Norrbotten,65.531328,22.114806
,Russia,Chelyabinsk,55.044146,59.486936
Chalet Reynard (Mont Ventoux),France,Vaucluse,44.152498,5.319099
,Norway,Trøndelag,64.056345,10.418185
,Russia,Udmurt,56.860149,53.232883
,Finland,Paijanne Tavastia,61.000227,25.744284
Les Crêtes de Xhoffraix,Belgium,Liège,50.459574,6.074352
горнолыжный комплекс Зеленогорский,Russia,Kemerovo,54.990289,86.955794
,Norway,Møre and Romsdal,62.070102,6.814982
Volcán Osorno,Chile,De Los Lagos,-41.121784,-72.524544
Pelvoux-Vallouise,France,Hautes-Alpes,44.860750,6.475231
Lost Trail,United States,Idaho;Montana,45.696250,-113.955820
,United States,Michigan,43.412114,-86.201720
Ski areál Sedlář,Czechia,Moravian-Silesian,50.078150,17.311066
,United States,Oregon,45.425831,-121.589176
Seven Oaks,United States,Iowa,42.029455,-93.955447
Hyland Lake Park Reserve,United States,Minnesota,44.828891,-93.369428
,Germany,Saxony,50.582063,13.034323
Schilt,Switzerland,Glarus,47.073064,9.093969
Val Verde Ski Basin,United States,New Mexico,36.445020,-105.311079
,Russia,Moscow Oblast,56.060511,37.575982
,Sweden,Vastra Gotaland,59.044182,12.449157
,Norway,Innlandet,61.799206,7.673594
,Czechia;Germany,Karlovy Vary;Saxony,50.315293,12.397224
,Italy,Bolzano/Bozen,46.666714,11.787300
,Switzerland,Valais,46.037214,7.291164
Nanshan Ski Resort, 南山滑雪场,China,Beijing,40.330304,116.856039
,Germany,Rhineland-Palatinate,49.766485,7.129331
,Norway,Troms og Finnmark,69.971406,19.213138
Cajon Grande,Argentina,Mendoza,-35.900175,-70.280828
,Switzerland,Uri,46.860746,8.770624
Underhill Ski Bowl,United States,Vermont,44.509667,-72.879782
Jižní svahy,Czechia,Olomouc,50.126624,17.150078
Passo Lanciano - Majelletta,Italy,Chieti;Pescara,42.188460,14.102786
,Finland,Pirkanmaa,62.210246,23.146652
Mukinje Plitvice,Croatia,Licko-senjska,44.871180,15.629822
Ski amadé,Austria,Salzburg;Styria,47.319594,13.364045
岩内, Iwanai Resort,Japan,Hokkaido Prefecture,42.939960,140.514518
,Sweden,Vasterbotten County,63.874243,20.215673
,Austria,Vienna,48.179439,16.255356
五日町スキー場, Itsukamachi Ski Area,Japan,Niigata Prefecture,37.122906,138.892247
,Norway,Innlandet,60.441873,12.305447
,United States,New York,44.156265,-73.982706
Middleville,United States,Michigan,42.710444,-85.449225
Litmanová,Slovakia,Presov,49.376110,20.618730
Снежинка,Russia,Perm,59.643377,56.802932
Area Sciistica Pian Vallese,Italy,Reggio Nell'Emilia,44.286495,10.431387
Kamview Nordic Centre,Canada,Ontario,48.325907,-89.375643
Campo Stella,Italy,Rieti,42.503587,12.981164
,Canada,British Columbia,50.488276,-116.003396
,Austria,Lower Austria,47.788565,15.878190
,Sweden,Dalarna,60.343022,14.510918
Conca dell'Alben,Italy,Bergamo,45.881151,9.767083
,United States,Minnesota,47.624664,-91.085807
Hohwald,Switzerland,Bern,46.708468,7.821176
Vuhred,Slovenia,Carinthia,46.592827,15.238172
,Switzerland,Uri,46.862664,8.771592
,Finland,Satakunta,61.068000,21.793663
,Norway,Trøndelag,63.116715,9.963397
,United States,Alaska,61.352642,-148.997411
Le Brassus / La Thomassette,France;Switzerland,Jura;Vaud,46.565194,6.181124
,Switzerland,Saint Gallen,47.276804,9.102755
Dolomiti Superski,Italy,Belluno;Bolzano/Bozen;Trento,46.543319,11.888598
,Latvia,Ādaži,57.092822,24.352142
,Sweden,Dalarna,60.630278,15.667726
Liepkalnis, Lipówka,Lithuania,Vilnius,54.656396,25.306924
Pleasant Mountain,United States,Maine,44.051204,-70.818044
Ski Alpin Ovivat,Belgium,Liège,50.473938,6.100347
,Sweden,Dalarna,60.903863,15.155958
Lanzada - Pradasc,Italy,Sondrio,46.270159,9.882726
Beartooth Basin Summer Ski Area,United States,Wyoming,44.977072,-109.435091
Mount Rose Ski Tahoe,United States,Nevada,39.320736,-119.884359
,Russia,Tyumen,56.079014,69.658455
Zuberec - Janovky,Slovakia,Zilina,49.262972,19.600169
,Slovakia,Presov,48.937758,21.466353
Lechnerberglifte,Austria,Salzburg,47.267674,12.762191
関温泉スキー場, Seki Onsen Ski Area,Japan,Niigata Prefecture,36.905622,138.157443
Hahn Mountain,United States,Pennsylvania,40.612083,-75.891699
Isny / Felderhalde,Germany,Baden-Württemberg,47.684217,10.031991
Nor-Ski Ridge (eventually renamed Omnibus),United States,Wisconsin,45.105069,-87.244985
Skihang Dautphetal-Holzhausen,Germany,Hesse,50.818516,8.502360
Echo Mountain,United States,Colorado,39.685567,-105.520221
Ski- und Rodelarena Wasserkuppe,Germany,Hesse,50.501416,9.944254
Mariazell - Bürgeralpe,Austria,Styria,47.784020,15.323960
Evergreen Valley,United States,Maine,44.251101,-70.933914
,Norway,Trøndelag,62.994310,11.099619
,Austria,Styria,47.075505,14.047658
,Canada,Saskatchewan,50.649030,-104.851087
,Russia,Sverdlovsk,56.688405,60.081787
Mount Dobson Ski Field,New Zealand,Canterbury Region,-43.938496,170.661556
Airport Nordic Ski Club Cross Country Ski Trails,Canada,Newfoundland and Labrador,48.962413,-54.666166
,Norway,Troms og Finnmark,69.207412,18.106033
,Switzerland,Valais,46.113709,7.396854
Tierra Mayor,Argentina,Tierra del Fuego,-54.716390,-68.082750
,Germany,Saxony,50.524898,12.552221
,Finland,Paijanne Tavastia,60.944539,25.634822
Kolej linowa Czantoria,Poland,Silesian Voivodeship,49.690138,18.825689
,Russia,Moscow Oblast,56.178804,37.701042
,United States,New York,42.646157,-73.820681
u Lišáka,Czechia,Ústecký,50.403047,12.981999
,Sweden,Dalarna,60.098951,15.029554
,Russia,Sverdlovsk,56.983518,60.593610
Zloty Gron,Poland,Silesian Voivodeship,49.572126,18.917319
,Latvia,Amatas,57.197495,25.228419
,Slovakia,Banska Bystrica,48.583948,19.633983
Amherst College Memorial Hill,United States,Massachusetts,42.369083,-72.516964
Carter Park Hill,United States,Colorado,39.477526,-106.039473
Bellwald,Switzerland,Valais,46.439983,8.164891
,United States,New York,43.253983,-77.449762
,Switzerland,Bern,47.149836,7.135121
پیست اسکی تربیت بدنی فارس, Tarbiat badani ski resort,Iran,Fars,30.302765,51.962354
Vreningebacken,Sweden,Halland,56.799745,12.982621
Eastlink Park,Canada,Alberta,54.132988,-115.651982
Sky Valley Resort,United States,Georgia,34.983614,-83.322415
Nordic Valley Resort,United States,Utah,41.305998,-111.866462
Okrągla Górka,Poland,Lesser Poland Voivodeship,49.523328,20.933332
花輪スキー場, Hanawa Ski Area,Japan,Akita Prefecture,40.183330,140.827049
Crévoux,France,Hautes-Alpes,44.538732,6.623484
,Germany,Baden-Württemberg,48.013876,8.046195
Devil's Elbow,Canada,Ontario,44.218289,-78.573283
,United States,Washington,48.559164,-120.647243
,Russia,Krasnoyarsk,56.122436,94.577559
Hohe-Wand-Wiese,Austria,Vienna,48.229644,16.202517
,United States,Alaska,62.335467,-150.089680
,Germany,Baden-Württemberg,47.774961,9.751553
,Germany,Baden-Württemberg,48.719392,8.450436
,Finland,Uusimaa,60.157804,24.752327
グリーンバレー神室スキー場, Green Valley Kamuro Ski Area,Japan,Yamagata Prefecture,38.920545,140.394943
,Russia,Novgorod,58.819087,33.549605
,Norway,Troms og Finnmark,68.875802,17.860512
Åre,Sweden,Jamtland,63.405712,13.027284
,Austria,Tyrol,47.446994,10.632200
,United States,Wisconsin,44.533963,-87.905743
Golden Gate To Fun,United States,Minnesota,44.401579,-94.705346
八海山スキー場, Muikamachi Hakkaisan,Japan,Niigata Prefecture,37.117330,138.985684
,Czechia,Olomouc,50.081443,17.031824
Shennong,China,Shanxi,36.190152,113.155485
,Sweden,Jonkoping,57.658036,14.080414
あさひスキー場, Asahi Ski Area,Japan,Hokkaido Prefecture,44.121949,142.597595
Kamikawa Choei Nakayama (上川町営中山スキー場),Japan,Hokkaido Prefecture,43.851121,142.779520
,Canada,Quebec,46.394369,-73.200793
,Norway,Innlandet,61.571384,10.999548
Lailias,Greece,Central Macedonia,41.156944,23.511772
,Norway,Nordland,66.121042,13.141904
Bagley Nature Area,United States,Minnesota,46.823516,-92.086731
Larder Lake Ski Hill,Canada,Ontario,48.091983,-79.726195
Fagerfjell skisenter,Norway,Viken,59.829362,9.307246
Mount Ashwabay,United States,Wisconsin,46.781046,-90.912407
Звёздная,Russia,Perm,57.748942,56.313386
,Turkey,Hakkari,37.569189,43.674688
,Germany,Baden-Württemberg,48.793574,8.497768
,Czechia,South Bohemian,49.100368,13.597887
,Germany,Saxony,50.583769,12.782252
Ribbon Creek,Canada,Alberta,50.928358,-115.149078
Lombachalp,Switzerland,Bern,46.756357,7.897396
Španov vrh,Slovenia,Upper Carniola,46.460824,14.060221
,Sweden,Vasternorrland,62.374978,17.144428
Stok,Poland,Silesian Voivodeship,49.659932,18.824665
,Sweden,Stockholm,59.355672,18.071047
,Bosnia and Herzegovina,Republic of Srpska,44.476798,17.433283
Skilift Waldsportpark Ebersberg,Germany,Bavaria,48.095171,11.957236
Font-Romeu Pyrénées 2000, Font-Romeu,France,Pyrénées-Orientales,42.530678,2.036142
,Norway,Vestfold og Telemark,59.464530,8.617986
Asbybacken,Sweden,Ostergotland,57.905002,15.212485
,Sweden,Jonkoping,57.702505,14.085678
Wolfgang Wallner,Argentina,Tierra del Fuego,-54.812775,-68.351896
Misty Ridge,Canada,Alberta,54.365570,-114.538621
Spechtenseelift - Wörschachwald,Austria,Styria,47.564277,14.082431
,Finland,Satakunta,61.591554,21.848676
Kolsas,Norway,Viken,59.935669,10.523547
,Russia,Altai,53.319088,83.711006
Schilift Obdach,Austria,Styria,47.058765,14.690023
Fairfax Peak,United States,Virginia,38.684438,-77.252855
Camp 10,United States,Wisconsin,45.550151,-89.504027
Bánkút síklub,Hungary,Borsod-Abauj Zemplen;Heves,48.097870,20.481690
Mount Lugo/Meyer Ranch,United States,Colorado,39.543279,-105.270738
,Russia,Moscow City,55.850045,37.718022
,France,Loire;Puy-de-Dôme,45.688572,3.780891
Saddleback Mountain,United States,Maine,44.942495,-70.524375
天山スキー場, Tenzan Ski Resort,Japan,Saga Prefecture,33.350237,130.144896
Clăbucet,Romania,Brasov,45.492706,25.585721
Lipno,Czechia,South Bohemian,48.644224,14.221694
,Canada,Quebec,46.690236,-75.551812
Klewenalp - Stockhütte,Switzerland,Nidwalden,46.931426,8.484578
Blueberry Ridge,United States,Michigan,46.451105,-87.411967
,Russia,Sverdlovsk,56.911420,60.137334
,Germany,Thuringia,50.714132,10.083841
Yakuno Months (夜久野ヶ原スキー場),Japan,Kyoto Prefecture,35.341249,134.931508
,Russia,Magadan,59.767235,150.801553
,Finland,Southern Savonia,62.289678,27.069720
,Finland,Southern Ostrobothnia,63.117399,22.894538
,Norway,Agder,58.687840,9.148931
,Norway,Viken,59.390269,11.067166
,Finland,Lapland,66.481124,25.775032
Jay Peak Resort,United States,Vermont,44.928193,-72.515401
Sunset Hills Trails and Highland Glen Nordic Ski Trails,United States,Montana,45.667325,-111.014185
,Austria,Lower Austria,47.833076,15.604988
,Finland,Southwest Finland,60.666164,22.271516
Oberbalmberg,Switzerland,Solothurn,47.261462,7.534585
,Russia,Moscow Oblast,55.908773,37.156227
古志高原スキー場, Koshi Kogen Ski Area,Japan,Niigata Prefecture,37.316113,138.884448
,Norway,Vestfold og Telemark,59.218361,10.140236
Ski Juwel Alpbachtal-Wildschönau,Austria,Tyrol,47.379204,11.957469
Arosa Lenzerheide,Switzerland,Graubunden,46.751347,9.569953
,France,Loire;Puy-de-Dôme,45.716180,3.779892
Komáří vížka,Czechia,Ústecký,50.704232,13.864917
Haugen’s Hill/Allenspark,United States,Colorado,40.192973,-105.531355
,Germany,Saxony,50.718908,12.849847
,Norway,Viken,59.725862,10.407259
,Finland,Lapland,65.818430,24.190895
Nemira,Romania,Bacau,46.214279,26.449736
Karasín,Czechia,Vysocina,49.557988,16.279610
,Norway,Innlandet,60.782020,11.224918
,Sweden,Jamtland,63.166488,16.307309
Dobratsch (Villacher Alpe),Austria,Carinthia,46.595911,13.711023
Rennerod,Germany,Hesse;Rhineland-Palatinate,50.607917,8.126737
Alpe di Neggia,Switzerland,Ticino,46.111873,8.843212
Vaňkův kopec,Czechia,Moravian-Silesian,49.855854,18.059100
,Russia,Sverdlovsk,56.626160,57.738544
老爷山度假山庄滑雪场,China,Qinghai,36.938496,101.704329
Oi-Qaragai,Kazakhstan,Almaty,43.228602,77.143184
,Canada,Saskatchewan,52.852569,-104.598305
Plaines d’Abraham,Canada,Quebec,46.797180,-71.228399
Norefjell,Norway,Viken,60.220945,9.579997
,Finland,Uusimaa,60.339420,24.304100
Mountain Dell,United States,Utah,40.750952,-111.696289
Xibaipo Hot Springs Resort,China,Hebei,38.213287,113.975866
Grandview Ski Acres,Canada,British Columbia,50.589508,-120.320946
Ramundberget,Sweden,Jamtland,62.695085,12.383472
Le Bouchet Mont Charvin,France,Haute-Savoie,45.804868,6.377577
,Sweden,Kronoberg,56.931647,14.599227
,Belgium,Liège,50.602042,5.590602
Rauthhütte / Mundelift,Austria,Tyrol,47.349524,11.119378
Montmin - Col de la Forclaz,France,Haute-Savoie,45.806160,6.247886
佐渡市平スキー場, Sado Daira Ski Resort,Japan,Niigata Prefecture,38.076891,138.350904
Magic Mountain,United States,Colorado,39.712838,-105.214193
Timber Ridge Ski Area,United States,Michigan,42.391389,-85.781595
Shingo Daiichi (神郷第一スキー場),Japan,Okayama Prefecture,35.075583,133.312699
,Sweden,Vasternorrland,62.529975,15.650446
Geilo,Norway,Viken,60.513846,8.210225
Aroostook State Park,United States,Maine,46.610971,-68.003021
Skipark Vyšné Ružbachy,Slovakia,Presov,49.313659,20.559786
Yueliang Wan,China,Heilongjiang,45.785037,126.582430
Greenwater Lake provincial Park Cross Country Ski Trails,Canada,Saskatchewan,52.493730,-103.494987
,Sweden,Norrbotten,65.665607,22.039994
Hocheck (Oberaudorf),Germany,Bavaria,47.647237,12.167805
,United States,Wyoming,43.854259,-110.274944
,Norway,Troms og Finnmark,69.959227,23.427552
Enchanted Mountain,United States,Maine,45.467084,-70.112128
Yamagata Akakura Onsen (やまがた赤倉温泉スキー場),Japan,Yamagata Prefecture,38.704910,140.545555
Hanamiyama (花見山スキー場),Japan,Okayama Prefecture;Tottori Prefecture,35.137898,133.407842
,Russia,Moscow Oblast,55.708626,37.286486
,United States,Alaska,60.704808,-149.275860
,Norway,Vestland,61.457159,6.092138
Štrbské Pleso,Slovakia,Presov,49.130747,20.053667
,Germany,Bavaria,49.422709,11.456277
,Sweden,Gavleborg,61.761127,16.867119
,Sweden,Gavleborg,61.810865,16.540633
Горнолыжная база «Кызыл-Белес» (ГКНБ),Kyrgyzstan,Chuy,42.651904,74.561057
,Sweden,Dalarna,60.478182,15.532833
,Norway,Vestland,61.268087,6.954513
Chichilianne,France,Isère,44.822079,5.549940
Kalnica,Poland,Podkarpackie,49.197063,22.412069
,Norway,Viken,59.746858,10.415193
,Finland,Pirkanmaa,62.222523,23.772213
Skilift Hermsdorf,Germany,Saxony,50.757066,13.638467
Gstaad - Saanen - Rougemont,Switzerland,Bern;Vaud,46.468592,7.236627
,Canada,Newfoundland and Labrador,52.979783,-66.914762
,Sweden,Norrbotten,65.811584,23.272327
,Estonia,Põlva,57.924944,27.664199
Durango Nordic Center,United States,Colorado,37.641901,-107.804996
Mt. Potts,New Zealand,West Coast Region,-43.798350,169.933940
,Finland,Southern Ostrobothnia,62.744648,22.774798
,Canada,Quebec,45.939582,-74.110827
Ski Cooper,United States,Colorado,39.355934,-106.288898
Selce - Čachovo,Slovakia,Banska Bystrica,48.787502,19.189700
,Hungary,Pest,47.554047,18.807047
,United States,Alaska,59.436928,-139.581548
,Norway,Møre and Romsdal,62.860628,8.289723
,Sweden,Kalmar,57.397976,15.784018
,Austria,Lower Austria,47.828646,15.549098
Eck,Germany,Bavaria,49.163028,12.989452
Baluchon,Canada,Quebec,46.451159,-72.999251
,Germany,Baden-Württemberg,48.817752,8.475129
,Austria,Tyrol,47.521259,12.268230
,Estonia,Rapla,59.172371,24.644520
Wolzenalp (Krummenau),Switzerland,Saint Gallen,47.224718,9.196062
Ski areál Razula,Czechia,Zlín,49.365570,18.355337
,Czechia,Hradec Králové,50.532421,16.258644
Ski areál Na Čele,Czechia,Moravian-Silesian,49.530613,18.390016
Omnecia Ski Club,Canada,British Columbia,54.170715,-125.720857
Yanming Crab Island,China,Henan,34.823479,114.070891
,Canada,Quebec,48.473420,-67.594766
Axamer Lizum - Muttereralm,Austria,Tyrol,47.196653,11.308047
,Czechia,Vysocina,49.695893,15.987567
,Finland,Kymenlaakso,60.521211,26.906680
Ravna planina, Pale,Bosnia and Herzegovina,Republic of Srpska,43.790664,18.586442
Stade de Slalom,France,Haute-Savoie,45.896518,6.446404
,Finland,Lapland,66.639029,25.473938
Mont Saint Castin,Canada,Quebec,46.944637,-71.284447
Ben Lomond,Australia,Tasmania,-41.533527,147.662716
Heyden Ski Hill & Resort,Canada,Ontario,46.643603,-84.311914
札幌国際スキー場, Sapporo Kokusai Skiing Resort,Japan,Hokkaido Prefecture,43.072349,141.069171
Mount Tom,United States,Wisconsin,42.656766,-88.189048
,Sweden,Jamtland,62.457774,14.536259
Passo San Leonardo,Italy,L'Aquila;Pescara,42.073082,14.027502
,France,Ardennes,49.760194,5.007134
,Germany,Baden-Württemberg,48.387073,9.562449
St-Mathieu les Cantons,Canada,Quebec,46.595204,-72.841264
,Italy,Lucca,44.207822,10.446977
Prat-Peyrot,France,Gard;Lozère,44.119126,3.547745
Gausta skisenter,Norway,Vestfold og Telemark,59.883486,8.735925
Morgedal,Norway,Vestfold og Telemark,59.476744,8.424678
,Serbia,Raska,43.567481,20.754671
Ohana Resort,Japan,Fukui Prefecture;Shiga Prefecture,35.535315,136.090199
,Norway,Innlandet,60.805853,11.095914
,Norway,Troms og Finnmark,69.250125,17.878985
,Germany,Bavaria,49.100551,11.788501
Vojšín Malá Lehota,Slovakia,Banska Bystrica,48.485801,18.591583
,Canada,Quebec,45.659606,-73.912289
Formiguères,France,Pyrénées-Orientales,42.625337,2.053293
Skigebiet Niedere (Andelsbuch-Bezau),Austria,Vorarlberg,47.394452,9.933900
Snow Space Salzburg,Austria,Salzburg,47.334393,13.281531
X-JAM高井富士, X-JAM Takaifuji,Japan,Nagano Prefecture,36.798943,138.418238
,Russia,Moscow Oblast,56.203135,38.089652
Grand Tourmalet,France,Hautes-Pyrénées,42.904289,0.137268
神农架国际滑雪场,China,Hubei,31.552754,110.381111
Enego 2000,Italy,Vicenza,45.950348,11.650117
Fričkovce,Slovakia,Presov,49.187962,21.236032
青格里狼山滑雪场,China,Xinjiang Uyghur,46.537190,90.347877
Los Penitentes,Argentina,Mendoza,-32.831115,-69.834506
Nedvědice - Nutrie,Czechia,Vysocina,49.469940,16.307720
,Germany,Saxony,50.708410,12.974168
Oak Valley,South Korea,Kangwon-Do,37.407123,127.808522
Ośrodek Narciarski Nart-Sport,Poland,Lubelskie,51.305368,22.087735
Hakuba Highland (白馬ハイランドスキー場),Japan,Nagano Prefecture,36.687147,137.868485
,Finland,Lapland,67.698265,25.203172
Montgenèvre,France;Italy,Hautes-Alpes;Turin,44.927337,6.726628
Lantsch/Lenz,Switzerland,Graubunden,46.684017,9.569677
鳌山滑雪场,China,Shaanxi,34.019418,107.397766
,Sweden,Dalarna,61.029731,14.163540
Wachusett Mountain Ski Area,United States,Massachusetts,42.495612,-71.886790
Wiedneralm (Gaberl, Salla),Austria,Styria,47.117015,14.937662
,Slovakia,Zilina,49.028673,19.552268
,Estonia,Võru,57.813346,27.017236
,Germany,Baden-Württemberg,48.155928,9.254449
Wintergreen Ski Resort,United States,Virginia,37.918109,-78.940669
,Finland,Lapland,68.312897,27.645534
Gresse en Vercors,France,Isère,44.888439,5.543748
,Germany,Schleswig-Holstein,53.927537,10.122437
,Austria,Styria,47.451415,13.875618
,United States,Alaska,61.138679,-149.464535
Tosebakken,Greenland,Qeqqata Kommunia,66.935536,-53.650675
Spout Springs,United States,Oregon,45.757104,-118.048053
Jaun-Gastlosen Bergbahnen,Switzerland,Fribourg,46.602223,7.287253
Bedřichov,Czechia,Liberec,50.787908,15.140857
Scaly Mountain,United States,North Carolina,35.021790,-83.305893
聚隆滑雪度假区（未完工）,China,Liaoning,41.956246,125.200158
,United States,Washington,46.782043,-122.014543
,Finland,Central Finland,62.631917,26.274821
McCarthy Cross-Country Ski Trails,United States,Wisconsin,43.118584,-89.188817
,Russia,Chelyabinsk,55.746173,60.555380
Big White Ski Resort,Canada,British Columbia,49.735848,-118.948676
Cayoosh Resort (Melvin Creek),Canada,British Columbia,50.503164,-122.284012
Mt. Whitney,United States,New York,44.313501,-73.950734
Klimpfjällsbackarna,Sweden,Vasterbotten County,65.069907,14.787801
白馬さのさか, Hakuba Sanosaka Snow Resort,Japan,Nagano Prefecture,36.622170,137.838298
,Norway,Nordland,66.313101,14.200790
Glonn,Germany,Bavaria,47.994967,11.854784
Kila Valley,Sweden,Sodermanland,58.872059,16.878711
,Germany,Baden-Württemberg,48.864117,10.217987
,Norway,Trøndelag,62.797447,11.313008
Schuttannen,Austria,Vorarlberg,47.363553,9.742484
,Russia,Altai,52.479520,85.115630
Χιονοδρομικό Κέντρο Περτουλίου, Pertouli Ski Resort,Greece,Thessaly,39.549760,21.501742
,Germany,Bavaria,47.416949,10.234729
,Romania,Satu Mare,47.804181,23.522099
Axiom (越後アクシオムスキー場),Japan,Niigata Prefecture,37.289993,139.000049
Mount Lyford Alpine Resort,New Zealand,Marlborough Region,-42.442975,173.148981
,Russia,Karelia,62.910227,34.415011
,Germany,Bavaria,49.933719,9.628795
,Latvia,Krimuldas,57.177225,24.817239
,Finland,Northern Ostrobothnia,65.143685,25.625297
,Germany,Bavaria,47.479036,10.403390
,Canada,Alberta,52.659169,-117.895731
Nevis Range,United Kingdom,Highland,56.830873,-4.968484
Brauneck,Germany,Bavaria,47.663190,11.533304
,Norway,Trøndelag,64.637933,13.145023
Castle Mountain Resort,Canada,Alberta,49.313448,-114.427236
,Finland,North Karelen,63.298343,30.025026
Karamanoli,Greece,Thessaly,39.278659,21.678407
,Russia,Mari El,56.220359,47.505135
,Germany,Saxony,50.711920,13.169039
Göllerlifte,Austria,Lower Austria,47.812909,15.458043
Huatian Wujimi,China,Heilongjiang,45.209409,127.811011
嵩山少林滑雪场,China,Henan,34.480839,113.073256
베어스타운리조트 (Bears Town Resort), Bears Town Resort, 베어스타운리조트,South Korea,Kyeongki-Do,37.797897,127.248822
,Russia,Yamalo-Nenets,63.202026,75.410187
,Norway,Troms og Finnmark,69.743132,21.027169
,Norway,Vestfold og Telemark,59.401338,9.026749
Bear Valley (formerly Pink Panther and Snowburst),United States,Wisconsin,44.398335,-88.030639
井川スキー場, Ikawa Ski Resort,Japan,Tokushima Prefecture,33.962358,133.885174
Salomonkallio,Finland,Satakunta,61.410525,22.060650
,Germany,Bavaria,47.573793,10.743300
,Austria,Styria,47.480592,15.762015
Damüls,Austria,Vorarlberg,47.294523,9.880091
,Norway,Trøndelag,63.898400,11.783572
,Croatia,Osjecko-baranjska,45.493026,18.035596
Pines Peak Family Ski Area,United States,Indiana,41.531519,-87.067723
,United States,Washington,47.773040,-120.641138
Skiclub Il Primo,Netherlands,North Holland,52.678808,4.692101
Mount Pinos Winter Sports Area,United States,California,34.813487,-119.118349
Gura Humorului,Romania,Suceava,47.542338,25.889064
Mount Chase Lodge Trails,United States,Maine,46.107041,-68.557949
,Czechia,Liberec,50.748510,15.098126
蔵王猿倉スキー場, Zao Sarukura,Japan,Yamagata Prefecture,38.127375,140.377795
,Czechia,Hradec Králové,50.244609,16.492623
,Russia,Moscow Oblast,56.208902,37.281825
,Finland,South Karelia,61.169861,28.809495
,United States,Montana,45.990419,-112.977415
Cortina Valley,United States,New York,42.184867,-74.119876
Cricket Hill Trails,United States,Vermont,44.609260,-72.634907
,Czechia,Olomouc,49.939674,16.835925
Kubašok,Slovakia,Presov,48.981455,20.246770
,Hungary,Budapest,47.494243,18.964361
,Russia,Moscow Oblast,56.174744,37.465435
Lowther Hills,United Kingdom,Dumfries and Galloway;South Lanarkshire,55.383526,-3.759796
,United States,South Dakota,44.248500,-103.951727
Ski Dubai,United Arab Emirates,Dubai,25.117589,55.197897
Pine Ridge Snow Park,United States,Massachusetts,42.399863,-72.102934
,Germany,Baden-Württemberg,47.831521,8.636312
,Finland,Lapland,66.465506,25.574715
Ben Eoin,Canada,Nova Scotia,45.969663,-60.429648
,United States,New York,43.018839,-77.565248
Mikawa (美川スキー場),Japan,Ehime Prefecture,33.580982,132.946274
Newcomb Ski Slope,United States,New York,43.960148,-74.175914
Site Nordique de Serre Chevalier,France,Hautes-Alpes,44.975932,6.501676
Gourette,France,Pyrénées-Atlantiques,42.946596,-0.336683
Schigebiet Arralifte Harmanschlag,Austria,Lower Austria,48.653563,14.784277
La Colmiane,France,Alpes-Maritimes,44.067395,7.223528
,Italy,Valle D'Aosta,45.820029,7.517318
,Austria,Upper Austria,48.451078,14.317977
Skilifte Geiersberg,Germany,Bavaria,48.684544,13.665682
,Czechia,Ústecký,50.633775,13.529826
Planica,Slovenia,Upper Carniola,46.478200,13.726638
めいほうスキー場, Meiho Ski Resort,Japan,Gifu Prefecture,35.949050,137.028473
,Switzerland,Appenzell Ausserrhoden,47.424879,9.514121
,Russia,Nenets,67.623138,53.004931
Yxbacken,Sweden,Ostergotland,58.669329,16.136020
,Russia,Amur,50.372923,127.587975
Ак-Йорт (Ak-Yort),Russia,Bashkortostan,54.730249,56.027587
,Greenland,Kommuneqarfik Sermersooq,64.194132,-51.693276
,Germany,Thuringia,50.646778,10.174331
Český Jiřetín,Czechia,Ústecký,50.704534,13.545388
,United States,Alaska,60.549975,-149.324193
,Germany,Baden-Württemberg,48.200209,9.324378
Skipark Frymburk,Czechia,South Bohemian,48.659310,14.172467
,Poland,Silesian Voivodeship,50.653584,18.685221
Base de plein air La Découverte (Val-Bélair),Canada,Quebec,46.829749,-71.454757
Ski Kľačno,Slovakia,Trenciansky kraj,48.906862,18.664265
Nevados de Longaví,Chile,Del Maule,-36.216302,-71.208401
,Finland,Northern Ostrobothnia,63.958894,24.983523
Muju,South Korea,Jeollabuk-Do,35.889367,127.745017
美深スキー場, Bifuka Ski Area,Japan,Hokkaido Prefecture,44.488845,142.360918
,Germany,Saxony,50.921776,14.712428
,Switzerland,Valais,45.975369,7.200194
Paradise Valley,United States,Wisconsin,42.722126,-88.351740
Zaarour Club,Lebanon,Mount Lebanon,33.918768,35.810890
Leavenworth Ski Hill,United States,Washington,47.614188,-120.669132
,Latvia,Plavinu,56.647724,25.720399
,United States,Vermont,42.836430,-72.913707
威海地中海滑雪场,China,Shandong,37.357765,122.144910
Mostek,Czechia,Hradec Králové,50.497408,15.724114
,Sweden,Dalarna,61.079794,14.694130
,United Kingdom,East Sussex,51.075490,0.196661
The Hermitage Club at Haystack Mountain,United States,Vermont,42.923524,-72.897553
,United States,Montana,44.689925,-111.099116
,Norway,Viken,60.150089,11.124422
Gonten,Switzerland,Appenzell Innerrhoden,47.316724,9.344699
Kusatsu Ongaku no Mori (草津音楽の森スキー場),Japan,Gunma Prefecture,36.633642,138.592019
,Russia,Moscow Oblast,55.967787,37.972534
Kraslice - Saporo,Czechia,Karlovy Vary,50.321166,12.496622
Candelario,Spain,Salamanca,40.333525,-5.725679
Area Sciistica Piane di Mocogno,Italy,Modena,44.287104,10.662432
Estación Esquí Antillanca,Chile,De Los Lagos,-40.766796,-72.198932
Another World Skiing and Snowboard,United Kingdom,Calderdale,53.779307,-1.899888
Cerro Wayle,Argentina,Neuquen,-37.079290,-70.118351
,Germany,Saxony,51.073964,13.897795
Kazawa (鹿沢スキー場),Japan,Gunma Prefecture,36.440824,138.414395
Stade des Neiges du Barioz,France,Isère,45.328924,6.054677
Hornindal skisenter,Norway,Møre and Romsdal,62.009889,6.550985
Kranjska Gora,Italy;Slovenia,Udine;Upper Carniola,46.481683,13.740050
,Norway,Troms og Finnmark,69.532333,20.536680
,United States,Minnesota,46.988299,-94.330971
Tannenberg,Switzerland,Saint Gallen,47.444340,9.297506
,United States,Alaska,60.537253,-149.326490
Minnesota Landscape Arboretum,United States,Minnesota,44.856801,-93.608329
,Germany,Bavaria,48.908363,13.398791
,Finland,Uusimaa,60.363287,24.498355
,United Kingdom,Lancashire,53.846760,-2.347879
Jahorina olimpijski centar, Olympic Center Jahorina, Јахорина олимпијски центар,Bosnia and Herzegovina,Republic of Srpska,43.726192,18.569546
,Norway,Vestland,61.226395,6.026670
羽幌町民スキー場, Haboro Chomin Skijo,Japan,Hokkaido Prefecture,44.318334,141.786200
Gooseberry Falls State Park,United States,Minnesota,47.147712,-91.469858
Ski und Snowboardzentrum Fahrenberg,Germany,Bavaria,49.671470,12.370112
,United States,Alaska,62.290819,-150.065132
,Finland,Lapland,68.098118,24.821621
,Germany,Bavaria,49.529023,11.544549
Skiareál Peklák,Czechia,Pardubice,49.908314,16.429319
Crystal Mountain Resort,Canada,British Columbia,49.882026,-119.711666
,Russia,Perm,60.425115,57.052728
Горнолыжный склон «Ласки»,Russia,Tambov,52.750703,41.407118
,Germany,Baden-Württemberg,48.034907,8.540410
,Russia,Nizhny Novgorod,56.069804,44.488699
,Germany,Baden-Württemberg,48.059152,8.742124
Hakusan Seme Kogen (白山瀬女高原スキー場),Japan,Ishikawa Prefecture,36.283915,136.652162
,Switzerland,Bern,46.942337,7.879362
Mt Baker,United States,Washington,48.857115,-121.665157
,Latvia,Salaspils,56.868038,24.359994
Planneralm,Austria,Styria,47.401944,14.205399
Innerkrems,Austria,Carinthia;Salzburg,46.968946,13.753250
Pikku-Syote,Finland,Northern Ostrobothnia,65.634297,27.695778
Martinské hole,Slovakia,Zilina,49.094502,18.826662
Bedřichov - Klindera,Czechia,Liberec,50.784881,15.145233
,Norway,Rogaland,59.615397,6.247885
,United States,Wyoming,44.775946,-106.951675
Hindelang Oberjoch,Germany,Bavaria,47.513301,10.418177
Szyndzielnia,Poland,Silesian Voivodeship,49.775632,19.010659
Kakenoue House cross-country (欠ノ上クロスカントリーハウス),Japan,Niigata Prefecture,37.087717,138.864158
Saint François Longchamp,France,Savoie,45.430472,6.381041
,Canada,Saskatchewan,53.490775,-106.342721
,Austria,Upper Austria,48.457010,14.219457
,Sweden,Vasterbotten County,64.057846,20.881790
,Sweden,Norrbotten,67.857558,20.330688
Flat Mountain Ski Area,United States,New Hampshire,42.772408,-71.897149
Lopušná Dolina,Slovakia,Presov,49.037428,20.160731
Arrowhead Recreation Area,United States,New Hampshire,43.360743,-72.331690
,Russia,Tver,56.751660,36.032665
,Germany,Bavaria,48.925504,13.461633
,Germany,Schleswig-Holstein,53.928336,10.154691
,Germany,Rhineland-Palatinate,50.280372,6.396287
Monesi di Triora,Italy,Cuneo;Imperia,44.071404,7.739598
,Finland,Northern Ostrobothnia,64.101419,25.428689
,Italy,Belluno;Treviso,46.062863,12.398888
,Slovakia,Presov,48.877442,21.556064
Stacja Narciarska Kotelnica Białczańska, Kotelnica Białczańska Ski Station,Poland,Lesser Poland Voivodeship,49.379084,20.089032
Area Sciistica Pratospilla,Italy,Massa-Carrara;Parma,44.354191,10.100213
,Germany,Bavaria,47.631769,10.383880
Iron Mountain (Silver Basin/Ski Sundown/Iron Mountain/Carson Ski Area),United States,California,38.630550,-120.211802
,Finland,Pirkanmaa,61.497707,23.539218
Mont Restigouche,Canada,Quebec,48.061217,-66.710358
,Norway,Møre and Romsdal,62.670587,8.382682
,Norway,Trøndelag,63.248834,11.200278
Фаворит, Favorit,Russia,Perm,58.109756,56.275363
Шуколово (Shukolovo),Russia,Moscow Oblast,56.229233,37.490562
,Finland,Northern Savonia,62.795734,27.567511
,Russia,Perm,57.372308,56.230201
,Lithuania,Vilnius,54.702653,25.352102
Boí Taüll,Spain,Lleida,42.472546,0.874338
,Norway,Troms og Finnmark,69.192715,17.659164
Hojsova Stráž,Czechia,Plzeň,49.211906,13.196748
Station de Ski de Brameloup,France,Aveyron,44.579430,3.014394
,Russia,Orenburg,51.191175,58.307272
,Norway,Møre and Romsdal,62.342119,7.547545
Centro Fondo Asiago,Italy,Vicenza,45.857230,11.536353
,Germany,Bavaria,47.719530,10.897789
Ski Eldorado - Secteur St-Paul,Canada,Quebec,45.295729,-71.113660
Diemtigtal,Switzerland,Bern,46.563894,7.476504
Gaißach,Germany,Bavaria,47.736691,11.578921
,Norway,Vestfold og Telemark;Viken,59.503504,9.665936
Coyhaique Park,Chile,De Aisen,-45.575856,-72.024179
Apple Hill Ski Area,United States,Vermont,43.730670,-72.938147
,United States,Idaho,43.544033,-111.117314
Skiberg Mureck,Austria,Styria,46.703894,15.769496
,Russia,Samara,53.496395,49.317363
Beaver Mountain,United States,Utah,41.971773,-111.550144
,Germany,Hesse,51.299075,8.639250
Bödefeld - Hunau,Germany,North Rhine-Westphalia,51.223433,8.388594
,Sweden,Norrbotten,66.054002,21.765780
Piani dell'Avaro,Italy,Bergamo,46.003981,9.598526
,United States,Utah,40.541151,-111.498687
Queyras - Haut-Guil (Abriès),France,Hautes-Alpes,44.790607,6.954862
Ariens Nordic Center,United States,Wisconsin,44.152203,-88.055219
Goulier-Neige,France,Ariège,42.736319,1.518497
,Finland,Kainuu,64.122245,28.272922
,Norway,Nordland,68.560973,17.555619
Salla Ski Resort,Finland,Lapland,66.763135,28.782324
Kowloon Bay,China,Shandong,37.420519,116.267470
,Germany,Baden-Württemberg,48.499142,9.543742
,Finland,Uusimaa,60.436101,25.057382
Portillo,Chile,De Valparaiso,-32.837176,-70.132589
,Norway,Agder,58.701380,6.821770
,Canada,Quebec,48.445320,-64.436721
,United States,Pennsylvania,39.950723,-79.366581
Green Mountain,Canada,British Columbia,49.056599,-124.343395
,Canada,British Columbia,49.437768,-115.070104
Maarianvaaran hiihtokeskus,Finland,Northern Savonia,62.850510,28.918713
,United States,Utah,41.690684,-111.854696
Lake Louise Ski Area,Canada,Alberta,51.452565,-116.131218
,United States,Washington,48.259354,-117.120014
,Latvia,Plavinu,56.712851,25.786154
Valemount Glacier Destination,Canada,British Columbia,52.842495,-119.523956
,Norway,Trøndelag,63.306192,11.019187
,Slovakia,Kosice,48.853825,20.533191
Heavenly Mountain Resort,United States,California;Nevada,38.937462,-119.910798
Larch Hills Nordic Ski Trails,Canada,British Columbia,50.732149,-119.151307
Lądek-Zdrój,Poland,dolnoslaskie,50.347597,16.897202
Χιονοδρομικό Κέντρο Πηλίου Αγριόλευκες,Greece,Thessaly,39.390369,23.086023
Mont Saint-Mathieu,Canada,Quebec,48.155322,-69.010019
Silver Mountain Resort,United States,Idaho,47.505389,-116.131361
Ski Bradford,United States,Massachusetts,42.744627,-71.056435
Valfjället Skicenter,Sweden,Varmland,59.826723,12.243831
,United States,Wyoming,44.197745,-106.931894
Rabka-Zdrój,Poland,Lesser Poland Voivodeship,49.608333,19.966667
ホワイトバレースキー場, White Valley Ski Area,Japan,Gunma Prefecture,36.795605,138.963343
Großarltal-Dorfgastein,Austria,Salzburg,47.242345,13.163442
,United States,Michigan,47.466431,-87.874817
,Norway,Møre and Romsdal,62.504804,6.674626
狼牙山滑雪场,China,Hebei,39.126954,115.254585
,Norway,Viken,60.801778,8.979202
Yakeyama Onsen (焼山温泉スキー場),Japan,Niigata Prefecture,36.992379,138.012943
Langis-Glaubenberg,Switzerland,Obwalden,46.903449,8.133771
Mont Christie,Canada,Quebec,45.899850,-74.193871
,Norway,Møre and Romsdal,62.237123,7.232664
,United States,Washington,46.149263,-122.239031
,Norway,Viken,59.949971,10.466624
Vormaine,France,Haute-Savoie,46.003702,6.952355
Salzstiegl,Austria,Styria,47.020136,14.957821
Arrowhead Golf Club,United States,Illinois,41.826036,-88.134379
Nasu Onsen (那須温泉ファミリースキー場),Japan,Tochigi Prefecture,37.118460,139.982792
,Finland,Northern Ostrobothnia,65.124222,25.739783
,Norway,Rogaland,59.049782,6.124976
Angarskaya Gorka,Russia,Irkutsk,52.437729,103.729323
Kinderskiparadies La Nars,Switzerland,Graubunden,46.591482,9.597299
,Italy,Chieti,41.912193,14.194310
,Germany,North Rhine-Westphalia,50.776516,7.991548
Carver Park Reserve,United States,Minnesota,44.880342,-93.710894
,Sweden,Vasterbotten County,64.440912,21.243477
,Norway,Nordland,65.055469,12.349042
Terminillo,Italy,Rieti,42.468777,12.990578
,Finland,Kymenlaakso,60.897184,26.756825
,Russia,Ulyanovsk,54.235542,49.518350
,United States,Michigan,47.449113,-88.186330
,Norway,Agder,58.155974,7.981797
いいづなリゾートスキー場, IIZUNA HIGASHI KOGEN RESORT,Japan,Nagano Prefecture,36.741499,138.157003
Horseshoe Bend,United States,Iowa,43.299135,-95.208721
Prislop,Czechia,Moravian-Silesian,49.611155,18.578568
,Sweden,Jamtland,62.904299,14.303326
Yodelin,United States,Washington,47.766417,-121.076760
Kinsmen Park,Canada,Alberta,53.527325,-113.505313
,Norway,Vestfold og Telemark,59.927933,8.765326
,Norway,Trøndelag,63.650421,11.047349
,France,Savoie,45.712251,6.039582
淄博玉黛湖滑雪场,China,Shandong,36.805756,118.136461
Marikollen skisenter,Norway,Viken,59.921979,11.050334
,Norway,Innlandet,61.153693,11.406459
,Serbia,Rasinski upravni okrug,43.284836,20.882178
Cedar Hills Ski Area,United States,Minnesota,44.826694,-93.483481
Les Crozets,France,Jura,46.477147,5.791094
,Norway,Innlandet,60.285053,11.912845
Sunday River,United States,Maine,44.466871,-70.874407
沧州勇士滑雪场,China,Hebei,38.564873,116.992617
,Norway,Troms og Finnmark,69.234669,17.569103
Ammarnas,Sweden,Vasterbotten County,65.961390,16.186140
Le Sappey-en-Chartreuse,France,Isère,45.256823,5.778134
Glen Cove,United States,Colorado,38.872876,-105.075294
,Finland,Lapland,68.629714,27.582467
Estació d'esquí Port del Comte,Spain,Lleida,42.173822,1.546194
Burke Mountain,Canada,British Columbia,49.337092,-122.716556
,Slovakia,Banska Bystrica,48.447867,18.855774
,Germany,Baden-Württemberg,48.288844,8.517657
,Finland,North Karelen,62.320251,29.645295
桂沢国設スキー場, Katsurazawa Kokusetsu Ski Area,Japan,Hokkaido Prefecture,43.250087,141.979821
Good Spirit Lake Provincial Park Cross Country Ski Trails,Canada,Saskatchewan,51.504255,-102.665176
,Poland,Lesser Poland Voivodeship,49.381779,19.938105
,Germany,Bavaria,49.035935,13.194080
马鬃山滑雪场,China,Inner Mongolia,40.872014,112.107035
Norway Mountain Ski Resort,United States,Michigan,45.790467,-87.867380
,Switzerland,Ticino,46.506924,8.517528
,United States,Alaska,65.637768,-144.422312
怀北国际滑雪场, Beijing Huaibei International Ski Resort,China,Beijing,40.446005,116.650997
,Germany,Baden-Württemberg,48.628298,10.127468
,Norway,Innlandet,60.560302,9.753756
Snow Summit,United States,California,34.227750,-116.890393
,Finland,South Karelia,61.539700,29.508153
,Japan,Akita Prefecture,40.184208,140.817965
,Finland,Lapland,68.280710,23.091561
,Russia,Kaluga,54.796302,35.872218
文成绿水尖滑雪场,China,Zhejiang,27.850016,119.862747
Monte Prata,Italy,Macerata,42.871369,13.198469
Val Formica,Italy,Vicenza,45.972618,11.405972
La Serra,France,Jura,46.408672,6.000960
Appalachian Mountain Ski Area,United States,North Carolina,36.173036,-81.663459
,Norway,Trøndelag,64.538115,11.530320
Chapelle-des-Bois,France,Doubs;Jura,46.618188,6.100332
Steamboat Lake,United States,Colorado,40.787360,-106.904623
Triple M,United States,New Mexico,32.913324,-105.763155
,United States,New York,44.185424,-74.000655
Tannheim-Zöblen-Schattwald,Austria;Germany,Bavaria;Tyrol,47.498124,10.487897
Mount Airy,United States,Pennsylvania,41.110432,-75.322008
,Russia,Moscow Oblast,55.231632,37.548749
,Norway,Nordland;Trøndelag,65.152602,14.023097
Vinings Ridge,United States,Georgia,33.862843,-84.472654
Stover Mountain,United States,California,40.290836,-121.288290
Brandtnerlifte,Austria,Upper Austria,48.414562,13.980870
Valle Nevado,Chile,Metropolitana,-33.338251,-70.249996
,Russia,Nizhny Novgorod,56.295386,43.826251
,Russia,Krasnodar,43.659503,40.318973
,Norway,Vestfold og Telemark,59.542850,10.067773
,United States,New York,43.360527,-75.986346
,Canada,Quebec,47.503688,-70.335512
,Canada,Quebec,45.367238,-71.213756
,Russia,Moscow City;Moscow Oblast,55.812188,37.897857
Silver Hills,United States,Colorado,38.162973,-105.238295
Salzburger Sonnenterrasse / St. Veit-Schwarzach,Austria,Salzburg,47.330912,13.148403
,Sweden,Gavleborg,61.873883,17.335257
,Canada,Ontario,45.346688,-75.843317
,United States,Illinois,42.213014,-88.173752
,Switzerland,Appenzell Ausserrhoden,47.413903,9.448656
,Norway,Innlandet,61.697189,9.297466
Franklin Pierce College Ski Hill,United States,New Hampshire,42.781842,-72.053683
Gröllerkopf-Übersaxen,Austria,Vorarlberg,47.255942,9.686683
Cogne,Italy,Valle D'Aosta,45.597188,7.364664
,Austria,Salzburg,47.577349,13.138077
Montclair Ski Centre,Canada,Ontario,44.010071,-80.027761
,Estonia,Tartu,58.225898,26.685383
,Czechia,Hradec Králové,50.724355,15.792076
,Austria,Salzburg,47.248165,13.465392
,Sweden,Vasterbotten County,63.790794,20.329676
美唄国設スキー場, Bibai Kokusetsu Ski Area,Japan,Hokkaido Prefecture,43.319903,141.947768
Parc national de La Jacques-Cartier,Canada,Quebec,47.174880,-71.369151
Brattleboro Ski Hill,United States,Vermont,42.846526,-72.585839
Goldbar Park (including Goldstick Park, Riverside Golf Course and Capilano Park),Canada,Alberta,53.557110,-113.406115
Gamlestølen,Norway,Innlandet,61.032234,9.690418
,Slovakia,Trenciansky kraj,48.838260,18.340633
Lyžařský areál Němčičky u Břeclavi,Czechia,South Moravian,48.930060,16.834245
Большая Кузьминка (Bolshaya Kuzminka),Russia,Lipetsk,52.761402,39.668752
C4 Parque de Nieve,Argentina,Neuquen,-40.202477,-71.333069
Garnet Hill,United States,New York,43.711190,-74.108214
,Germany,Baden-Württemberg,47.738494,8.166660
,Russia,Moscow Oblast,55.915765,36.896515
,Norway,Innlandet,60.554601,11.566292
,Norway,Nordland,68.414637,15.971935
Marela,Slovenia,Central Sava,46.131486,14.945457
,Czechia,Olomouc;Pardubice,50.045686,16.794207
,Canada,Quebec,45.755256,-74.143509
,Norway,Nordland,65.603139,14.053300
پیست اسکی آلوارس, Alvares Ski Complex,Iran,Ardabil,38.206184,47.870366
Devil's Nest,United States,Nebraska,42.800053,-97.713250
,Finland,Uusimaa,60.247870,24.794945
Pfelders,Italy,Bolzano/Bozen,46.791830,11.092941
Kirkerudbakken,Norway,Viken,59.905234,10.481146
Karpatka Panorama,Poland,dolnoslaskie,50.780201,15.752170
,Finland,Paijanne Tavastia,61.155177,25.581343
風の丘公園スキー場, Kiyosato Choei Midori Ski Area,Japan,Hokkaido Prefecture,43.719297,144.500879
Schroon Lake Ski Center,United States,New York,43.831841,-73.778386
,Norway,Innlandet,61.337348,12.320019
,Finland,Southern Savonia,61.748871,29.445459
Interlaken,United States,Wisconsin,42.587751,-88.505752
,Russia,Zabaykalsky,52.047882,113.584744
Big Bar Cross Country Ski Trails,Canada,British Columbia,51.147806,-121.505272
,China,Sichuan,32.669392,106.973330
Mount Waterman,United States,California,34.343688,-117.931842
日照沁园春滑雪场,China,Shandong,35.511829,119.479444
,Russia,Chelyabinsk,55.147435,61.359080
Hidden Valley Resort,United States,Pennsylvania,40.058174,-79.252796
,Canada,Alberta,52.908520,-118.087531
Rhemes - Notre Dame,Italy,Valle D'Aosta,45.578773,7.123471
,Canada,Quebec,46.013232,-74.094851
Soldier Mountain Ski Area,United States,Idaho,43.487890,-114.842216
,United States,Alaska,61.116634,-149.602617
Kuangbiao Sports Paradise,China,Beijing,40.051012,116.134218
,Norway,Troms og Finnmark,70.643126,29.728037
Harayama City (原山市民スキー場),Japan,Gifu Prefecture,36.133231,137.220416
Auronzo,Italy,Belluno,46.553071,12.410327
Rickenbach,Switzerland,Lucerne,47.205757,8.148881
,Canada,Alberta,52.877754,-118.109393
Keltepe,Turkey,Karabuk,41.059134,32.466076
安吉江南天池滑雪场,China,Zhejiang,30.473929,119.592077
Val Pelens,France,Alpes-Maritimes,44.154083,6.738686
,Germany,Baden-Württemberg;Bavaria,48.704921,10.463756
,Norway,Vestfold og Telemark,59.280896,9.984490
,Norway,Innlandet,60.645193,10.298164
Studen,Switzerland,Schwyz,47.071233,8.833400
,Russia,Moscow City,55.459361,37.532005
,Finland,Northern Ostrobothnia,65.008560,26.158542
,Montenegro,Niksic,42.826381,19.073510
,Slovakia,Zilina,49.075361,19.263480
Kalpalinna,Finland,Tavastia Proper,60.929901,24.594898
,Russia,Khanty-Mansi,63.190103,64.434560
Rahmensteinhang,Germany,Baden-Württemberg,48.706360,10.231479
Levoča Nordic Centrum, Levoča bežkársky areál,Slovakia,Presov,49.054502,20.661958
Kubínská hola,Slovakia,Zilina,49.261467,19.259236
,Poland,Pomorskie,54.375772,18.259544
,Norway,Agder,58.179343,8.005987
Makomanai (真駒内スキー場),Japan,Hokkaido Prefecture,42.921615,141.327569
Labrador Mountain,United States,New York,42.738428,-76.036233
Osceola Tow,United States,Massachusetts,42.441511,-73.286061
スターシュプール飛騨流葉スキー場, Hida Nagareha Resort,Japan,Gifu Prefecture,36.316340,137.234740
Le Larmont,France;Switzerland,Doubs;Neuchatel,46.907400,6.423516
,France,Cantal,45.118694,2.651434
Summit Ranger District Ski Trails,United States,California,38.181326,-119.941715
Tenney Mountain Resort,United States,New Hampshire,43.745606,-71.768419
,Spain,Navarre,42.956247,-1.035188
,Russia,Moscow Oblast,55.757034,37.868853
,Russia,Moscow Oblast,55.811863,37.946200
Loch Lomond,Canada,Ontario,48.292529,-89.346827
,Norway,Vestland,61.038268,6.535078
Culaishan Ski Field,China,Shandong,36.073320,117.215080
,Germany,North Rhine-Westphalia,51.009961,8.187378
,Canada,Alberta,54.832426,-111.974417
,Norway,Viken,60.434737,9.968734
,Russia,Leningrad,59.612669,31.136949
Katrin (Bad Ischl),Austria,Upper Austria,47.692895,13.595495
Ski de fond Mont-Tremblant,Canada,Quebec,46.176282,-74.574173
Houghton University,United States,New York,42.431297,-78.152211
Iwayama Park Land (岩山パークランドスキー場),Japan,Iwate Prefecture,39.700662,141.193354
Bergün/Bravuogn,Switzerland,Graubunden,46.624440,9.764728
Asama Kogen (浅間高原),Japan,Gunma Prefecture,36.438439,138.535351
,Latvia,Rezekne,56.508208,27.365385
,Austria,Carinthia,46.699294,12.784380
Virgin Plateau (乙女高原スキー場),Japan,Yamanashi Prefecture,35.800152,138.633220
,Canada,Ontario,45.392155,-75.527412
,Sweden,Vasterbotten County,65.059522,18.593373
,Norway,Troms og Finnmark,69.269854,19.115946
Alpe Devero,Italy,Verbano-Cusio-Ossola,46.308487,8.254339
,Sweden,Orebro,59.038772,15.545449
Pârtia de schi Cocoș Bistrița,Romania,Bistrita-Nasaud,47.150741,24.561180
,Norway,Viken,60.139675,9.828045
,Norway,Vestland,60.933828,7.993088
Lyžařský areál Vernířovice,Czechia,Olomouc,50.028530,17.128133
Wasen,Switzerland,Bern,47.035533,7.792259
Pec pod Sněžkou,Czechia,Hradec Králové,50.693611,15.733333
,Russia,Arkhangelsk,64.525955,40.610598
,Germany,Saxony,50.813691,13.446349
Ski de montagne,Canada,Quebec,45.088841,-71.571069
Runal Péra Trun,Switzerland,Graubunden,46.739237,8.967095
,Germany,Baden-Württemberg,48.577647,8.249037
Movil Maze Recreation Area,United States,Minnesota,47.576765,-94.843876
,United States,Vermont,43.667421,-72.850006
Vall Fosca,Spain,Lleida,42.444887,0.964311
Cima Piazzi – San Colombano,Italy,Sondrio,46.472283,10.312389
Phoenix Ridge Resort,China,Gansu,36.018459,103.570965
Big Ben,Canada,Ontario,45.024463,-74.754539
Бумажник,Russia,Perm,58.152115,56.438183
Michlifen ski resort,Morocco,Fès-Meknès,33.411063,-5.080294
Skiresort Černá Hora-Pec,Czechia;Poland,Hradec Králové;dolnoslaskie,50.668749,15.741588
,United States,Wisconsin,45.871247,-92.721208
,Austria,Tyrol,47.611535,12.182416
,France,Haute-Savoie,45.926714,6.471063
,Russia,Belgorod,50.676084,38.537378
Vegglifjell,Norway,Viken,60.053446,9.001082
,Sweden,Uppsala,59.826027,17.684362
,Norway,Nordland,66.334879,14.202428
Železná Ruda (Špičák, Nad Nádražím),Czechia,Plzeň,49.148622,13.229617
Rock Creek Nordic,United States,California,37.361412,-118.395270
Autrans,France,Isère,45.208844,5.566203
FQME - ÖBois Charlevoix,Canada,Quebec,47.871456,-69.944317
,Germany,Bavaria,49.757615,11.339776
,Norway,Troms og Finnmark,69.095459,18.716609
Stüblergut (Gaberl),Austria,Styria,47.116124,14.902933
Anilio-Metsovo,Greece,Epirus;Thessaly,39.747845,21.231305
,Italy,Valle D'Aosta,45.810232,7.697609
アライスノーリゾート, ARAI SNOW RESORT,Japan,Niigata Prefecture,36.987668,138.154814
Vemdalsskalet,Sweden,Jamtland,62.487516,13.957076
Savognin,Switzerland,Graubunden,46.583333,9.583333
,Sweden,Dalarna,61.549241,12.725027
,Germany,Thuringia,50.816200,10.449499
La Cernay Blanche,France,Doubs,47.016809,6.432328
Corin Forest,Australia,Australian Capital Territory,-35.515736,148.922785
,Sweden,Sodermanland,58.735416,16.543352
Kronplatz - Plan de Corones, Kronplatz, Plan de Corones,Italy,Bolzano/Bozen,46.730776,11.943829
Glenshee Ski Center,United Kingdom,Aberdeenshire;Perth and Kinross,56.885179,-3.397448
,Slovakia,Presov,49.093317,20.122747
,Czechia,Hradec Králové,50.622288,15.667669
Rauland skisenter,Norway,Vestfold og Telemark,59.737701,8.140580
Kubalonka,Poland,Silesian Voivodeship,49.606392,18.907238
,Russia,Moscow City,55.623117,37.688603
,Sweden,Dalarna,60.108304,14.902140
,Slovakia,Zilina,49.449971,19.328443
Nylendlia skianlegg,Norway,Viken,59.981980,11.019123
,United States,Michigan,47.149210,-88.602578
シャトー塩沢スキー場, Chateau Shiozawa Ski Area Yoshizato,Japan,Niigata Prefecture,37.053220,138.829403
Bellefontaine,France,Doubs;Jura,46.570085,6.083033
Big Valley,United States,Michigan,46.335051,-85.522213
Schafmatt,Switzerland,Basel-Country;Solothurn,47.421706,7.952778
Beaver Meadow XC Skiing,United States,New Hampshire,43.260106,-71.565538
Vysoké Tatry - Tatranská Lomnica,Slovakia,Presov,49.178238,20.253849
,Finland,Southwest Finland,60.827125,21.555156
,United States,Vermont,42.760751,-72.933013
Les Estables,France,Ardèche;Haute-Loire,44.917821,4.168900
,Russia,Primorsky,43.167461,132.735779
Koktokay Ski Resort, 可可托海滑雪场,China,Xinjiang Uyghur,47.179395,90.063160
,Russia,Moscow City,55.684905,37.783709
Tallifte,Austria,Vorarlberg,47.329036,10.171674
,Slovakia,Presov,49.385041,20.387068
Les Genevez,Switzerland,Bern;Jura,47.246431,7.136182
Clashindarroch,United Kingdom,Aberdeenshire,57.325597,-2.955305
,Czechia;Germany,Bavaria;Plzeň,49.153831,13.162687
Sardières (Val Cenis),France,Savoie,45.242579,6.780243
,Canada,Manitoba,50.166122,-95.856262
Smerekowiec,Poland,Lesser Poland Voivodeship,49.507384,21.217571
,Czechia,Moravian-Silesian,49.976698,17.436577
Harwood,United Kingdom,Durham,54.713565,-2.287388
White Butte Cross Country ski trails,Canada,Saskatchewan,50.476598,-104.367199
,Germany,Baden-Württemberg,49.159009,10.127262
,Austria,Tyrol,47.482967,12.518892
Iizuna Kogen (飯綱高原スキー場),Japan,Nagano Prefecture,36.722671,138.137071
Ski areál Šacberk,Czechia,Vysocina,49.437062,15.579483
,Norway,Vestland,60.697028,6.886629
,Germany,Saxony,50.761576,12.982634
Petticoat Hill,United States,Massachusetts,42.381477,-72.744814
Rifflsee,Austria,Tyrol,46.961829,10.861647
,Norway,Viken,59.622713,10.547447
Weston Ski Track,United States,Massachusetts,42.331649,-71.267357
将军山滑雪场,China,Xinjiang Uyghur,47.830289,88.154681
,Germany,Saxony,51.141672,13.628679
温泉冰雪体育公园,China,Beijing,40.034879,116.151092
,Norway,Innlandet,60.770774,9.964123
Herrick Lake Forest Preserve,United States,Illinois,41.821846,-88.135478
Ski Ivan,Bosnia and Herzegovina,West Bosnia,43.997974,17.295030
,Norway,Troms og Finnmark,69.971980,19.590842
Mt. Rockwood,United States,Minnesota,47.317414,-91.263535
Parque Arenas,Chile,Metropolitana,-33.794007,-70.018101
,Germany,Bavaria,50.279879,11.630699
纳帕溪谷滑雪场,China,Jiangsu,34.192595,117.060115
Bogus Basin Mountain Recreation Area,United States,Idaho,43.771133,-116.093210
松鸣岩国际滑雪场,China,Gansu,35.262073,103.402237
,Russia,Khanty-Mansi,62.465263,66.034517
,Russia,Moscow Oblast,56.736241,37.180366
,Finland,Pirkanmaa,62.157346,24.120438
Lost Valley,United States,Illinois,42.435074,-88.226835
Superbagnères,France,Haute-Garonne,42.765807,0.562695
Independence Lake,United States,California,39.456175,-120.302525
Grovelfjall,Sweden,Dalarna,62.083498,12.328523
,Norway,Innlandet,61.219673,10.521618
,Canada,Quebec,45.604475,-73.467673
Hilbert,Czechia,Liberec,50.775955,15.423424
Liptovská Teplička - Smrečiny,Slovakia,Presov,48.962696,20.066464
,Sweden,Vasternorrland,62.412999,17.441493
Highlands Nordic,Canada,Ontario,44.381842,-80.228611
,United States,Oregon,45.208698,-117.074745
Mayens de Conthey,Switzerland,Valais,46.253162,7.280858
,Russia,Perm,58.453299,56.462681
,Norway,Viken,60.602408,8.685899
Przemyśl,Poland,Podkarpackie,49.778086,22.754812
The Pines,United States,New York,41.727768,-74.619055
,Germany,Baden-Württemberg,48.359692,8.470123
,Germany,Bavaria,47.535087,9.993838
,Norway,Troms og Finnmark,69.350838,18.339457
,Finland,Lapland,66.383726,26.726080
,Sweden,Jamtland,63.099988,14.605103
,Finland,Pirkanmaa,61.308528,23.999733
,Sweden,Vasternorrland,62.650015,17.626155
,Czechia,South Bohemian,49.137505,13.645056
Skilift Eberschwang,Austria,Upper Austria,48.141861,13.601667
Sunset,United States,Iowa,42.747012,-95.527260
Arolla,Switzerland,Valais,46.022863,7.472390
,Czechia,Karlovy Vary,50.436752,12.776989
McCauley Mountain Ski Area,United States,New York,43.697246,-74.963757
,Russia,Krasnoyarsk,56.036044,92.225922
Bubergsgården,Sweden,Vasterbotten County,64.224823,19.651297
Mont Écho,Canada,Quebec,45.125783,-72.502545
,Germany,Saxony,50.562555,13.096578
Mont Grand-Fonds,Canada,Quebec,47.769726,-70.094274
,Finland,Ostrobothnia,63.135047,21.580312
,Germany,Bavaria,50.350970,10.952278
Feuerkogel,Austria,Upper Austria,47.811365,13.731777
Winter park,United States,South Dakota,44.075161,-98.573833
Gander Mountain,United States,Illinois,42.493112,-88.187771
Champéry – Les Crosets – Champoussin – Morgins,France;Switzerland,Haute-Savoie;Valais,46.207547,6.831836
Grill Hill,United States,Vermont,43.728691,-72.280566
Naltar,Pakistan,Gilgit Baltistan,36.155540,74.184094
Hauser Kaibling,Austria,Styria,47.382914,13.773420
Chacaltaya,Bolivia,La Paz,-16.351358,-68.129277
Akhtamar,Armenia,Geghark'unik',40.597372,44.958733
Storlien,Norway;Sweden,Jamtland;Trøndelag,63.320054,12.113137
,Japan,Hokkaido Prefecture,43.909033,142.581388
,Canada,Quebec,45.884506,-74.297280
,Norway,Agder,58.254283,8.355127
,Russia,Mari El,56.659694,47.934654
巴山罗盘顶滑雪场,China,Sichuan,31.644802,108.433571
,Austria,Upper Austria,47.889146,13.934848
Lower Trails,United States,Michigan,47.103219,-88.530701
Domaine Nordique - Vallon de Champagny le Haut,France,Savoie,45.455393,6.751227
,Sweden,Jamtland,62.452141,13.849672
,Serbia,Zlatiborski upravni okrug,43.899281,19.537009
Centro Invernal Las Cotorras,Argentina,Tierra del Fuego,-54.718380,-68.027079
Buck Hill,United States,Minnesota,44.724001,-93.286574
Deilingen,Germany,Baden-Württemberg,48.169827,8.802587
,Austria,Tyrol,47.354750,10.445803
Normafa,Hungary,Budapest,47.502373,18.968207
,United States,Massachusetts,42.591291,-71.384519
Hartley Ski Trail,United States,Minnesota,46.833351,-92.083745
,United States,Alaska,60.210843,-149.418889
,Poland,Lesser Poland Voivodeship,49.351485,19.995478
,Finland,Central Finland,62.228695,25.804455
Val Senales-Schnalstal,Austria;Italy,Bolzano/Bozen;Tyrol,46.770139,10.780725
Lester-Amity Ski Trails,United States,Minnesota,46.855982,-92.008305
,Switzerland,Bern,46.745569,8.216569
老界岭滑雪场,China,Henan,33.629271,111.685545
Skyloft Ski & Country Club,Canada,Ontario,44.030016,-79.075621
志賀高原 発哺ブナ平スキー場, Shiga Kogen Hoppo Bunadaira Ski Area, 発哺ブナ平スキー場,Japan,Nagano Prefecture,36.721725,138.504809
,Russia,Sverdlovsk,58.415480,60.002231
,Germany,Baden-Württemberg,48.310711,9.221205
Celejów,Poland,Lubelskie,51.332512,22.081465
,Italy,Trento,46.438479,11.177750
,Norway,Trøndelag,63.792309,12.266506
Mount Dufour,Canada,Ontario,46.387466,-82.634888
Loretto Ski Resort,Canada,Ontario,44.062658,-79.945965
CopenHill,Denmark,Capital,55.684878,12.620638
Мамисон,Russia,North Ossetia-Alania,42.684418,43.818811
Børgefjellsenteret,Norway,Trøndelag,64.890487,13.520706
Saklıkent,Turkey,Antalya,36.834286,30.330540
,Switzerland,Solothurn,47.252079,7.504834
,Finland,Northern Ostrobothnia,64.231797,25.000491
Brunnalm / St. Jakob,Austria,Tyrol,46.898477,12.360494
Zoncolan, Çoncolan,Italy,Udine,46.507032,12.929931
,Finland,Southern Ostrobothnia,62.624795,23.611521
Les Deux Alpes,France,Hautes-Alpes;Isère,45.008272,6.150132
,Russia,Moscow City,55.846301,37.770309
Foppolo - Carona,Italy,Bergamo,46.041385,9.763004
,United States,Colorado,37.014660,-106.466153
,Russia,Tatarstan,55.743448,51.412902
Kok Zhailau,Kazakhstan,Almaty,43.142789,77.003835
Horní Vltavice,Czechia,South Bohemian,48.953371,13.756789
Gap-Bayard,France,Hautes-Alpes,44.615345,6.096641
Cârlibaba Nouǎ,Romania,Suceava,47.566566,25.107193
,Ukraine,Ivano-Frankivs'k,48.321155,24.922478
,Russia,Tyumen,57.395934,67.081223
Mont Alta,Canada,Quebec,46.039738,-74.236717
,Romania,Suceava,47.506366,25.626393
,Finland,Uusimaa,60.352750,25.289630
Towadako Onsen (十和田湖温泉スキー場),Japan,Aomori Prefecture,40.582603,140.988284
,Sweden,Vasterbotten County,64.768354,20.783269
,Norway,Agder,58.421658,8.634114
北极光滑雪场,China,Inner Mongolia,40.846923,111.572551
,Norway,Viken,59.631343,9.653547
,Finland,South Karelia,61.084523,28.152561
Sugarloaf,United States,Maine,45.046037,-70.314710
,Finland,Central Ostrobothnia,63.834659,23.094151
Kinderalm Valbruna,Italy,Udine,46.500300,13.483026
McKinney Nordic Ski Club,Canada,British Columbia,49.101054,-119.282858
Ski Látky,Slovakia,Banska Bystrica,48.585751,19.638689
,Sweden,Vasterbotten County,64.765245,20.977688
,Latvia,Limbazi,57.496844,24.708305
,Finland,North Karelen,62.263901,29.645039
Skigebiet Großglockner Heiligenblut,Austria,Carinthia,47.059037,12.856863
,Poland,dolnoslaskie,50.845820,15.367444
,Latvia,Gulbenes,57.231950,26.118122
,Spain,Cuenca,40.343796,-1.767588
Fageralm,Austria,Salzburg,47.358503,13.538158
,Norway,Viken,59.810910,10.426572
,Germany,North Rhine-Westphalia,51.132883,8.302816
中里スノーウッドスキー場, Nakazato Snow Wood Ski Area, Nakazato sunōuddosukī-ba,Japan,Niigata Prefecture,36.904186,138.853110
Cudworth Ski Hill,Canada,Saskatchewan,52.485145,-105.738173
,Sweden,Jamtland,62.677583,14.306735
安比高原スキー場, Appi Kogen Ski Resort,Japan,Iwate Prefecture,39.982714,140.969428
Tribein,Austria,Styria,47.760503,15.303091
佐呂間町営スキー場, Saroma Choei,Japan,Hokkaido Prefecture,44.008446,143.753402
,Italy,Valle D'Aosta,45.621218,7.613400
Hira Mountain (比良山スキー場),Japan,Shiga Prefecture,35.259071,135.910512
,Finland,Southwest Finland,60.452465,22.345387
,United States,Colorado,38.842504,-107.086631
,Austria,Tyrol,47.288637,11.685745
Snowcrest,United States,Wisconsin,45.095913,-92.730832
Planai,Austria,Styria,47.377649,13.719880
Domaine Nordique de Pessade,France,Puy-de-Dôme,45.626764,2.872105
,Norway,Vestfold og Telemark,59.661420,8.269570
Pine Hill Ski Club,United States,New Hampshire,43.401809,-71.924869
Ski Homole Poniklá,Czechia,Liberec,50.661245,15.473402
Laguna del Maule,Chile,Del Maule,-36.047156,-70.568104
,Russia,Karachay-Cherkess;Stavropol,43.820508,42.663073
Ski Vitanová,Slovakia,Zilina,49.340499,19.732074
Lofsdalen,Sweden,Jamtland,62.123392,13.301887
アサヒテングストン, Asahi Tengston Snow Park,Japan,Shimane Prefecture,34.811653,132.364133
,Norway,Nordland,66.398980,14.521697
,Slovenia,Drava,46.494644,15.491567
Hasamaki,Finland,Southern Savonia,61.825023,27.982367
Shirogane Ski Highland Park Hill Valley (白金スキーハイランドパークヒルバレー),Japan,Hokkaido Prefecture,43.474990,142.633504
Klaukkalan Tornikeskus,Finland,Uusimaa,60.366061,24.754318
Kiririnteet, Kiri slopes,Finland,Lapland,66.104876,28.293113
,Russia,Kamchatka,52.833041,158.261046
Souris Strider Ski Club,Canada,Prince Edward Island,46.399278,-62.267532
CXC Outdoor Community Center,United States,Wisconsin,43.089009,-89.550858
,Norway,Innlandet,61.680208,11.348675
,Russia,Saint Petersburg,60.198154,29.843076
,United States,Alaska,64.880598,-147.939900
Doganaccia,Italy,Pistoia,44.118868,10.772026
Hetta Hiihtomaa,Finland,Lapland,68.398413,23.661362
Timberlee,United States,Michigan,44.824039,-85.707178
,Norway,Vestfold og Telemark,59.390057,8.023682
Niederau (Wildschönau),Austria,Tyrol,47.440335,12.090596
Vorhegg,Austria,Carinthia,46.678777,12.990472
,United Kingdom,Glasgow City,55.846128,-4.314561
Pontechianale,Italy,Cuneo,44.623438,7.028778
,Italy,Bolzano/Bozen,46.578137,11.619315
,Canada,Ontario,45.410156,-75.667564
,Germany,Bavaria,48.845311,13.329564
,United States,New Hampshire,43.894430,-71.572017
Zadní Telnice,Czechia,Ústecký,50.734462,13.920339
,Russia,Saint Petersburg,59.837578,30.189371
Wolf Hollow Ski Area,United States,Pennsylvania,40.982290,-75.143930
ひらや高原スキー場, Hiraya Kogen Ski Area,Japan,Nagano Prefecture,35.305517,137.624746
Ancelle,France,Hautes-Alpes,44.619308,6.222497
,Norway,Trøndelag,63.177955,9.946440
菅平高原太郎スキー場, Sugadaira Taro Area,Japan,Nagano Prefecture,36.535736,138.333773
,Germany,North Rhine-Westphalia,51.171931,6.650622
,United States,Alaska,65.430052,-147.657364
,Czechia,Ústecký,50.693825,13.620490
,Finland,Satakunta,61.416720,21.871330
,Canada,Northwest Territories,62.441465,-114.436799
,Norway,Trøndelag,63.667074,10.474897
,Germany,Bavaria,49.799219,12.002233
Legion Park Trail,United States,Minnesota,47.248091,-93.547561
,Norway,Innlandet,60.733717,9.688496
Etna Sud/Nicolosi,Italy,Catania,37.711069,14.998595
,Finland,Kainuu,64.846866,28.832211
喜多方市三ノ倉スキー場, Sannokura,Japan,Fukushima Prefecture,37.749955,139.866871
,Austria,Salzburg,47.390625,13.057797
,Germany,Rhineland-Palatinate,50.648066,7.961038
Domaine skiable Valberg,France,Alpes-Maritimes,44.081238,6.948559
Trinity Mountain Resort,United States,California,34.235364,-117.076492
Plateau de Beille,France,Ariège,42.716195,1.701740
,Germany,Hesse,51.253336,9.737386
,Russia,Leningrad,59.694514,30.171583
,United States,Michigan,46.362281,-86.699759
,Norway,Trøndelag,64.923594,13.154489
La Chia,Switzerland,Fribourg,46.589410,7.027042
,Sweden,Stockholm,59.432487,17.776120
,Norway,Agder,58.664164,6.666772
Granby Ranch,United States,Colorado,40.036665,-105.904935
Brot-Dessus,Switzerland,Neuchatel,46.971167,6.743759
Nový Hrozenkov - Vranča,Czechia,Zlín,49.329740,18.194449
大仙市営　協和スキー場, Kyowa Snow Park,Japan,Akita Prefecture,39.676858,140.399841
Solheisen,Norway,Viken,60.921530,8.437303
,Switzerland,Valais,46.082554,7.507934
,Hungary,Veszprém,46.946804,17.863801
Independence Mine,United States,Alaska,61.791466,-149.287547
Dvoračky,Czechia,Liberec,50.746220,15.511098
,Russia,Arkhangelsk,64.611785,39.815128
Kyukakamura (休暇村・乳頭スキー場),Japan,Akita Prefecture,39.801336,140.791414
兴隆山滑雪场,China,Gansu,35.814851,104.079110
,Sweden,Gavleborg,61.828570,16.822236
,United States,Utah,40.669636,-111.455849
,Germany,Bavaria,47.975067,10.993396
,Austria,Upper Austria,47.655675,13.656632
,Finland,Ostrobothnia,63.378918,23.053414
東ヶ丘スキー場, Higashigaoka Ski Area,Japan,Hokkaido Prefecture,45.020084,141.855159
Горнолыжный курорт Гора Глубокая, Gora Glubokaya,Russia,Mordovia,54.888917,43.417073
,Norway,Trøndelag,63.860077,10.945807
Mount Arrowsmith,Canada,British Columbia,49.251828,-124.576008
Meiiro (名色スキー場),Japan,Hyogo Prefecture,35.487249,134.669201
Pal-Arinsal,Andorra;Spain,Massana,42.545754,1.453327
Oberau,Germany,Bavaria,47.557398,11.120006
Gråkallen skileik,Norway,Trøndelag,63.415942,10.263382
,Sweden,Jonkoping,57.445139,13.928458
,Finland,Southern Ostrobothnia,62.752878,22.788268
99 Mile Recreation Trails,Canada,British Columbia,51.619330,-121.374409
Rânca,Romania,Gorj,45.284220,23.696683
,Finland,Satakunta,61.290404,22.131082
,Finland,Southern Ostrobothnia,62.813316,22.784383
Loup Loup Ski Bowl,United States,Washington,48.392766,-119.917426
Plateau de Retord,France,Ain,46.073384,5.716462
Plumtree,United States,Illinois,42.165968,-89.890813
Chimgan,Uzbekistan,Toshkent,41.525344,70.021234
Skiareál Nižbor,Czechia,Central Bohemian,49.995470,14.000610
,Norway,Møre and Romsdal;Trøndelag,62.988412,9.144962
,Russia,Moscow Oblast,54.928152,39.256933
,Czechia;Germany,Saxony,50.878114,14.219620
Akinomiya (湯沢市秋ノ宮スキー場),Japan,Akita Prefecture,38.954911,140.542994
置戸町南ヶ丘スキー場, Oketocho Minamigaoka,Japan,Hokkaido Prefecture,43.676259,143.599282
Mount Cheeseman Ski Area,New Zealand,Canterbury Region,-43.155000,171.664018
Spruce Mountain Ski Slope,United States,Maine,44.477531,-70.205450
,Austria,Styria,47.531307,15.072403
,Sweden,Dalarna,60.597245,15.790434
Mauborget,Switzerland,Vaud,46.854179,6.605928
,Sweden,Vasterbotten County,64.044560,20.047061
,Russia,Kemerovo,53.628662,87.195489
Эдельвейс (Edelweis),Russia,Kamchatka,53.025525,158.692469
,United States,Wyoming,43.362768,-110.075916
,Germany,Lower Saxony,53.103975,9.985459
Ski the Badlands (Drumheller Valley),Canada,Alberta,51.461253,-112.745846
Ounasvaara Ski Resort,Finland,Lapland,66.504846,25.793538
,United States,Wyoming,44.501582,-109.962862
Black Jack Ski Club,Canada,British Columbia,49.113096,-117.813606
Górnik (Rzeczka),Poland,dolnoslaskie,50.661383,16.464852
Szwajcaria Bałtowska,Poland,Świętokrzyskie Voivodship,51.013069,21.549328
キロロリゾート, Kiroro Resort,Japan,Hokkaido Prefecture,43.062229,141.009686
,United States,Michigan,46.776252,-88.386708
Polhorský Hrádok,Slovakia,Zilina,49.520528,19.430351
Mt Mowhawk (Mowhawk Trail Skiway),United States,Massachusetts,42.610087,-72.660804
,Czechia;Germany,Liberec;Saxony,50.831929,14.747002
,Ukraine,Zakarpattia,48.651104,23.294247
Birdseye Mountain,United States,Vermont,43.591209,-73.113670
Nanchez,France,Jura,46.512737,5.846063
National Winter Activity Center,United States,New Jersey,41.185160,-74.480381
,Norway,Innlandet,62.115105,10.327828
Station de ski de Brameloup,France,Aveyron,44.579144,3.013692
,Canada,Saskatchewan,54.685793,-102.074960
Chaillol, Chalhòl,France,Hautes-Alpes,44.689678,6.161868
Bygdsiljumsbacken,Sweden,Vasterbotten County,64.354615,20.526513
,Finland,Lapland,68.896583,27.007751
Monts Jura,France,Ain,46.299314,5.948410
Jezerné,Czechia,Zlín,49.376048,18.275914
,Norway,Trøndelag,64.965132,12.183118
,Germany,North Rhine-Westphalia,50.974451,8.161109
,Sweden,Norrbotten,68.405626,18.170247
Harghita Băi,Romania,Harghita,46.383886,25.640952
,Russia,Krasnoyarsk,58.662313,98.852251
,Canada;United States,Quebec;Vermont,45.003543,-72.434621
,Norway,Viken,60.238981,9.731750
,Norway,Viken,59.568372,11.194225
Kožuf,Greece;North Macedonia,Central Macedonia;Gevgelija Municipality;Kavadarci Municipality,41.168258,22.211241
Monterosa Ski,Italy,Valle D'Aosta;Vercelli,45.856531,7.819218
Centro Fondo Fontanella,Italy,Vicenza,45.838409,11.553946
Bad Heilbrunn,Germany,Bavaria,47.756357,11.460705
,Germany,Baden-Württemberg,48.697749,9.904062
Les Fourgs,France;Switzerland,Doubs;Neuchatel;Vaud,46.822334,6.420042
La Vattay,France;Switzerland,Ain;Jura;Vaud,46.394978,6.067293
,Norway,Innlandet,61.788046,9.226569
Hors Limite,Canada,Quebec,46.027186,-74.021359
Sebnitz,Germany,Saxony,50.968989,14.292015
Belle Mountain,United States,New Jersey,40.337451,-74.924183
Obergurgl-Hochgurgl,Austria,Tyrol,46.878283,11.046339
,Germany,Bavaria,48.930016,13.475944
,Norway,Vestfold og Telemark,59.240290,10.353689
Otani Onsen (大谷温泉スキー場),Japan,Toyama Prefecture,36.796118,137.443869
,Russia,Moscow Oblast,55.792457,36.954999
ひるぜんベアバレースキー場, Hiruzen Bear Valley Ski Resort,Japan,Okayama Prefecture,35.260274,133.597882
Skiwanderzentrum Zwieslerwaldhaus,Czechia;Germany,Bavaria;Plzeň,49.090810,13.247358
,Russia,Khabarovsk,48.238029,135.026432
Pridolci,Bosnia and Herzegovina,Central Bosnia,44.028333,17.869167
Parc national du Mont-Mégantic,Canada,Quebec,45.455090,-71.158450
Toga (利賀スキー場),Japan,Toyama Prefecture,36.441006,137.036359
Little Ding-Dong Ski Resort,Taiwan,Hsinchu,24.868850,120.978780
,Germany,Baden-Württemberg,47.947877,8.235284
,Germany,Baden-Württemberg,47.744318,8.244804
,Finland,North Karelen,63.150283,30.070228
,United States,New York,42.075239,-75.979495
,Switzerland,Vaud,46.824922,6.493096
Zauchensee-Flachauwinkl,Austria,Salzburg,47.288757,13.437132
Gaberl,Austria,Styria,47.105081,14.923044
Skizentrum Pfronten,Germany,Bavaria,47.562069,10.556219
Baie des Sables,Canada,Quebec,45.588786,-70.930052
Ugine - Le Lierre,France,Savoie,45.775168,6.450916
,Russia,Arkhangelsk,61.061845,42.118284
,Norway,Møre and Romsdal,62.918820,8.531459
サンタプレゼントパーク, Santa present park,Japan,Hokkaido Prefecture,43.758129,142.299408
,Poland,dolnoslaskie,50.726569,16.338604
Engelberg - Ristis-Brunni,Switzerland,Obwalden,46.835675,8.410063
Tschappina Heinzenberg,Switzerland,Graubunden,46.697165,9.367634
Russels,United States,New Hampshire,44.070074,-71.115017
網張温泉スキー場, Amihari Onsen Ski Resort,Japan,Iwate Prefecture,39.828279,140.936180
,Slovakia,Zilina,49.010776,18.796660
Skiareál Černá Říčka,Czechia,Liberec,50.780534,15.325391
Burladingen,Germany,Baden-Württemberg,48.285973,9.095324
月山スキー場, Mount Gassan Ski Resort,Japan,Yamagata Prefecture,38.528531,140.008231
Золотая Долина,Russia,Leningrad,60.527176,29.764508
,Germany,Bavaria,50.466737,11.254356
Sisismut Solbakken,Greenland,Qeqqata Kommunia,66.941361,-53.530907
Highland 9 Golf Course,United States,Minnesota,44.910708,-93.160563
Sanbe Onsen (さんべ温泉スキー場),Japan,Shimane Prefecture,35.129757,132.636590
,Russia,Irkutsk,52.514126,103.821370
Pineland Farms,United States,Maine,43.906508,-70.259367
Turracher Höhe,Austria,Carinthia,46.913889,13.877778
,United States,Vermont,44.519102,-72.598045
Pajarito Mountain,United States,New Mexico,35.890926,-106.392573
,Russia,Komi,63.584449,53.688014
KitzSki,Austria,Salzburg;Tyrol,47.415330,12.375725
გუდაური, Gudauri, Гудаури,Georgia,Mtskheta-Mtianeti,42.485809,44.494203
,Finland,Uusimaa,60.401213,24.470283
Alpe Cermis,Italy,Trento,46.262495,11.485311
Nub's Nob,United States,Michigan,45.468606,-84.905575
Spirit Mountain,United States,Minnesota,46.714189,-92.220097
Brattstølen Skisenter,Norway,Innlandet,60.866602,9.193710
,United States,Idaho,44.539150,-116.062323
Skistar Hammarbybacken,Sweden,Stockholm,59.299665,18.110077
,Czechia,Hradec Králové;Liberec,50.540681,15.633667
Горнолыжный комплекс Ледниковый период,Russia,Oryol,53.215744,36.652561
,Norway,Trøndelag,63.585695,8.933821
麦积山滑雪场,China,Gansu,34.352857,105.984580
,Russia,Krasnoyarsk,55.995511,92.724275
,United States,Arizona,35.275865,-111.700899
,Finland,Northern Ostrobothnia,65.999267,29.171716
Andes Mountain Park,Chile,De Valparaiso,-32.845955,-70.127792
Skilifte Ibergeregg,Switzerland,Schwyz,47.027049,8.746390
Verditz (Afritz, Gassen),Austria,Carinthia,46.708945,13.795885
Campo Felice,Italy,L'Aquila,42.205452,13.463526
,Sweden,Dalarna,60.489617,15.384116
国家冬季两项中心, National Biathlon Centre,China,Hebei,40.910515,115.477219
,Russia,Moscow Oblast,56.064537,38.096544
Tenerife,Chile,De Magallanes y Antartica Chilena,-51.378531,-72.811203
Cioss Prato,Switzerland,Ticino,46.491559,8.483829
,United States,Washington,45.970415,-121.641773
,Russia,Moscow Oblast,55.784390,38.369345
,Finland,Kainuu,64.491044,28.253231
Geigelstein,Germany,Bavaria,47.704119,12.378102
Sherwin,United States,California,37.605324,-118.965540
,Norway,Troms og Finnmark,68.805783,17.819765
Giron,France,Ain,46.223981,5.800973
Dartmouth Skiway,United States,New Hampshire,43.785689,-72.101262
Bellefontaine,France,Jura,46.554551,6.075691
,Germany,Bavaria,47.784077,11.860278
,Norway,Trøndelag,62.584506,11.772716
Craigmeur,United States,New Jersey,41.023557,-74.459753
Alder Pond,United States,Minnesota,47.215238,-93.423512
,Germany,Lower Saxony,52.228265,9.534296
Hörnerbahn Bolsterlang,Germany,Bavaria,47.461424,10.216860
Shin Hotaka (新穂高ロープウェイスキー場),Japan,Gifu Prefecture,36.276717,137.586169
,Germany,Saxony-Anhalt,51.524422,11.306219
Čechy,Slovakia,Nitriansky kraj,48.027178,18.371746
,Norway,Trøndelag,63.919260,11.270321
,United States,Wisconsin,46.063671,-89.594973
,Canada,Quebec,48.187674,-66.026489
,Switzerland,Valais,46.096364,7.501780
,Russia,Orenburg,51.941747,55.276526
,Germany,Saxony,50.846553,13.104212
Bear Creek Mountain Resort Ski Slopes,United States,Pennsylvania,40.475650,-75.628835
,Sweden,Dalarna,60.121365,15.240858
Лопатинская,Russia,Perm,58.113084,56.265713
Zieleniec,Czechia;Poland,Hradec Králové;dolnoslaskie,50.334343,16.388407
Le Reposoir Chalet Neuf,France,Haute-Savoie,46.006006,6.504433
高鷲スノーパーク, Takasu Snow Park,Japan,Gifu Prefecture,35.995772,136.865389
,United States,Pennsylvania,40.849311,-79.944411
North Shore Nordic Trails at Appleton Farms,United States,Massachusetts,42.646296,-70.861832
,Finland,North Karelen,62.273873,29.751600
Fago del Soldato,Italy,Cosenza,39.346084,16.399215
,Finland,Kymenlaakso,60.852547,26.210385
ばんしゅう戸倉スキー場, Banshu Tokura Snow Park,Japan,Hyogo Prefecture,35.285092,134.541607
,Germany,Bavaria,49.214521,13.064267
,Germany,Bavaria,47.870490,12.132999
Alps Resort,South Korea,Kangwon-Do,38.266898,128.379243
Niederrickenbach - Haldigrat,Switzerland,Nidwalden,46.917940,8.439814
,Canada,Alberta,52.743356,-118.046199
,Norway,Nordland,66.354379,14.566806
Kristberg-Silbertal,Austria,Vorarlberg,47.104363,9.987925
,France,Doubs,47.128398,6.635548
,Slovakia,Banska Bystrica,48.693944,19.021281
Mont Fortin,Canada,Quebec,48.435885,-71.225815
,Canada,Ontario;Quebec,45.406918,-75.741626
Nakiska,Canada,Alberta,50.947484,-115.168947
Kusatsu Shizuka (草津シズカ山スキー場),Japan,Gunma Prefecture,36.602794,138.570661
Brantling Ski Slopes,United States,New York,43.148335,-77.066597
Menthières,France,Ain,46.172941,5.851742
,Germany,Baden-Württemberg,48.140349,8.786633
Bear Gulch,United States,Idaho,44.151620,-111.286483
,Norway,Nordland,65.978593,13.213578
,Norway,Innlandet,62.020434,7.625102
,Norway,Vestland,59.822571,5.909625
,Austria,Upper Austria,48.104648,13.289251
,Czechia;Slovakia,Trenciansky kraj;Zlín,49.077818,18.079771
Veterans Memorial Ski Area,United States,New Hampshire,43.443032,-71.691123
,Austria,Upper Austria,47.845007,13.482406
,United States,Utah,40.696780,-111.681079
白馬八方尾根, Hakuba Happo One,Japan,Nagano Prefecture,36.704010,137.826654
,Austria,Lower Austria,47.568696,16.009990
Skiliftkarussell Winterberg,Germany,North Rhine-Westphalia,51.200000,8.516667
,United States,Wisconsin,45.783724,-90.357505
,Russia,Moscow Oblast,55.337374,38.644179
Boulder Lake Ski Trails,United States,Minnesota,47.041321,-92.176006
Hickory Hills,United States,Iowa,42.270609,-92.320132
Swadlincote Ski & Snowboard,United Kingdom,Derbyshire,52.769542,-1.550857
Xuedu,China,Beijing,39.538043,116.253801
Phoenix Nordic (Marshall Lake),Canada,British Columbia,49.106671,-118.598465
Mount Sima,Canada,Yukon,60.608704,-135.056444
,Germany,Hesse;North Rhine-Westphalia,51.266186,8.612124
,Finland,Southern Savonia,61.796914,28.377302
,Austria,Tyrol,47.616516,12.218427
,Russia,Kirov,57.600022,49.104770
横道滑雪场,China,Heilongjiang,44.771997,129.118228
Braddock Heights Ski Way,United States,Maryland,39.420464,-77.500530
,Canada,Quebec,45.431917,-73.948646
Buchenberg,Germany,Bavaria,47.614586,10.805672
,Finland,Northern Savonia,62.910361,28.168605
Mt. Shark,Canada,Alberta,50.858410,-115.381508
,Russia,Tula,54.278808,37.565241
,United States,Vermont,42.972665,-72.945640
Odana Hills,United States,Wisconsin,43.046279,-89.461370
,Norway,Viken,59.477373,11.635819
The Balsams - Wilderness,United States,New Hampshire,44.857207,-71.321182
Yudonosan (湯殿山スキー場),Japan,Yamagata Prefecture,38.572112,139.940088
Ottsjö,Sweden,Jamtland,63.225591,13.057352
,Norway,Nordland,66.925031,15.302461
Velika planina,Slovenia,Central Slovenia,46.302617,14.639241
Granibacken,Finland,Uusimaa,60.221638,24.702969
,Russia,Kaluga,55.103806,36.575883
Warner Canyon Ski Area,United States,Oregon,42.233320,-120.296281
冬鳥越スキーガーデン, Fuyudorigoe Ski Garden,Japan,Niigata Prefecture,37.641522,139.118675
,Czechia,Moravian-Silesian,49.978349,17.444765
,Norway,Trøndelag,62.900573,11.141035
,United States,Colorado,40.583169,-105.112413
Blow Me Down Cross Country Ski Trails,Canada,Newfoundland and Labrador,48.922187,-57.991732
Bjursås,Sweden,Dalarna,60.733333,15.433333
Mont Ripley Ski Area,United States,Michigan,47.130027,-88.561397
,Sweden,Dalarna,60.571428,15.683152
Birch Hill Ski and Snowboard Area,United States,Alaska,64.860639,-147.624579
Kellerjoch,Austria,Tyrol,47.329527,11.722687
,Germany,Bavaria,49.384352,11.739606
Le Reposoir,France,Haute-Savoie,46.008597,6.534061
Plattenrain Lift,Austria,Tyrol,47.196090,10.752260
Prabouré,France,Puy-de-Dôme,45.565895,3.866619
,Czechia,Olomouc,50.048161,17.130367
,Austria,Salzburg,47.370463,13.382780
Timberlane,United States,Minnesota,47.897211,-96.308899
菅平高原ダボスの岡スキー場, Sugadaira Kogen Davos Hill Ski Area,Japan,Nagano Prefecture,36.541462,138.352552
,United States,Colorado,39.977116,-105.234756
Sawtooth Mountains Ski Area,United States,Minnesota,47.767862,-90.345859
,Germany,Baden-Württemberg,47.880493,8.177644
常州龙凤谷滑雪场,China,Jiangsu,31.543694,120.024928
Greylock Glen,United States,Massachusetts,42.629790,-73.146115
SnowWorld Terneuzen,Netherlands,Zeeland,51.296382,3.850322
Huså,Sweden,Jamtland,63.487354,13.082559
Wujskie,Poland,Podkarpackie,49.557638,22.287054
,Canada,Alberta,52.453613,-115.026623
Do-Mi-Ski Ski Area,Canada,Quebec,48.893127,-72.236417
,Sweden,Gavleborg,60.709230,16.588976
Rieseralm,Austria,Styria,47.093493,14.604910
,Norway,Innlandet,61.567320,9.694289
Site nordique de Mouthe,France;Switzerland,Doubs;Vaud,46.647746,6.172769
Kasberg Grünau - Almtal,Austria,Upper Austria,47.825317,13.993481
Le Grand Sancy,France,Puy-de-Dôme,45.530973,2.823357
Mont Sutton,Canada,Quebec,45.104657,-72.561696
,United States,New York,42.919611,-75.873024
Midorinodaichi Romannomori (みどりの大地とロマンの森公園スキー場),Japan,Aomori Prefecture,40.784622,141.204807
Nakafurano Hokusei (中富良野北星スキー場),Japan,Hokkaido Prefecture,43.411167,142.421201
,Germany,Bavaria,50.242882,11.563851
,Russia,Ryazan,54.901482,41.287795
,Switzerland,Schwyz,46.971982,8.755784
Stok narciarski Dolina Szczęścia,Poland,dolnoslaskie,50.834255,15.527321
,Germany,Baden-Württemberg,48.217277,9.237120
,Germany,Bavaria,49.333228,12.797613
St. John's Ski Club (Logy Bay),Canada,Newfoundland and Labrador,47.620058,-52.671912
Confin / San Bernardino,Switzerland,Graubunden,46.457491,9.163728
Apex Mountain Resort,Canada,British Columbia,49.384435,-119.917877
Skilift Oberiberg,Switzerland,Schwyz,47.037249,8.784017
,Norway,Agder,58.624908,7.955778
,Norway,Viken,59.892144,11.542836
,Slovakia,Presov,49.178311,20.294966
Hurdal,Norway,Viken,60.464828,11.062544
,Denmark,Southern,55.719236,9.270572
Whakapapa,New Zealand,Manawatu-Wanganui Region,-39.248024,175.559811
Seven Springs Mountain Resort,United States,Pennsylvania,40.019300,-79.297765
,Russia,Leningrad,59.597411,29.289670
Weissenstein,Switzerland,Solothurn,47.251796,7.507181
,Sweden,Vastmanland,59.649741,16.520839
,Norway,Nordland,66.284838,14.094978
玉龙滑雪场,China,Tianjin,40.108926,117.384269
Cataloochee Ski Area,United States,North Carolina,35.558746,-83.089578
,Austria,Upper Austria,48.148019,14.421712
,Norway,Trøndelag,64.049700,11.533597
Kerenzerberg/Filzbach,Switzerland,Glarus,47.105945,9.125776
Seißen (Blaubeuren),Germany,Baden-Württemberg,48.417274,9.749580
Planchón,Chile,Del Maule,-35.141950,-70.470772
Гірськолижний комплекс Плай,Ukraine,Lviv,48.900997,23.290606
,Finland,Lapland,68.453285,22.489693
Kiwi Ski Hill,Antarctica,,-77.820551,166.825096
,Czechia,Pardubice,49.699853,16.269107
Laceno,Italy,Avellino,40.787728,15.097578
,Sweden,Dalarna,61.023418,15.215462
Síaréna Vibe Park,Hungary,Veszprém,47.210892,17.930481
Jachenau,Germany,Bavaria,47.605172,11.435396
Baba Jaga,Poland,Świętokrzyskie Voivodship,50.936090,20.938476
ニセコユナイテッド, Niseko United,Japan,Hokkaido Prefecture,42.862987,140.677256
Arieşeni,Romania,Alba;Bihor,46.514160,22.676849
,Russia,Khanty-Mansi,61.321593,63.268657
Double H Ranch (Hidden Valley),United States,New York,43.375951,-73.789716
,Canada,Quebec,48.175957,-78.119027
,Austria,Vorarlberg,47.378723,9.904097
,Norway,Vestland,60.616211,6.193070
菅平高原パインビークスキー場, Sugadairakogen Pine Beak Ski Area,Japan,Nagano Prefecture,36.520899,138.313293
,Austria,Lower Austria,47.841561,14.992179
Ski areál Karolinka,Czechia,Zlín,49.346829,18.253717
Stacja Narciarska Sabat Krajno,Poland,Świętokrzyskie Voivodship,50.895653,20.857064
Bjästabacken,Sweden,Vasternorrland,63.207812,18.473160
Nordic Woods,United States,Wisconsin,45.797314,-91.620797
,France,Haute-Savoie,46.029017,6.316380
,Canada,Alberta,53.254595,-113.568345
China Ridge Trails,Canada,British Columbia,49.504375,-120.608350
Cloudmont Ski Hill,United States,Alabama,34.534512,-85.601227
Toplița,Romania,Harghita,46.902945,25.329173
Scotch Valley,United States,New York,42.432833,-74.597168
Brokke,Norway,Agder,59.095375,7.451666
,Switzerland,Valais,46.435643,7.860721
,Russia,Mordovia,54.158782,45.128754
Такман (Takman),Russia,Perm,58.354260,57.773298
Riverview Highlands (aka Mount Trashmore),United States,Michigan,42.165948,-83.209977
Corno alle Scale,Italy,Bologna;Modena,44.126068,10.815376
Les Moussières / Bellecombe / Molunes,France,Jura,46.335246,5.914423
Col de Porte,France,Isère,45.288941,5.767407
Cascade River State Park,United States,Minnesota,47.712033,-90.529903
Lowenberg,United States,New York,44.723741,-73.841751
Mt. Bethel Ski Hill,United States,New Jersey,40.831784,-74.901502
Arctic Valley Ski Area,United States,Alaska,61.245959,-149.521030
,United States,Minnesota,46.523008,-95.967014
,Russia,Leningrad,59.939022,30.653684
,Austria,Upper Austria,48.359058,14.246921
,Germany,Saxony,50.319345,12.396284
Deer Valley Resort,United States,Utah,40.627667,-111.482878
Villars/Gryon/Les Diablerets,Switzerland,Vaud,46.328287,7.130151
General's Mountain,China,Xinjiang Uyghur,47.898279,88.122368
Skyline Skiway,United States,North Dakota,47.988988,-98.928473
Ski Ward,United States,Massachusetts,42.300013,-71.681111
Oberwilhams,Germany,Bavaria,47.613082,10.115636
Wägital,Switzerland,Schwyz,47.121830,8.885121
Tyrolean,United States,Michigan,45.084733,-84.468040
Skigebiet Mühlwiese, Ski Area Mühlwiese,Germany,Lower Saxony,51.757794,10.314550
,Italy,Bolzano/Bozen,46.634506,11.767284
,Finland,Pirkanmaa,61.414417,23.753699
Lapland Lake Nordic Vacation Center,United States,New York,43.256430,-74.328215
Ingstetten,Germany,Baden-Württemberg,48.398398,9.659717
Gries in Sellraintal,Austria,Tyrol,47.197055,11.159938
Wintersport Arena Holzelfingen,Germany,Baden-Württemberg,48.422548,9.289517
Grafton Trails and Outdoor Center,United States,Vermont,43.162011,-72.614586
Schmittenhöhe Zell am See,Austria,Salzburg,47.325945,12.760973
Glungezer,Austria,Tyrol,47.233537,11.535944
,Russia,Moscow City,55.860457,37.405305
嘉瀬スキー場, Kase Ski Area,Japan,Aomori Prefecture,40.882043,140.478583
,France,Haute-Savoie,45.800984,6.723347
St. Anton/St. Christoph/Stuben,Austria,Tyrol;Vorarlberg,47.129288,10.225472
,Czechia,Pardubice,50.107944,16.607692
,Latvia,Tukuma,56.996720,23.134884
Lost Valley Ski Area,United States,Maine,44.138262,-70.284027
Finse Skisenter,Norway,Vestland,60.605805,7.509290
,Russia,Moscow Oblast,55.978447,36.496027
,Norway,Agder,58.336611,8.226537
Skicircus Saalbach-Hinterglemm Leogang Fieberbrunn,Austria,Salzburg;Tyrol,47.414769,12.650167
,Japan,Akita Prefecture,39.295448,140.542863
,Germany,Bavaria,49.771857,12.392511
Tromsø Alpinpark,Norway,Troms og Finnmark,69.671434,19.071466
,Norway,Trøndelag,63.856897,11.520184
Heiliger Huegel Ski Club,United States,Wisconsin,43.252814,-88.313152
,Germany,Bavaria,49.904962,12.064303
,Russia,Samara,53.505455,49.379627
Antuco,Chile,Del Bio-Bio,-37.385533,-71.377405
Realp,Switzerland,Uri,46.597793,8.498772
岩木山百沢スキー場, Iwakisan Hyakuzawa Ski Resort,Japan,Aomori Prefecture,40.633680,140.328124
,Germany,Thuringia,50.615196,10.797601
Modrá hvězda - Bahýnka,Czechia,Liberec,50.726774,15.479951
,Finland,Pirkanmaa,61.233063,23.131505
Plouisy,France,Côtes-d'Armor,48.574877,-3.166941
,Finland,Central Finland,63.086388,25.833997
Römerstein,Germany,Baden-Württemberg,48.481932,9.505572
Three Eagle Trail,United States,Wisconsin,45.847848,-89.215216
,Hungary,Budapest,47.551620,19.025597
Gréolières-Les-Neiges,France,Alpes-Maritimes,43.822601,6.962317
,Germany,Baden-Württemberg,48.492346,9.593414
Näsfjället,Sweden,Dalarna,61.378470,12.932442
,Italy,Bologna,44.133151,10.821563
Airolo Pesciüm,Switzerland,Ticino,46.510422,8.612196
,Czechia,Moravian-Silesian;Zlín,49.488843,18.260919
Paljakan matkailu- ja hiihtokeskus,Finland,Kainuu,64.674600,27.956744
Puchis Welt in Puchberg,Austria,Lower Austria,47.791349,15.827801
,Russia,Moscow Oblast,55.352718,39.044962
,Russia,Leningrad;Saint Petersburg,59.963443,30.529008
,Austria,Lower Austria,48.388894,15.069066
Sarves Alta,Norway,Troms og Finnmark,70.040435,23.536086
Χιονοδρομικό Κέντρο Καρπενησίου, Karpenisi Ski Center,Greece,Central Greece,38.947605,21.805245
,Russia,Novosibirsk,55.444812,78.434704
,Croatia,Varazdin,46.194269,16.146393
La Robella,Switzerland,Neuchatel;Vaud,46.870418,6.548083
Storklinten,Sweden,Norrbotten,66.022012,21.256871
Skiareál Severka,Czechia,Moravian-Silesian,49.517502,18.708547
San Martino di Castrozza - Passo Rolle,Italy,Trento,46.275058,11.790241
Lianqing Mountain,China,Shandong,35.273692,117.301730
SnowWorld Zoetermeer,Netherlands,South Holland,52.070206,4.457930
Sugarbush Trail System,United States,Minnesota,47.634546,-90.836229
北秋田市営松森スキー場, Matsumori Ski Area,Japan,Akita Prefecture,39.902313,140.449955
Baithole Trails,United States,Maine,45.643715,-68.776859
Shames Mountain,Canada,British Columbia,54.491527,-128.961886
Vogel,Slovenia,Upper Carniola,46.265200,13.827193
,Italy,Valle D'Aosta,45.598528,7.352631
Mount Peter,United States,New York,41.246688,-74.294157
,Slovakia,Kosice,48.891398,20.761159
,Italy,Valle D'Aosta,45.849847,7.733154
,Sweden,Jamtland,63.356719,14.247661
,Germany,Baden-Württemberg,47.763637,8.214157
Гора Лиственная (Gora Listvennaya),Russia,Sverdlovsk,56.941911,60.734199
Little Switzerland,United States,Wisconsin,43.338300,-88.280700
Minocqua Winter Park,United States,Wisconsin,45.830474,-89.895287
Forêt Montmorency,Canada,Quebec,47.322200,-71.148468
Drowsy Water Ranch,United States,Colorado,40.111738,-106.046883
,Sweden,Vasternorrland,62.524831,17.501106
,Germany,Baden-Württemberg,47.683380,9.808704
Kandahar,United States,Michigan,42.749084,-83.728995
Pian Dei Resinelli,Italy,Lecco,45.906255,9.387302
,Sweden,Vasterbotten County,64.169177,17.334512
,Sweden,Dalarna,61.697340,13.042099
,Sweden,Stockholm,59.367362,18.172089
پیست اسکی پیام, Payam Ski Resort,Iran,Azarbayjan-e Sharqi,38.337382,45.776317
Hoforsbacken,Sweden,Gavleborg,60.562449,16.327418
,Germany,Lower Saxony,51.807675,10.399617
,Germany,Baden-Württemberg,47.813795,8.022075
,Finland,Uusimaa,60.376476,25.008034
Kenzan (剣山スキー場),Japan,Tokushima Prefecture,33.877404,134.058032
,Norway,Vestfold og Telemark,59.496560,8.973245
Les Trois Vallées,France,Savoie,45.341141,6.580355
Исеть (Iset),Russia,Sverdlovsk,56.966962,60.334915
,Norway,Vestfold og Telemark,59.181205,9.594667
,Finland,Southern Ostrobothnia,62.603263,23.746554
Sky Resort,Mongolia,Ulaanbaatar,47.877674,107.044619
,Canada,New Brunswick,45.371818,-65.988214
,Austria,Lower Austria,47.944046,16.630913
,Germany,Saxony,51.053962,14.520209
,Norway,Rogaland,58.763432,6.078990
Ski areál Bosíno,Czechia,Liberec,50.724082,15.468900
,Italy,Udine,46.457494,12.932495
,United States,Utah,37.880237,-109.444993
,Sweden,Dalarna,60.432113,16.198949
Northern Timber Cruisers Ski Trails,United States,Maine,45.693057,-68.737937
,Norway,Viken,60.189343,10.383895
,Austria,Styria,47.561597,14.099399
Goule,France,Doubs,47.263426,6.817574
,Germany,Saxony,50.362502,12.446735
First Ishiuchi (ファースト石打スキー場),Japan,Niigata Prefecture,36.974435,138.807756
,Germany,Saxony,50.784666,13.660410
,Austria,Tyrol,47.194113,11.156791
,Norway,Trøndelag,64.052496,11.138578
Skigebiet Zuckerfeld (Wasserkuppe),Germany,Hesse,50.485890,9.943462
,Kazakhstan,Aqmola,53.238312,69.149328
Sztuczny stok narciarski,Poland,Greater Poland,52.604462,15.907169
Sun Valley,Canada,Quebec,45.980353,-74.204214
KonkaSki,Finland,South Karelia,61.439262,29.328299
,Austria,Carinthia,46.860365,13.849715
Edmonds Lake Cross Country Ski Trails,United States,Alaska,61.429369,-149.413376
MeriTeijo,Finland,Southwest Finland,60.236427,22.933978
Kandersteg,Switzerland,Bern,46.498365,7.698246
Truchtelfingen,Germany,Baden-Württemberg,48.236863,9.016558
Nashville Alps,United States,Indiana,39.154541,-86.298788
Centre d’excellence acrobatique de Val Saint-Côme,Canada,Quebec,46.274595,-73.871221
,United States,Washington,47.581423,-120.670476
La Pierre Saint-Martin, San Martingo Harria,France,Pyrénées-Atlantiques,42.974325,-0.739465
,Austria,Tyrol,47.571589,12.163893
,Finland,Satakunta,61.685682,22.015423
Medvedie,Slovakia,Presov,49.405070,21.630795
Nods,Switzerland,Bern,47.117632,7.078623
Mt. Holly Ski & Snowboard Resort,United States,Michigan,42.830051,-83.564000
,Sweden,Vasterbotten County,64.034380,20.492470
,Norway,Trøndelag,64.519425,13.603016
,Finland,Pirkanmaa,61.338244,23.034279
米沢スキー場, Yonezawa Snow World,Japan,Yamagata Prefecture,37.865060,140.238159
,Norway,Trøndelag,64.426754,11.532967
,Russia,Udmurt,56.812909,51.869372
Skiareál Kamenec,Czechia,Liberec,50.696961,15.420635
Teine Shenshaku (手稲千尺スキー場),Japan,Hokkaido Prefecture,43.102299,141.230536
Skillevollen,Norway,Nordland,66.337766,14.092515
,Sweden,Gavleborg,61.810396,15.821900
,Czechia,Liberec,50.600180,15.502161
,Germany,Baden-Württemberg,48.560300,8.225170
舞子スノーリゾート, Maiko Snow Resort,Japan,Niigata Prefecture,36.978321,138.832170
Revelstoke Nordic - Mount MacPherson,Canada,British Columbia,50.942800,-118.223104
木札岭滑雪场,China,Henan,33.774256,112.240077
Perkinstown Winter Sports Park,United States,Wisconsin,45.182975,-90.636263
,Sweden,Dalarna,60.390351,15.118951
La Malmaison,France,Doubs,46.940379,6.419065
ふじてんスノーリゾート, Fujiten Snow Resort,Japan,Yamanashi Prefecture,35.437809,138.688425
Froideville,Switzerland,Vaud,46.598037,6.696676
Металлург,Russia,Perm,58.258483,57.844345
ミカタスノーパーク, Mikata Snow Park,Japan,Hyogo Prefecture,35.409495,134.531995
La Giettaz - Village,France,Savoie,45.866300,6.495270
Familienabfahrt,Germany,Baden-Württemberg,48.707018,10.232068
,Poland,Silesian Voivodeship,49.739264,18.998168
,Russia,Penza,53.093376,45.104293
,Russia,Kemerovo,53.701828,87.022906
Krün / Wallgau / Vorderriß / Fall,Germany,Bavaria,47.518579,11.296130
Hakone Picnic Garden (箱根ピクニックガーデン),Japan,Kanagawa Prefecture,35.219471,139.011072
Kronberg,Switzerland,Appenzell Innerrhoden,47.297782,9.346081
,Latvia,Riga,56.967385,24.221218
Gilja Alpin,Norway,Rogaland,58.819305,6.299088
Lungern,Switzerland,Obwalden,46.790057,8.124744
,Finland,Southwest Finland,60.954738,21.362794
Tobołów,Poland,Lesser Poland Voivodeship,49.581412,20.083489
,Canada,Quebec,45.994504,-74.137901
涞源七山滑雪场,China,Hebei,39.325438,114.674109
Les Charbonnières - Le Lieu,France;Switzerland,Doubs;Vaud,46.667414,6.279318
,Russia,Arkhangelsk,64.584575,40.748637
,Finland,Pirkanmaa,61.482470,23.358573
,Russia,Leningrad,60.160990,32.583792
,Germany,Bavaria,47.831626,10.734656
Naturpark Ammergauer Alpen,Germany,Bavaria,47.624961,11.025724
,Canada,Quebec,45.983723,-71.255591
,Norway,Viken,58.991534,11.550407
Indian Lake,United States,New York,43.774100,-74.265475
Windy City Ski Club/Devil's Lake,United States,Wisconsin,43.435864,-89.716845
,Finland,Southern Savonia,62.323773,27.192225
Dixie Summit,United States,Oregon,44.538214,-118.597696
Sommet Olympia,Canada,Quebec,45.915245,-74.118000
Isola 2000,France,Alpes-Maritimes;Cuneo,44.183283,7.148609
Sellaronda, Sellarunde,Italy,Belluno;Bolzano/Bozen;Trento,46.541161,11.837075
Furx,Austria,Vorarlberg,47.280277,9.693466
,United States,Michigan,41.784373,-86.753647
湯沢中里スキーリゾート, Yuzawa Nakazato Ski Resort,Japan,Niigata Prefecture,36.911520,138.852632
Immenstadt,Germany,Bavaria,47.544961,10.220237
,France,Bas-Rhin,48.402619,7.275056
Cieniawa,Poland,Lesser Poland Voivodeship,49.622927,20.825346
,Estonia,Harju,59.315163,24.388165
,Sweden,Uppsala,59.591227,17.519625
Shintoku Cross Country,Japan,Hokkaido Prefecture,43.075583,142.846854
,Finland,Lapland,66.900235,25.355176
Bjorno,Sweden,Vastmanland,59.572464,16.619156
,Austria,Lower Austria,48.506581,15.393757
,Canada,New Brunswick,46.115296,-67.092658
Tenpoku Utanobori (歌登町),Japan,Hokkaido Prefecture,44.784535,142.517404
,Russia,Novosibirsk,54.945084,83.201656
Stony Creek Metropark,United States,Michigan,42.720623,-83.117348
Birchwood,United States,New Hampshire,42.889266,-71.371264
Yesanpo,China,Hebei,39.662936,115.305823
,Norway,Vestfold og Telemark,59.159578,10.229046
Torgnon,Italy,Valle D'Aosta,45.811120,7.552481
,Switzerland,Graubunden,46.453956,9.192034
,Finland,Uusimaa,60.377615,25.653036
,United States,Alaska,60.755606,-149.237196
Gunstock Recreation Area,United States,New Hampshire,43.532117,-71.363173
Maple Corner Farm,United States,Massachusetts,42.126018,-72.958493
Skilift Zederhaus,Austria,Salzburg,47.158918,13.481688
,Russia,Perm,58.036925,56.424214
Paulson X-C (Castlegar Nordic),Canada,British Columbia,49.243408,-117.999043
恵庭市民スキー場, Eniwa City Ski Area,Japan,Hokkaido Prefecture,42.845283,141.488306
,Russia,Sakhalin,47.754678,142.064111
,Germany,Baden-Württemberg,48.043394,8.717141
,Norway,Agder,58.641264,6.496402
São Roque (Ski Mountain Park),Brazil,Sao Paulo,-23.506338,-47.118109
,Germany,North Rhine-Westphalia,51.218164,8.345103
Tieringen,Germany,Baden-Württemberg,48.212016,8.875215
,Norway,Vestfold og Telemark,59.472080,8.416856
Parâng,Romania,Hunedoara,45.391565,23.464407
Skigebiet Golzentipp/Obertilliach,Austria,Carinthia;Tyrol,46.717477,12.620518
,Austria,Salzburg,47.750365,13.054344
Hiawatha Highlands,Canada,Ontario,46.588750,-84.275457
,Germany,Rhineland-Palatinate,50.560144,7.963449
,Germany,Baden-Württemberg,47.693679,8.012442
Mont-Bélu,Canada,Quebec,48.324129,-70.839157
Hi Point,United States,New York,40.839031,-73.373765
,Russia,Karelia,61.705564,30.671118
,Norway,Vestfold og Telemark,59.345281,10.206730
,Austria,Styria,47.356558,15.517202
,Russia,Tatarstan,55.709164,52.659202
Mount Whittier,United States,New Hampshire,43.814994,-71.210786
Praxmar,Austria,Tyrol,47.147904,11.131382
Immenstadt Diepolz Loipen,Germany,Bavaria,47.609223,10.179563
Rossberg Oberwil,Switzerland,Bern,46.637911,7.443396
,Finland,Southwest Finland,60.448438,22.436097
,Canada,Alberta,53.620377,-114.065319
,Sweden,Vasterbotten County,63.837191,20.295116
,Czechia,Moravian-Silesian,49.831235,17.871567
,Switzerland,Graubunden,46.543614,9.283682
Hole in the Mountain,United States,Minnesota,44.264164,-96.303878
Litsbacken,Sweden,Jamtland,63.309081,14.785040
Горнолыжная база Вираж,Russia,Moscow Oblast,54.880972,37.957073
Taisei (大成スキー場),Japan,Hokkaido Prefecture,42.221268,139.852318
Oudai (大仙市大台スキー場),Japan,Akita Prefecture,39.519354,140.657913
,Austria,Tyrol,47.239024,11.173414
Olstalb-Lifte Aalen,Germany,Baden-Württemberg,48.816277,10.080587
,Russia,Chelyabinsk,55.905840,60.697423
Big Boulder Ski Resort Area,United States,Pennsylvania,41.049652,-75.599476
水上高原スキーリゾート, Minakami Kogen Ski Resort,Japan,Gunma Prefecture,36.857934,139.077894
Jaworzyna Krynicka,Poland,Lesser Poland Voivodeship,49.418773,20.911912
,Russia,Smolensk,55.192564,34.247842
Pinehurst,United States,Wisconsin,44.853770,-91.453006
,United States,Utah,40.709868,-111.495381
St. Antönien,Switzerland,Graubunden,46.970647,9.804460
Snow Park,New Zealand,Otago Region,-44.878628,169.070492
,United States,Montana,46.887913,-113.434500
Ždiar - Deny,Slovakia,Presov,49.271254,20.315283
Semmering Hirschenkogel,Austria,Lower Austria;Styria,47.627146,15.831331
,United States,Michigan,42.509118,-82.968782
Soda Springs,United States,California,39.319479,-120.382487
Seiser Alm - Mont de Sëuc - Alpe di Siusi, Seiser Alm, Alpe di Siusi, Mont de Sëuc,Italy,Bolzano/Bozen,46.543434,11.644503
ピラタス蓼科スノーリゾート, Pilatus Tateshina Snow Resort,Japan,Nagano Prefecture,36.072510,138.310665
,Russia,Murmansk,68.931152,33.152418
,Austria,Vorarlberg,47.264222,10.125565
Estenc-Entraunes,France,Alpes-Maritimes,44.236004,6.752657
Thunderhill Ski Area,Canada,Manitoba,52.017219,-101.607957
Bosque Nevado - Huilo huilo,Chile,De Los Rios,-39.909107,-71.967813
,Finland,Pirkanmaa,61.402539,23.783756
,United States,Wyoming,43.426841,-110.810496
Old 100 mile house Ski hill,Canada,British Columbia,51.642023,-121.278507
Wolfsberg (Siegsdorf),Germany,Bavaria,47.817881,12.666421
Starlight,United States,Indiana,38.437523,-85.824616
红松王滑雪场,China,Jilin,42.211422,128.191580
,Norway,Viken,59.939633,11.425220
Nipigon Ski Hill,Canada,Ontario,48.991679,-88.327439
Bogdan,Romania,Harghita,46.619038,25.256298
,Canada,New Brunswick,45.948315,-64.426655
,Russia,Leningrad,60.283529,29.626484
Dolphin Valley (ドルフィンバレイ),Japan,Hiroshima Prefecture,35.046022,133.047139
,Norway,Viken,59.921929,9.955665
,Norway,Troms og Finnmark,68.714840,17.760053
Großeck-Speiereck,Austria,Salzburg,47.123173,13.652497
Snow Creek,United States,Missouri,39.465415,-94.968940
,Czechia;Germany,Liberec;Saxony;Ústecký,50.829150,14.590230
,Germany,Bavaria,49.613927,11.346041
,Norway,Nordland,68.531859,14.866911
Seefeld / Birkenlift & Geigenbühellift,Austria,Tyrol,47.334576,11.182367
,Estonia,Harju,59.221450,24.148297
Super Saint-Bernard,Switzerland,Valais,45.900436,7.196363
,Germany,Baden-Württemberg,47.770237,7.949317
FQME,Canada,Quebec,48.204823,-70.076098
,Norway,Troms og Finnmark,69.490520,17.476549
Giants Ridge Resort,United States,Minnesota,47.570665,-92.304570
,Italy,Trieste,45.745939,13.691326
Oberholz - Farner,Switzerland,Saint Gallen,47.285914,8.946504
Bubolz Nature Preserve,United States,Wisconsin,44.311840,-88.448995
,Germany,Baden-Württemberg,48.519843,9.627696
,Switzerland,Glarus,47.046134,9.054476
Tirolina - Haltjochlift,Austria,Tyrol,47.580939,12.065420
,United States,Pennsylvania,41.192408,-75.622425
,Switzerland,Fribourg,46.516650,6.985378
Ski Lakeridge,Canada,Ontario,44.029882,-79.060063
,United States,Idaho,48.577397,-116.969464
,Russia,Primorsky,43.209101,132.072655
Hochoetz,Austria,Tyrol,47.210860,10.926271
,Norway,Innlandet,61.562879,9.415427
,Finland,Northern Ostrobothnia,63.717160,24.770826
白龙潭生态园滑雪场,China,Jiangsu,34.669168,119.285680
,Sweden,Varmland,59.654614,12.635040
,Norway,Troms og Finnmark,69.218740,19.572955
Rejkovo,Slovakia,Banska Bystrica,48.662724,19.927819
Nistos,France,Hautes-Pyrénées,42.942609,0.454513
Crabbe Mountain,Canada,New Brunswick,46.123104,-67.106807
,Germany,Baden-Württemberg,48.310315,8.415406
Diamond Hill,United States,Rhode Island,42.002653,-71.416283
Banadad Ski Trails,United States,Minnesota,48.034356,-90.569237
Tahko,Finland,Northern Savonia,63.290837,28.016097
Mount Pakenham Ski Hill,Canada,Ontario,45.322296,-76.332664
Mas de la Barque,France,Lozère,44.384723,3.873852
Tamarack Cross-Country Ski Center,United States,California,37.618453,-119.006953
Ski No Limit,Chile,De La Araucania,-38.449152,-71.518421
Nezdice,Czechia,Plzeň,49.168773,13.614524
,Czechia;Poland,Olomouc;Pardubice;dolnoslaskie,50.201380,16.979210
Thunder Mountain,United States,Michigan,45.193712,-84.818079
,Norway,Viken,59.787176,9.759980
Big Sky Resort,United States,Montana,45.273921,-111.419449
,Slovakia,Zilina,49.105121,19.841780
Poráč - Brodok,Slovakia,Kosice,48.868717,20.730348
手ノ子スキー場, Tenoko Ski Area,Japan,Yamagata Prefecture,38.007782,139.972611
Radstadt - Altenmarkt,Austria,Salzburg,47.362773,13.453920
Strużnica,Poland,dolnoslaskie,50.834448,15.887378
Sainte-Foy Tarentaise,France,Savoie,45.580218,6.911705
Горнолыжный комплекс Хабарское,Russia,Nizhny Novgorod,56.183297,43.431672
Bemidji High School Trails,United States,Minnesota,47.457871,-94.923552
Cowboy Peak,United States,Colorado,40.281325,-106.951143
Ski Brule,United States,Michigan,46.029134,-88.705272
,Germany,North Rhine-Westphalia,50.402399,6.402893
,Slovenia,Carinthia,46.486965,15.237122
ファミリースノーパーク ばんだい×2, Family Snow Park Bandai X2,Japan,Fukushima Prefecture,37.593643,140.112955
Powder Mills Park,United States,New York,43.039344,-77.482120
Niederhorn,Switzerland,Bern,46.704372,7.775632
Vyšné Krátke,Slovakia,Zilina,49.092275,19.144474
Domaine Nordique de Guéry,France,Puy-de-Dôme,45.618167,2.814630
,Germany,Bavaria,47.697842,10.883081
Mont Orignal,Canada,Quebec,46.412004,-70.589115
Flirsch,Austria,Tyrol,47.150937,10.408257
Ski centar Vlašić,Bosnia and Herzegovina,Central Bosnia,44.311389,17.583439
Sandnes,Norway,Troms og Finnmark,69.673391,29.934792
Ski Sundown,United States,Connecticut,41.882694,-72.941463
,Austria,Lower Austria,48.902890,15.327511
,Finland,Kymenlaakso,60.686683,26.790348
,United States,Washington,48.860851,-118.401960
,Norway,Innlandet,61.305541,10.257881
Авачинская Сопка (Avachynski Volcano),Russia,Kamchatka,53.259489,158.740897
Horse Mountain,United States,California,40.874714,-123.730860
Estació d'esquí i muntanya Vallter 2000,Spain,Girona,42.425112,2.254728
Skiareál Zděchov,Czechia,Zlín,49.258348,18.072046
Kolsassberg,Austria,Tyrol,47.288747,11.645461
,Russia,Tula,54.116359,37.523831
Snowflake Nordic Ski Center,United States,Minnesota,46.831039,-92.137656
,Finland,Lapland,67.580866,24.219867
,Sweden,Dalarna,60.301605,15.816046
Montpelier Parks,United States,Vermont,44.282970,-72.564268
Monteau,United States,New Hampshire,44.111809,-71.943197
,Finland,Southwest Finland,60.792810,21.412206
,Germany,Hesse,50.309473,9.333051
,Sweden,Stockholm,59.617587,17.701590
,Norway,Innlandet,60.661930,11.867375
Wanlong Paradise Resort, 万龙度假天堂,China,Hebei,40.962861,115.394595
赛里木湖滑雪场,China,Xinjiang Uyghur,44.569932,81.409781
Kuroishi (黒石市青少年の森スキー場),Japan,Aomori Prefecture,40.629662,140.694873
,United States,Illinois,42.242088,-88.453192
,Russia,Moscow Oblast,55.865885,37.089122
,Finland,Kymenlaakso,60.555649,27.255292
Konaklı Kayak Merkezi,Turkey,Erzurum,39.779453,41.206940
,Canada,Alberta,49.415988,-114.124588
,Norway,Møre and Romsdal,62.421730,7.309514
Hiihtokeskus Syöte, Ski resort Syöte,Finland,Northern Ostrobothnia,65.631793,27.639552
Nordic Trail System,United States,Wisconsin,42.822615,-88.593088
Estación Invernal y de Montaña San Isidro (Sector Riopinos),Spain,Leon,43.044834,-5.401972
Spitze,Switzerland,Saint Gallen,47.444358,9.480784
,Russia,Karelia,61.780428,34.298181
,Finland,Uusimaa,60.367405,24.759965
Habri ski resort,Morocco,Fès-Meknès,33.363938,-5.140878
,Norway,Viken,60.299303,10.188031
Faltschen,Switzerland,Bern,46.627689,7.725082
Șuior,Romania,Maramureş County,47.673696,23.777686
Eagle Valley Resort,United States,Alaska,61.248821,-149.592057
Gramais,Austria,Tyrol,47.264195,10.533375
,United States,Michigan,43.416945,-86.218306
Tignes - Val d'Isère,France,Savoie,45.454631,6.944235
West Mountain Ski Resort,United States,New York,43.289581,-73.730025
,Canada,Quebec,47.832844,-69.523453
La Molina,Spain,Barcelona;Girona,42.323691,1.937828
Iberg,Germany,Bavaria,47.635635,10.044188
Kitashin'nabe (北神鍋スキー場),Japan,Hyogo Prefecture,35.512683,134.671144
,Czechia,South Bohemian,48.679221,14.194303
,United States,New York,42.435557,-76.293013
Kyrkjebygdheia,Norway,Vestfold og Telemark,59.167948,8.563002
Skigebiet Lienz - Zettersfeld,Austria,Tyrol,46.869391,12.791595
Las Araucarias (Formerly Llaima),Chile,De La Araucania,-38.686008,-71.800758
Espace Nordique du Val d'Azun,France,Hautes-Pyrénées,42.984458,-0.230293
Magura Skipark,Poland,Lesser Poland Voivodeship,49.550889,21.241396
Blommen skisenter,Norway,Trøndelag,63.803717,11.623775
Elsigenalp,Switzerland,Bern,46.518845,7.624583
,Norway,Vestfold og Telemark,59.092957,9.050082
ハイパーボウル東鉢, Hyper Bowl Tohachi, ハイパーボウル東鉢), Haipābouru tōhachi,Japan,Hyogo Prefecture,35.388735,134.562492
Josefsberg,Austria,Lower Austria,47.845225,15.315517
,Norway,Rogaland,58.537792,6.582966
Ski Centar Ranča,Bosnia and Herzegovina,Central Bosnia,44.378903,17.387338
Lookout Pass,United States,Idaho;Montana,47.451816,-115.715948
,Sweden,Jamtland,63.321255,12.517033
,Czechia,Liberec,50.526279,15.352998
Bjelolasica,Croatia,Karlovacka,45.246918,15.001827
,United States,Vermont,43.307976,-72.877779
,Norway,Agder,58.580078,8.687866
پیست اسکی کوهرنگ, Chelgerd Ski Resort,Iran,Chahar Mahall va Bakhtiari,32.456557,50.120698
Чегет, Cheget,Russia,Kabardino-Balkar,43.242200,42.509430
Onion Lake (Snow Valley Nordic),Canada,British Columbia,54.295691,-128.540039
,Ukraine,Zakarpattia,48.981209,22.833762
,Finland,Central Finland,62.478666,25.439994
志賀高原 横手山スキー場, Shiga Kogen Yokoteyama Ski Area,Japan,Gunma Prefecture;Nagano Prefecture,36.676307,138.513035
Kunimidake (国見岳スキー場),Japan,Gifu Prefecture,35.474253,136.414794
,Russia,Moscow Oblast,55.876061,37.819263
Skiareál Novako,Czechia,Karlovy Vary,50.363655,12.906915
Campbell Airstrip Cross Country Ski Trails,United States,Alaska,61.154790,-149.790430
,Norway,Agder,58.445002,8.796028
Le Somport,France;Spain,Huesca;Pyrénées-Atlantiques,42.793989,-0.540457
,Russia,Bashkortostan,53.963570,58.451089
,Canada,Alberta,52.943937,-118.083620
Hardwood Ski and Bike,Canada,Ontario,44.517807,-79.591098
Alpensia,South Korea,Kangwon-Do,37.652641,128.672491
Hotaka Olympia,Japan,Gunma Prefecture,36.768803,139.183663
Val Palot,Italy,Brescia,45.788874,10.173067
,United States,New York,42.917271,-75.836042
Hokkaido University / Kitataisetsu (北大雪スキー場),Japan,Hokkaido Prefecture,43.845581,143.084187
Lapham Peak,United States,Wisconsin,43.036472,-88.393230
Sunnerstaåsens friluftsområde,Sweden,Uppsala,59.791655,17.661651
Ski Tále,Slovakia,Banska Bystrica,48.866130,19.590380
Alpine Lakes,United States,Colorado,39.004764,-105.142143
,Germany,Bavaria,48.873837,13.418615
Liberty Mountain Resort,United States,Pennsylvania,39.759086,-77.368470
Volda skisenter,Norway,Møre and Romsdal,62.158737,6.147219
Bartlett High School Cross Country Ski Trails,United States,Alaska,61.233782,-149.730434
Lakewood VIllage,United States,Kentucky,38.421300,-82.601534
Sörenberg,Switzerland,Lucerne;Obwalden,46.807537,8.025433
Wyciągi Wojtek,Poland,Lesser Poland Voivodeship,49.616162,19.512130
あだたら高原スキー場, Adatara Kogen Ski Resort,Japan,Fukushima Prefecture,37.622843,140.315886
Mărişel (Havasnagyfalu),Romania,Cluj,46.662859,23.078676
Hovden Alpinsenter,Norway,Agder,59.572218,7.327394
Forcora Ski,Italy,Varese,46.074298,8.774644
Crotched Mountain Ski & Ride,United States,New Hampshire,43.011777,-71.880381
,Russia,Arkhangelsk,64.459738,40.961800
Selvino,Italy,Bergamo,45.780261,9.757364
,Canada,Quebec,45.924124,-74.013052
Mutsu Ohata Tozawa (兎沢スキー場),Japan,Aomori Prefecture,41.391584,141.155434
Mt. Rundle,Canada,Alberta,51.090230,-115.388229
Евразия (Euroasia),Russia,Chelyabinsk,55.385672,59.402965
,Germany,Saxony,50.551261,12.625740
Chester Bowl,United States,Minnesota,46.812402,-92.096661
Nuova Lizzola,Italy,Bergamo,46.009584,10.006747
Małego Króla,Poland,Podkarpackie,49.435427,22.567461
Oy-Mittelberg Loipen,Germany,Bavaria,47.639832,10.453663
Camp Fortune,Canada,Quebec,45.510733,-75.847900
,Sweden,Gavleborg,60.699735,17.130872
萩の山市民スキー場, Haginoyama Shimin Ski Area,Japan,Hokkaido Prefecture,43.164784,141.810025
Sleeping Giant Provincial Park,Canada,Ontario,48.430583,-88.798956
,Russia,Mari El,56.601685,47.965748
Mirror Lake Coyote Ski Trails,United States,Alaska,61.428096,-149.423504
,United States,New York,44.115025,-74.050635
Hlíðarfjall,Iceland,Northeast,65.659630,-18.213971
,Finland,Tavastia Proper,60.938147,24.650492
,Finland,Kainuu,64.216978,27.653571
,China,Xinjiang Uyghur,43.362035,93.614080
吉林北山四季越野滑雪场,China,Jilin,43.837699,126.520019
Skiareál Chotouň,Czechia,Central Bohemian,49.899470,14.513743
پیست اسکی شیرباد, Shirbad Ski Piste,Iran,Khorasan,36.286425,59.062632
,Norway,Agder,58.741940,8.841285
Umbule,Czechia,Pardubice,50.017946,16.529120
Chamrousse,France,Isère,45.112008,5.890853
一本杉スキー場, Ippon Sugi Ski Resort,Japan,Niigata Prefecture,36.935501,138.806048
Dawn Mountain Nordic,Canada,British Columbia,51.303387,-117.054906
Banshogahara (武石番所ヶ原スキー場),Japan,Nagano Prefecture,36.258017,138.110592
Fanqi Shangjing,China,Heilongjiang,45.422767,127.075871
,Norway,Vestfold og Telemark,59.418358,9.422208
Tyrol,United States,New Hampshire,44.138902,-71.154156
Aspen Mountain,United States,Colorado,39.165589,-106.819323
Parc régional de la Forêt Ouareau, secteur Grande-Ourse,Canada,Quebec,46.154004,-74.008981
Şahdağ Xizək Kompleksi, قريه شاهداغ الثلجية, Shahdag Mountain Resort, Горнолыжный курорт Шахдаг,Azerbaijan,Qusar,41.311481,48.140369
Ski Malenovice,Czechia,Moravian-Silesian,49.567898,18.407846
Turnau,Austria,Styria,47.553760,15.347695
Snow Valley Ski Club,Canada,Alberta,53.484284,-113.558662
Milzkalns,Latvia,Engures,57.001533,23.206638
,Norway,Troms og Finnmark,70.168722,29.130749
Brady's Hills,United States,Michigan,43.416629,-85.339630
Cleary Summit,United States,Alaska,65.050597,-147.448111
カムイみさかスキー場, Kamui Misaka Ski,Japan,Yamanashi Prefecture,35.579922,138.754134
Caldirola,Italy,Alessandria,44.717404,9.145358
Minschuns,Switzerland,Graubunden,46.640132,10.324352
,Germany,Saxony,50.621409,12.817476
Jack Frost Mountain Resort,United States,Pennsylvania,41.109052,-75.651697
Klövsjö / Storhogna,Sweden,Jamtland,62.503205,14.147884
ニセコモイワスキー場, Niseko Moiwa Ski Resort, ニセコモイワスキーリゾート,Japan,Hokkaido Prefecture,42.855559,140.632242
Bear Paw Ski Bowl,United States,Montana,48.164196,-109.670162
,United States,Vermont,43.207350,-72.891716
Riverside Golf Course,United States,Maine,43.713060,-70.316136
Knaben,Norway,Agder,58.666364,7.036160
Saint Jean d'Arves - Les Chambons (Les Sybelles),France,Savoie,45.203758,6.260201
,Sweden,Dalarna,60.154966,15.386254
赤倉観光リゾートスキー場, Akakura Kanko Ski Resort,Japan,Niigata Prefecture,36.891711,138.156834
,Norway,Trøndelag,64.466862,11.888302
Zatrnik,Slovenia,Upper Carniola,46.370541,14.028490
,Russia,Leningrad,61.049146,30.120588
Stordal alpinsenter,Norway,Møre and Romsdal,62.410005,7.199912
,Norway,Innlandet,61.712398,10.569589
,Czechia,Liberec,50.726812,15.067217
,Finland,Southern Savonia,61.930449,28.894028
,Norway,Vestfold og Telemark,59.277921,9.107389
,Germany,Saxony,50.698433,13.236998
,Canada,Quebec,46.221439,-74.019466
,Ukraine,Kharkiv,50.065417,36.282201
Rees Ski Ranch,United States,Colorado,39.705643,-107.940248
Фристайл,Russia,Vologda,59.229427,39.654719
Sternsteinlifte,Austria,Upper Austria,48.556349,14.280281
Sviščaki,Slovenia,Littoral–Inner Carniola,45.577526,14.401849
Ridin-Hy,United States,New York,43.632674,-73.740020
Arena Platoș,Romania,Sibiu,45.672452,23.938612
Cypisek,Poland,Silesian Voivodeship,49.565233,19.349976
Greenbush Ski Hill,United States,Wisconsin,43.750621,-88.100028
南翠屏滑雪场,China,Tianjin,39.076055,117.149589
Kohútka,Czechia;Slovakia,Trenciansky kraj;Zlín,49.297970,18.234806
,United States,Oregon,44.960388,-118.223070
Skiareál Horní Domky - Lysá Hora,Czechia,Liberec,50.745062,15.492978
,Canada,Quebec,46.022332,-74.142489
,Japan,Yamagata Prefecture,38.126657,140.394564
,Finland,Northern Savonia,62.329393,27.854229
,Russia,Kaluga,55.032359,36.721066
,Switzerland,Schaffhausen,47.732351,8.555212
Ski Val de Wanne,Belgium,Liège,50.355861,5.915075
,Austria;Czechia,Lower Austria;South Bohemian,48.989278,15.297934
,Norway,Troms og Finnmark,69.288005,19.109313
Frontenac,United States,New Hampshire,43.748126,-71.688452
,Italy,Udine,46.504690,12.660088
,Germany,Baden-Württemberg;Bavaria,48.787933,10.404096
Ruby Mountain Ranch,United States,Nevada,40.643266,-115.523300
Rokuroshi Kogen (六呂師高原スキー場),Japan,Fukui Prefecture,36.021974,136.576222
ST Eulalie,France,Ardèche,44.833752,4.212716
Area Sciistica Campigna,Italy,Forli'-Cesena,43.878478,11.715703
Smoleń Ski,Poland,Silesian Voivodeship,50.442597,19.679618
,Norway,Trøndelag,64.325610,12.569262
Gyergyócsomafalva Snowpark,Romania,Harghita,46.637386,25.424681
Abenaki Ski Area,United States,New Hampshire,43.605583,-71.229247
,Norway,Trøndelag,63.660315,11.356640
,United States,North Dakota,46.930278,-96.765102
Skiarena Steibis,Germany,Bavaria,47.515382,10.011460
,United States,Washington,46.149774,-121.470458
,United States,Wyoming,43.267304,-110.780266
Ruhesitz,Switzerland,Appenzell Innerrhoden;Saint Gallen,47.296756,9.466008
Biei (美瑛),Japan,Hokkaido Prefecture,43.590000,142.445279
Gotemba City (御殿場市営スキー場),Japan,Shizuoka Prefecture,35.335328,138.793073
,United States,Utah,40.740404,-111.524743
,Norway,Troms og Finnmark,70.108726,22.623918
Mt Aggie,United States,Texas,30.601475,-96.349756
,Russia,Moscow Oblast,55.321491,36.775121
,Poland,Lesser Poland Voivodeship,49.497371,21.328472
Skiliftkarussell Altastenberg,Germany,North Rhine-Westphalia,51.188438,8.459251
,United States,Michigan,44.350054,-84.215631
Omote Manza (表万座スノーパーク),Japan,Gunma Prefecture,36.598151,138.518352
,Norway,Trøndelag,63.737837,11.525659
,United States,Michigan,47.032356,-88.534684
,Finland,Southern Savonia,62.259219,27.875018
,Norway,Agder,59.329979,7.501630
Burnt Meadows,United States,Maine,43.934186,-70.904560
,Finland,Central Finland,61.568398,25.141249
Greguška Ski – Pod lesom,Slovakia,Presov,49.128883,20.253608
,Russia,Moscow Oblast,55.557275,38.036564
,Poland;Slovakia,Lesser Poland Voivodeship;Presov,49.407584,20.432426
,Russia,Moscow Oblast,55.584670,38.118262
,Norway,Innlandet,60.729736,12.016132
Kala Bagh (Nathiagali),Pakistan,Khyber Pakhtunkhwa,34.077776,73.377042
La Pagliara,Italy,Cosenza,39.278434,16.464657
Strednica,Slovakia,Presov,49.270422,20.227636
Skilifte Sinswang,Germany,Bavaria,47.566222,10.008434
,Finland,Pirkanmaa,61.495702,23.724286
Besna Kobila,Serbia,Pcinja,42.540374,22.194353
Alpe d'Huez Grand Domaine,France,Isère,45.115492,6.085778
,Finland,North Karelen,62.524666,29.405331
,Germany,Rhineland-Palatinate,50.600872,8.147466
吉雪滑雪场,China,Jilin,43.842898,126.332675
,China,Ningxia Hui,38.395555,106.363752
Grasgehren,Germany,Bavaria,47.442489,10.176447
,Norway,Viken,59.125508,11.499862
,Lithuania,Utena,55.335039,26.183482
,Norway,Trøndelag,63.684666,11.016485
Skilift Schratten Flühli,Switzerland,Lucerne,46.875002,8.008837
,Germany,Bavaria,47.675827,10.803815
Eagle Point,United States,Utah,38.322228,-112.378016
,Sweden,Gavleborg,62.052891,17.251601
,Slovenia,Savinja,46.236392,15.644552
Hart Highlands,Canada,British Columbia,53.982736,-122.791296
Mount Olympus Ski Area,New Zealand,Canterbury Region,-43.193401,171.605940
,Sweden,Jamtland,63.172272,12.357716
Selský dvůr,Czechia,Liberec,50.765833,15.269363
Mad River Mountain,United States,Ohio,40.315997,-83.675761
Gantrisch - Ottenleue,Switzerland,Bern,46.735031,7.363947
,Russia,Moscow City,55.613871,37.674510
,Germany,Baden-Württemberg,48.084479,8.332710
,Germany,Bavaria,49.592893,11.756618
Skicentrum Pawlin,Czechia,Moravian-Silesian,50.020243,17.280120
棋盘山冰雪大世界,China,Liaoning,41.935998,123.688765
,Sweden,Norrbotten,67.693215,18.153154
Polomka - Bučník,Slovakia,Banska Bystrica,48.842159,19.867196
Snow King Valley,United States,Colorado,40.052965,-106.065716
Mont Spokane State Park Nordic,United States,Idaho;Washington,47.892176,-117.076836
Manitoba Mountain,United States,Alaska,60.682678,-149.448910
,Russia,Vladimir,55.943015,39.163217
,Sweden,Vasterbotten County,65.706341,15.249246
,Sweden,Stockholm,59.219007,18.101330
Dolní Morava sport & relax resort,Czechia,Pardubice,50.144720,16.817211
Skilift Brunni,Switzerland,Schwyz,47.040428,8.706242
Mission Ridge,United States,Washington,47.280643,-120.410937
しらおスキー場, Shirao Ski Area,Japan,Gifu Prefecture,35.898362,136.940120
Kalita Kalnas,Lithuania,Utena,55.525457,25.125503
,Norway,Innlandet,60.944125,10.803889
,Canada,Quebec,46.660617,-71.279265
Frisco Nordic Center,United States,Colorado,39.583547,-106.067466
Honey Hill,United States,New York,42.704026,-78.131418
Rycerka Białasówka,Poland,Silesian Voivodeship,49.478341,19.084397
Hurricane Ridge,United States,Washington,47.970983,-123.494478
West Bragg Creek Cross Country Ski and Snowshoe Trails,Canada,Alberta,50.947986,-114.692715
,China,Gansu,38.834502,99.915186
Skigebiet Stuhleck - Semmering,Austria,Styria,47.590388,15.768432
Luz-Ardiden,France,Hautes-Pyrénées,42.884561,-0.069571
Maiskogel,Austria,Salzburg,47.265417,12.729920
Pine Ridge Ski Club,Canada,Ontario,44.563705,-79.664486
Donnstetten,Germany,Baden-Württemberg,48.515225,9.557779
Bílá, Bila,Czechia,Moravian-Silesian,49.440151,18.459033
,Norway,Agder,59.298654,7.503932
,Norway,Vestland,61.923648,7.196582
Parc du Mont Hatley,Canada,Quebec,45.304256,-71.937781
Zelenica,Slovenia,Upper Carniola,46.429061,14.233685
川西町営小松スキー場, Kawanishi Choei Komatsu Ski Area,Japan,Yamagata Prefecture,37.999639,140.029393
Spieserlifte,Germany,Bavaria,47.533418,10.408385
Goldegger Buchberg,Austria,Salzburg,47.312275,13.075911
,Russia,Bashkortostan,52.829026,58.236992
Эльбрус (Elbrus),Russia,Kabardino-Balkar,43.268866,42.480200
Wild Mountain,United States,Minnesota,45.487928,-92.707908
Baker Park Reserve,United States,Minnesota,45.029287,-93.613269
Ounasvaaran laskettelukeskus, Ounasvaara Ski Resort,Finland,Lapland,66.505747,25.786935
,Norway,Troms og Finnmark,70.992127,26.046350
,Canada,Quebec,45.504956,-73.590897
Whistler's,Canada,Alberta,52.852230,-118.112240
,Sweden,Jamtland,63.672163,14.853906
The Homestead,United States,Michigan,44.916286,-85.965078
,Finland,Northern Ostrobothnia,65.378355,25.800407
,Austria,Tyrol,47.106332,11.607673
,Estonia,Harju,59.437314,24.538263
,Germany,Baden-Württemberg,48.105446,8.186626
Zdobnice,Czechia,Hradec Králové,50.234171,16.405695
Patscherkofel Ski,Austria,Tyrol,47.209004,11.446879
Cottonwood Butte Ski Hill,United States,Idaho,46.073277,-116.455496
Thanner Hubel,France,Haut-Rhin,47.822692,7.029742
,Serbia,Kolubarski upravni okrug;Zlatiborski upravni okrug,44.099009,19.989961
Meiringen - Hasliberg,Switzerland,Bern;Obwalden,46.751725,8.229432
,Poland,Lesser Poland Voivodeship,49.294639,19.958148
Whiteface Mountain Ski Center,United States,New York,44.373860,-73.877930
Storeskar skisenter,Norway,Vestfold og Telemark,59.576286,9.251755
,Czechia,Zlín,49.143877,18.022896
Ricken,Switzerland,Saint Gallen,47.256679,9.068646
木島平スキー場, Kijimadaira Ski Resort, Kijimadaira sukī-ba,Japan,Nagano Prefecture,36.816354,138.404857
,United States,Michigan,46.243077,-85.941908
,Norway,Agder,59.019163,6.912872
Wildstättlift Wattenberg,Austria,Tyrol,47.274195,11.615091
,United States,Pennsylvania,41.387919,-80.098777
Coulee Experimental State Forest,United States,Wisconsin,43.844556,-91.019917
Area Sciistica Cerreto Laghi,Italy,Massa-Carrara;Reggio Nell'Emilia,44.293843,10.242739
,Russia,Sverdlovsk,56.913742,60.078437
Ski areál Olešnice na Moravě,Czechia,South Moravian,49.557432,16.409726
,Russia,Kirov,58.005574,49.121254
La Schlucht,France,Haut-Rhin;Vosges,48.059547,7.020252
Yasuda Town (安田町民スキー場),Japan,Niigata Prefecture,37.766953,139.260779
Skipot,Czechia,Karlovy Vary,50.419104,12.731884
,Slovakia,Presov,49.141357,21.120864
Schweitzer Mountain Resort,United States,Idaho,48.385814,-116.620418
国家跳台滑雪中心, National Ski Jumping Centre,China,Hebei,40.907967,115.465940
,Sweden,Jamtland,62.880309,12.716804
Yamamiya (山宮スキー場),Japan,Hyogo Prefecture,35.484465,134.689273
Tsubetsu Townsmen (町民スキー場),Japan,Hokkaido Prefecture,43.694567,144.030342
Enchanted Forest Cross Country Ski Area,United States,New Mexico,36.698430,-105.355453
,Canada,Quebec,45.738251,-73.713126
Haka,Finland,Central Finland,62.354092,26.614226
Gachenblick,Austria,Tyrol,47.116293,10.684100
Oregon Ridge,United States,Maryland,39.491101,-76.680257
Copper Mountain,United States,Colorado,39.491493,-106.158353
Ringkollen skistadion,Norway,Viken,60.168624,10.390937
,Russia,Yevrey,49.005773,131.037149
,Norway,Trøndelag,63.608420,10.762966
,Norway,Nordland,65.760455,13.198008
Four Seasons Trail Association,United States,Maine,47.343505,-68.323347
,Finland,Southern Savonia,61.810378,29.303174
,United States,Idaho,43.572756,-111.107434
Leadville Town Trails,United States,Colorado,39.233386,-106.295588
雪如意滑雪场,China,Hebei,40.922719,115.481397
Encijan,Slovenia,Gorizia,46.402411,13.597959
Engstligenalp,Switzerland,Bern,46.436208,7.572683
Skaidi,Norway,Troms og Finnmark,70.448394,24.396103
,Russia,Moscow City,55.932637,37.534120
,Czechia,Moravian-Silesian,50.108730,17.379352
Nakamine (入広瀬中峰スキー場),Japan,Niigata Prefecture,37.358065,139.074663
,Sweden,Dalarna,60.149822,16.212642
,Finland,Southern Ostrobothnia,62.322828,22.241530
Sulzberg,Germany,Bavaria,47.654534,10.356776
,United States,Massachusetts,42.113151,-70.711926
みやぎ蔵王スキー場 すみかわスノーパーク, Miyagi Zao Sumikawasu Snow Park,Japan,Miyagi Prefecture,38.129295,140.483143
,Finland,Northern Ostrobothnia,64.094871,23.899568
Buck Hill,United States,Pennsylvania,41.198290,-75.281260
,Finland,Northern Ostrobothnia,65.553234,28.131550
Les Gentianes,France,Jura,46.561787,6.026302
Bird Lake Trail,United States,Minnesota,47.489364,-92.075936
,Canada,British Columbia,55.320381,-123.056681
,Slovakia,Zilina,49.154985,19.802295
Kaiserblick Sachrang (Aschau),Germany,Bavaria,47.684632,12.259326
,United States,Alaska,59.459640,-136.023157
Lyon - La Sarra,France,Rhône,45.765138,4.817028
,Russia,Sverdlovsk,58.312976,60.077058
Higashimeya (東目屋スキー場),Japan,Aomori Prefecture,40.594320,140.340580
鹞子沟康乐山庄滑雪场,China,Qinghai,37.034026,101.817469
,Slovenia,Central Sava,46.166839,15.109799
,Finland,Southern Savonia,61.886347,27.881502
Тогуз-Булак лыжа базасы, Toguz Bulak Ski resort, Горнолыжный курорт Тогуз Булак,Kyrgyzstan,Chuy,42.642743,74.867330
赤城山第１スキー, Akagisan Daiichi Ski Area,Japan,Gunma Prefecture,36.545454,139.183674
Fürstalm (Zillertal Arena),Austria,Tyrol,47.205846,12.028141
,Russia,Penza,53.111645,45.210399
Trezona Cross-country Ski Trails,United States,Minnesota,47.909549,-91.847691
,United States,Massachusetts,42.669788,-73.252363
,Russia,Krasnoyarsk,56.003088,92.416149
,Russia,Kirov,58.506484,49.639244
Heidialm,Austria,Carinthia,46.867338,13.828402
Aviemore dry ski slope,United Kingdom,Highland,57.163915,-3.675810
Großer Arber, Velký Javor,Germany,Bavaria,49.121274,13.139453
,Norway,Nordland,65.411334,12.533644
Raging Buffalo Snowboard Park,United States,Illinois,42.147257,-88.296145
,Estonia,Rapla,59.167273,24.854585
Elk Island Ranch,United States,Colorado,40.116677,-106.472304
,Norway,Viken,59.740843,10.807840
Charlotte Pass,Australia,New South Wales,-36.434543,148.330176
Lily Lake Winter Non-Motorized Area,United States,Utah,40.884981,-110.810587
Prà Alpesina,Italy,Trento;Verona,45.761916,10.871930
,Czechia,Central Bohemian;South Bohemian,49.500813,14.544036
芸北高原大佐スキー場, Osa Ski Resort,Japan,Hiroshima Prefecture;Shimane Prefecture,34.746029,132.212852
Mount Hutt Ski Area,New Zealand,Canterbury Region,-43.492465,171.534010
,Russia,Moscow Oblast,56.738958,37.196135
,Sweden,Vasternorrland,62.525076,15.772205
,Slovakia,Zilina,49.174773,19.374039
Janvry - Janvoriaz,France,Essonne,48.647654,2.154345
Ергаки (Ergaki),Russia,Krasnoyarsk,52.837115,93.256412
Dolní Lomná - Armáda,Czechia,Moravian-Silesian,49.544579,18.687036
Zwölferhorn (St Gilgen),Austria,Salzburg,47.764830,13.364010
,Russia,Perm,56.735627,54.038594
Karigahara (雁が原スキー場),Japan,Fukui Prefecture,36.079339,136.519636
Dutch Mountain,United States,Vermont,42.819046,-73.005524
,Norway,Innlandet,61.176633,11.222787
Lubomierz,Poland,Lesser Poland Voivodeship,49.594335,20.218094
,Canada,Alberta,49.646057,-110.254238
,Finland,Southwest Finland,60.419772,22.317014
ぶどうスノーリゾート, Budoh Snow Resort,Japan,Niigata Prefecture,38.391514,139.547341
Sundance Mountain,United States,Wyoming,44.392242,-104.367757
Elma Meadows,United States,New York,42.824841,-78.595376
,Russia,Murmansk,68.980410,33.122116
云居滑雪场,China,Beijing,39.596661,115.766116
Eriz,Switzerland,Bern,46.776933,7.825548
,Germany,Bavaria,49.640468,11.397407
Saddleball Mountain,United States,Massachusetts,42.611096,-73.164482
Bachledova dolina,Slovakia,Presov,49.284500,20.314375
,Norway,Vestland,60.604621,6.207181
Амирсай Горнолыжный курорт, Amirsay Mountain Resort,Uzbekistan,Toshkent,41.478626,69.946473
,United States,Minnesota,46.786415,-95.881245
Anthony Lakes Mountain Resort,United States,Oregon,44.961176,-118.240862
Sovata - Alunis,Romania,Mures,46.650740,25.149740
,Norway,Agder,58.912153,6.909034
,France,Puy-de-Dôme,45.557194,2.760901
尾瀬檜枝岐温泉スキー場, Oze Hinoemata Onsen Ski Resort,Japan,Fukushima Prefecture,37.031260,139.398585
,Finland,North Karelen,62.436649,29.961003
Mont Spinette,Belgium,Liège,50.470188,6.052453
国家高山滑雪中心, Nationales Ski-Alpin-Zentrum Xiaohaituo, National Alpine Skiing Centre, centro nazionale di sci alpino Xiaohaituo, Национальный горнолыжный центр,China,Beijing;Hebei,40.545153,115.798991
,Sweden,Vasterbotten County,63.898996,20.323147
ChangBaiShan International Resort (长白山),China,Jilin,42.102429,127.505582
Shirley Basin Ski Area,United States,Wyoming,42.646081,-106.353149
Amden Arvenbüel,Switzerland,Saint Gallen,47.148045,9.177859
,Russia,Altai,53.922606,85.633173
富士見高原スキー場, Fujimi Kougen Snow Resort,Japan,Nagano Prefecture,35.920480,138.309060
,Germany,Baden-Württemberg,48.479343,9.657544
Dacre Heights,Canada,Ontario,45.345001,-76.938354
Kelchsau,Austria,Tyrol,47.394467,12.117405
Stockhorn-Lasenberg,Switzerland,Bern,46.687367,7.546749
Kokonniemi,Finland,Uusimaa,60.384580,25.661419
軽井沢プリンスホテルスキー場, Prince Hotels and Resorts Karuizawa,Japan,Gunma Prefecture;Nagano Prefecture,36.336252,138.642467
,Germany,Bavaria,50.183263,12.027471
,Germany,Saxony,50.684946,12.986760
,Russia,Novosibirsk,54.865804,83.211043
Jizhou,China,Tianjin,40.112218,117.374136
Pernink - Velflink,Czechia,Karlovy Vary,50.361209,12.785014
Forsteralm,Austria,Upper Austria,47.891025,14.760818
,Canada,Quebec,45.549931,-73.469666
Mount Grampian,United States,Michigan,42.824548,-83.215894
Stratton Mountain Resort,United States,Vermont,43.102148,-72.911555
Bonneval-sur-Arc,France,Savoie,45.361335,7.056882
,Sweden,Vasternorrland,62.697429,16.539628
,Finland,Central Finland,61.915589,25.219607
Svahová,Czechia,Ústecký,50.551159,13.414537
,Norway,Vestfold og Telemark,59.290072,9.129613
Laye,France,Hautes-Alpes,44.635603,6.063226
Kütioru Centre,Estonia,Võru,57.786396,27.149166
,Norway,Agder,58.179677,7.854480
Lauchernalp,Switzerland,Valais,46.421158,7.762950
,Germany,Bavaria,48.752939,10.812001
Blacktail Mountain Ski Area,United States,Montana,48.022915,-114.373526
,Norway,Trøndelag,62.523172,9.600685
Hida Norikura Pentapia (ひだ乗鞍ペンタピアスノーワールド),Japan,Gifu Prefecture,36.174045,137.506073
Alpe del Nevegal,Italy,Belluno;Treviso,46.083549,12.286635
,Germany,North Rhine-Westphalia,51.422162,8.419793
,Germany,Baden-Württemberg,48.242555,9.185287
,Sweden,Jamtland,63.019504,16.657481
,Estonia,Võru,57.711990,27.052104
蓝溪国际滑雪场,China,Shandong,36.777398,118.349273
Майская,Russia,Perm,58.105618,55.558184
,Finland,Pirkanmaa,61.446586,23.041275
Harenda,Poland,Lesser Poland Voivodeship,49.321775,19.977786
Kawaguchi (川口スキー場),Japan,Niigata Prefecture,37.263799,138.871114
La Quillane,France,Pyrénées-Orientales,42.539957,2.114285
,Sweden,Dalarna,61.237876,14.074957
Bündalift – Davos,Switzerland,Graubunden,46.806770,9.847589
,Russia,Moscow Oblast,55.744584,36.088649
Ozolkalns,Latvia,Amatas,57.294645,25.222654
Les Sybelles,France,Savoie,45.236486,6.237307
Hochficht-Böhmerwald,Austria;Czechia,South Bohemian;Upper Austria,48.737814,13.885046
Crans-Montana,Switzerland,Bern;Valais,46.331840,7.494473
,Russia,Vladimir,56.112010,38.893313
Modum skisenter,Norway,Viken,59.967099,10.028763
Les Grands Montets,France,Haute-Savoie,45.961722,6.944027
La Pesse / Les Bouchoux,France,Ain;Jura,46.278871,5.855898
Murzasichle,Poland,Lesser Poland Voivodeship,49.312268,20.038944
Augustusburg,Germany,Saxony,50.818115,13.096506
Snowflex,United States,Virginia,37.352839,-79.166263
Balme - Vallorcine,France;Switzerland,Haute-Savoie;Valais,46.023180,6.951956
,Germany,Baden-Württemberg,48.235761,8.997998
ニノックススノーパーク, Ninox Snow Park,Japan,Niigata Prefecture,37.922185,139.478673
Flagg Hill,United States,Massachusetts,42.464815,-71.499509
Hockley Valley Winter Park / Happy Hills,Canada,Ontario,43.990483,-80.023105
Nové Hutě,Czechia,South Bohemian,49.036236,13.640814
Gojome Koichi (五城目恋地スキー場),Japan,Akita Prefecture,39.915323,140.222394
Skicentrum Soesterberg (Huis ter Heide),Netherlands,Utrecht,52.113806,5.279864
Shepherd Mountain Ski Resort,United States,Missouri,37.609833,-90.631199
,Spain,Leon,43.049875,-5.376371
,Germany,North Rhine-Westphalia,51.144390,7.789085
Hidden Valley Highlands Ski Area,Canada,Ontario,45.355185,-79.131704
Le Mourtis,France,Haute-Garonne,42.907335,0.770673
,Norway,Viken,60.379844,8.457969
Mont Apic,Canada,Quebec,46.229312,-71.670599
Shawnee Mountain,United States,Pennsylvania,41.036256,-75.080879
,Finland,Northern Ostrobothnia,65.304017,25.419964
济南九顶塔滑雪场,China,Shandong,36.416953,117.133646
,United States,Oregon,42.393756,-122.315382
Manning Park Resort,Canada,British Columbia,49.077034,-120.838386
Bocksberg,Germany,Lower Saxony,51.858766,10.343222
,United States,Illinois,42.243255,-88.579121
,Norway,Viken,60.251648,10.183412
Ski Park Grůň,Czechia,Moravian-Silesian,49.492072,18.469802
Ski areál Řeka,Czechia,Moravian-Silesian,49.616288,18.575758
糸魚川シーサイドバレースキー場, Itoigawa Seaside Valley Ski Resort,Japan,Niigata Prefecture,36.931022,137.892256
Dorset Hollow Ski Area,United States,Vermont,43.309240,-73.028160
,United States,California,39.368333,-120.267504
,United States,Colorado,38.563592,-106.935374
,Norway,Innlandet,61.076637,9.789531
Kandel,Germany,Baden-Württemberg,48.062984,8.018020
,Canada,Ontario,45.917577,-77.269675
,Bulgaria,Stara Zagora,42.745188,25.334707
,Germany,North Rhine-Westphalia,51.358899,7.198356
,Latvia,Livanu,56.335740,26.183816
Pamporovo,Bulgaria,Smolyan,41.644853,24.682309
,Germany,Baden-Württemberg,47.991615,8.934685
Domeniul Schiabil Șureanu,Romania,Alba;Hunedoara,45.564213,23.508139
Sattelegg,Switzerland,Schwyz,47.125611,8.848230
,Finland,Southern Ostrobothnia,63.138728,22.833021
,Russia,Voronezh,51.756575,39.221047
碾子山奥悦滑雪场,China,Heilongjiang,47.540156,122.850840
Albiez-Montrond,France,Savoie,45.210478,6.348985
La Rabassa,Andorra,Sant Julià de Lòria,42.435707,1.519632
,Russia,Bryansk,53.265360,34.366887
,Sweden,Vasterbotten County,65.428729,16.249858
Kopřivná,Czechia,Moravian-Silesian,50.032967,17.302382
Ratery,France,Alpes-de-Haute-Provence,44.188305,6.663361
Skicentrum Petr Udatný,Czechia,Liberec,50.733971,15.447644
Kiwissa Ski Centre,Canada,Ontario,49.130636,-85.851309
Geihoku Bunka Land (芸北文化ランドスキー場),Japan,Hiroshima Prefecture,34.734087,132.370647
Filipstad (Slalombacken),Sweden,Varmland,59.701514,14.099940
Shiratakacho (白鷹町営スキー場),Japan,Yamagata Prefecture,38.235836,140.154583
,Germany,Baden-Württemberg,48.725275,9.087808
Sommet Saint-Sauveur,Canada,Quebec,45.881457,-74.143278
Hinton Nordic Centre,Canada,Alberta,53.418670,-117.750510
,Germany,Saxony,50.802209,13.710878
Javor ski Srebrenica,Bosnia and Herzegovina,Republic of Srpska,44.065312,19.321870
Val Neigette,Canada,Quebec,48.362482,-68.478299
,United States,Vermont,44.880118,-72.522062
Bear Mountain,United States,California,34.219620,-116.860485
Huntly Nordic and Outdoor Centre,United Kingdom,Aberdeenshire,57.455077,-2.786712
Skigebiet Winterloch Heigenbrücken,Germany,Bavaria,50.012465,9.374376
かたしな高原スキー場, Katashina Kogen Ski Resort,Japan,Gunma Prefecture,36.810388,139.221885
Mérida,Venezuela,Mérida,8.531499,-71.053053
Sölden,Austria,Tyrol,46.953670,10.977219
Rathvel,Switzerland,Fribourg,46.542957,6.973130
,Switzerland,Graubunden,46.627757,9.187712
Monte Tamaro,Switzerland,Ticino,46.116803,8.892291
Malselv Fjellandsby,Norway,Troms og Finnmark,69.079003,18.724283
Senjojiki (千畳敷スキー場),Japan,Nagano Prefecture,35.777505,137.814624
Château-Ville-Vieille,France,Hautes-Alpes,44.756943,6.793199
Oaza-Ski,Poland,Podkarpackie,49.879140,21.776194
Lagazuoi - 5 Torri,Italy,Belluno;Bolzano/Bozen,46.532855,12.008412
,Finland,Pirkanmaa,61.877649,24.595148
,Norway,Innlandet,61.235533,12.319455
,United States,Maine,45.662643,-68.700962
,Russia,Murmansk,67.560376,33.450369
Tisovec - Bánovo,Slovakia,Banska Bystrica,48.712588,19.857353
Pertuyzat-Montchal,France,Puy-de-Dôme,45.477344,2.891489
Schigebiet Viehberg,Austria,Upper Austria,48.560617,14.630242
Kamparkalns,Latvia,Talsu,57.217032,22.636875
Sand Mountain,United States,Colorado,40.763349,-107.057562
Svanstein,Sweden,Norrbotten,66.651568,23.792799
,Sweden,Dalarna,60.607970,15.060761
Shibetsu Choei Kanayama (標津町営金山スキー場),Japan,Hokkaido Prefecture,43.741309,144.925041
,Czechia;Slovakia,South Moravian;Trenciansky kraj,48.826272,17.607755
Galena Lodge Trails,United States,Idaho,43.872676,-114.654360
Beldersay, Бельдерсай,Uzbekistan,Toshkent,41.479098,69.976696
,United States,New York,43.467029,-74.504427
Fernie Alpine Resort,Canada,British Columbia,49.456257,-115.102212
Høgevarde,Norway,Viken,60.338654,9.504565
,Switzerland,Graubunden,46.845734,9.236810
Ski areál Přemyslov,Czechia,Olomouc,50.104636,17.062560
,United States,Washington,47.401007,-121.099656
,Sweden,Jamtland,63.783814,13.836220
Duck Mountain Provincial Park Cross Country Ski Trails,Canada,Saskatchewan,51.635866,-101.629286
,Finland,Uusimaa,60.621160,26.195334
Javornik,Slovenia,Gorizia,45.899558,14.081054
Ski Snowstar,United States,Illinois,41.424580,-90.747499
,Slovakia,Banska Bystrica,48.871070,19.591404
,Switzerland,Solothurn,47.404771,7.926612
,Croatia,Zagrebacka,45.599517,15.811155
Meran 2000,Italy,Bolzano/Bozen,46.682454,11.266863
Windsor Park Nordic Centre,Canada,Manitoba,49.859705,-97.099314
,Slovakia,Bratislava,48.229946,17.127933
,Italy,Belluno,46.565549,12.693929
,Russia,Kemerovo,54.999716,86.946556
,Spain,Asturias;Leon,42.983167,-5.769102
,Germany,Baden-Württemberg,49.015457,10.021237
,Austria,Tyrol,47.251386,11.497027
Flottsbro,Sweden,Stockholm,59.229248,17.882111
,Norway,Troms og Finnmark,69.310414,19.322643
Sälen,Sweden,Dalarna,61.164582,13.089374
Pine Creek Ski Area,United States,Wyoming,42.102967,-110.828834
,Russia,Irkutsk,52.151041,104.096514
Hittisberglift Hittisau,Austria,Vorarlberg,47.454620,9.978859
薬師山スキー場, Yakushiyama Ski Area,Japan,Akita Prefecture,40.212326,140.276982
,Canada,Alberta,51.310114,-116.012444
,Norway,Viken,59.748199,10.481938
,Estonia,Viljandi,58.353553,25.593883
La Sambuy Seythenex,France,Haute-Savoie,45.706405,6.275680
,Norway,Troms og Finnmark,69.808118,18.835423
岱海滑雪场,China,Inner Mongolia,40.658525,112.546762
Ski Varság,Romania,Harghita,46.532095,25.390356
Bromont Montagne d'Expérience,Canada,Quebec,45.293057,-72.639632
Beaver Creek Nordic Ski Area,United States,Wyoming,42.552470,-108.707146
,Canada,Quebec,45.478722,-74.031624
,Russia,Khabarovsk,50.737666,136.550878
,Finland,Southwest Finland,60.463778,22.227451
Ski Uhliská,Slovakia,Zilina,49.298802,19.527234
Ohlstadt,Germany,Bavaria,47.628737,11.239177
,Russia,Murmansk,67.148480,32.438993
,United States,West Virginia,39.101368,-79.496391
Osceola Ski & Sport Resort,United States,New York,43.504118,-75.699837
,United States,Michigan,42.592020,-84.596421
,Norway,Innlandet;Viken,60.795982,9.122715
Ellivuori,Finland,Pirkanmaa,61.403028,23.066843
Säntisloipe,Switzerland,Saint Gallen,47.245446,9.245074
Wielka Sowa,Poland,dolnoslaskie,50.692475,16.491848
Tarvisio, Tarvis,Italy,Udine,46.483226,13.523918
,Russia,Kirov,58.590427,49.689899
,United States,Iowa,42.450232,-90.625424
,Finland,Paijanne Tavastia,60.986266,25.679117
,Russia,Novosibirsk,55.001001,83.001760
,Canada,Quebec,46.143342,-70.905354
Икша (Iksha),Russia,Moscow Oblast,56.166054,37.490896
,Latvia,Valkas,57.752258,26.021051
Northland Arboretum,United States,Minnesota,46.366794,-94.230126
Glencoe Mountain Resort,United Kingdom,Highland,56.621895,-4.838003
,Finland,Tavastia Proper,60.977015,24.450283
,Germany,Bavaria,47.532390,11.106904
Varkaus,Finland,Northern Savonia,62.334462,27.847784
,Finland,Northern Savonia,62.889600,27.664149
,Germany,Baden-Württemberg;Bavaria,47.674758,10.038972
Szus,Poland,Silesian Voivodeship,49.551992,18.928609
,Norway,Innlandet,61.903650,8.065441
,Norway,Trøndelag,65.069888,11.657476
Snow Bowl,United States,Ohio,40.322860,-81.060069
Mad River Glen,United States,Vermont,44.198500,-72.922758
,Germany,Baden-Württemberg,48.300080,9.189042
Cedar Pass,United States,California,41.554539,-120.266548
大海草山国际滑雪场,China,Yunnan,26.207153,103.280197
Lyžiarsky vlek Olešná - Potôčky,Slovakia,Zilina,49.436632,18.656064
パルコール嬬恋リゾート スキー & ホテル, Palcall Tsumagoi Resort Ski & Hotel,Japan,Gunma Prefecture;Nagano Prefecture,36.557486,138.450442
志賀高原 タンネの森 オコジョスキー場, Shiga Kogen Tannenomori Okojo Ski Area,Japan,Nagano Prefecture,36.733283,138.514930
Baiyun Snow Park,China,Henan,33.760726,111.942048
,United States,Wyoming,43.675386,-111.007832
Szklarska Poręba,Poland,dolnoslaskie,50.833333,15.533333
,Finland,Pirkanmaa,61.256207,24.079491
Högfjället,Sweden,Dalarna,61.154745,13.127688
مجموعه گردشگری سیبلند فیروزکوه, Seebland Firoozkooh Tourism Complex,Iran,Tehran,35.695236,52.570633
Heuberg,Germany,Baden-Württemberg,48.077789,8.804753
Moose Mountain,United States,New Hampshire,43.539092,-71.079354
,Germany,Thuringia,50.663849,11.989926
,Canada,Quebec,45.791309,-73.980325
,Italy,Grosseto;Siena,42.890440,11.619599
České Žleby,Czechia,South Bohemian,48.884307,13.783482
,Russia,Perm,56.733606,54.082002
,Russia,Krasnoyarsk,55.347267,91.097333
St Johann in Tirol,Austria,Tyrol,47.498325,12.427933
,United States,Pennsylvania,39.948674,-75.448388
Фанпарк Бобровый лог (Fanpark Bobrovy Log),Russia,Krasnoyarsk,55.959078,92.794499
Hahnenkamm,Austria,Tyrol,47.475065,10.653706
Hosho (宝生スキー場),Japan,Niigata Prefecture,36.882796,137.858466
Bruce Mound Winter Sports Area,United States,Wisconsin,44.444802,-90.785307
Holiday Hills,United States,Colorado,38.932891,-105.083649
Šachtičky,Slovakia,Banska Bystrica;Zilina,48.801050,19.154762
,Germany,Baden-Württemberg,48.446181,8.430342
Skigebiet Oberwiesenthal,Germany,Saxony,50.425563,12.959411
Oberwaldlifte,Austria,Salzburg,47.792241,13.246834
Rangeley Lakes Trails Center,United States,Maine,44.959425,-70.550160
,Sweden,Vasternorrland,62.366566,17.309122
Silvretta Arena Ischgl/Samnaun,Austria;Switzerland,Graubunden;Tyrol,46.974477,10.325107
Engerdal Østfjell,Norway,Innlandet,61.784200,11.971883
Mountain Run,United States,Virginia,38.720661,-78.575043
秋山スキー場, Akiyama Ski Area,Japan,Yamagata Prefecture,38.866642,140.239999
Big Friendly,Canada,Manitoba,49.877048,-100.853634
Pian delle Betulle,Italy,Lecco,46.029056,9.405728
Горнолыжная база Кашкулак, Kashkulak ski resort,Kyrgyzstan,Chuy,42.637471,74.519704
Magolsheim,Germany,Baden-Württemberg,48.402009,9.608362
Aš,Czechia,Karlovy Vary,50.233798,12.207228
Alyeska Resort,United States,Alaska,60.961802,-149.086629
Lenk - Wallegg,Switzerland,Bern,46.441912,7.419103
,Canada,Ontario,44.165305,-77.595956
北海道グリーンランド ホワイトパーク, Hokkaido Greenland White Park,Japan,Hokkaido Prefecture,43.168681,141.785566
Pescasseroli,Italy,L'Aquila,41.809496,13.751249
Mountain View,Canada,Ontario,44.734348,-79.920158
Céüse, Ceuse,France,Hautes-Alpes,44.513940,5.938811
Chamois,Italy,Valle D'Aosta,45.844597,7.627258
Eigenthal - Schwarzenberg,Switzerland,Lucerne;Nidwalden,47.003826,8.216757
Kikonai Forest (ふるさとの森スキー場),Japan,Hokkaido Prefecture,41.681843,140.429873
Mont Serein,France,Vaucluse,44.180120,5.268554
,Finland,Uusimaa,60.511510,24.909007
Avoriaz,France;Switzerland,Haute-Savoie;Valais,46.188506,6.796663
Silver Mine,United States,Wisconsin,44.773371,-91.582968
,Austria,Tyrol,46.920377,12.485199
,Finland,Pirkanmaa,61.432152,23.025143
,Finland,Uusimaa,60.287320,25.103361
,Germany,Lower Saxony,51.802838,10.539841
志賀高原 一の瀬ファミリースキー場, Shiga Kogen Ichinose Family Ski Area,Japan,Nagano Prefecture,36.737043,138.519813
,Germany,Baden-Württemberg;Bavaria,48.664512,10.240381
,United States,Michigan,46.632941,-88.483959
みやぎ蔵王えぼしリゾート, Miyagi Zao Eboshi Resort,Japan,Miyagi Prefecture,38.125475,140.510318
,Sweden,Orebro,59.342543,14.520005
Furedalen alpin,Norway,Vestland,60.371956,5.975671
,Germany,Thuringia,50.541813,10.853450
3 Zinnen Dolomites (Dobbiaco - San Candido - Braies - Sesto - Alta Pusteria),Italy,Bolzano/Bozen,46.688438,12.373613
,Finland,Central Finland,62.211343,25.742304
Gérardmer,France,Vosges,48.053520,6.903504
Mutsu Ohodake (於法岳スキー場),Japan,Aomori Prefecture,41.258326,140.983897
Wintergreen,Canada,Alberta,50.980263,-114.571609
,Germany,Baden-Württemberg,48.714232,10.141519
,Russia,Moscow Oblast,55.564115,37.722279
,United States,New Hampshire,43.819834,-72.167033
Catamount Mountain Resort,United States,Massachusetts;New York,42.165454,-73.476410
,Austria,Salzburg,47.180202,13.618023
,Sweden,Dalarna,60.581313,15.491105
,France,Jura,46.285687,5.851116
Makovitsya,Ukraine,Zakarpattia,48.497487,23.496469
Hickory Ski Center,United States,New York,43.474271,-73.817053
Oberwangen,Switzerland,Saint Gallen;Thurgau,47.420230,8.985994
,Finland,Central Finland,62.267808,25.450753
Jeongseon Alpine Centre (정선 알파인 경기장),South Korea,Kangwon-Do,37.474852,128.612015
,France,Savoie,45.648042,6.062574
,Finland,Uusimaa,60.236122,24.731951
,Czechia,Zlín,49.068441,17.254501
,Germany,Baden-Württemberg,48.693107,9.827314
Lajoux / Massacre,France,Jura,46.417739,6.007853
,Norway,Møre and Romsdal;Vestland,61.988333,5.931562
,Russia,Sverdlovsk,56.411968,61.911538
Beckton Alps,United Kingdom,London,51.519400,0.061300
Aspen Snowmass,United States,Colorado,39.198633,-106.949794
,Kazakhstan,Shyghys Qazaqstan,50.018131,82.688445
,Austria,Salzburg,47.712096,13.296349
,Norway,Vestfold og Telemark,59.821560,8.566684
ジュネス栗駒スキー場, Jeunesse Kurikoma Ski Area,Japan,Akita Prefecture,39.158410,140.733186
Ski Saariselkä,Finland,Lapland,68.427668,27.455075
Zillmer Ski Trails,United States,Wisconsin,43.628887,-88.198838
Mount Ashland,United States,Oregon,42.083260,-122.712838
Real del Pehuenche,Argentina,Mendoza,-35.965603,-70.380460
,Germany,Bavaria,49.078010,13.073712
,Russia,Moscow City,55.715935,37.627422
Island Lake Lodge,Canada,British Columbia,49.509425,-115.176759
,Austria,Upper Austria,48.402303,14.716159
,Estonia,Harju,59.325152,25.357214
SKI Krušetnica,Slovakia,Zilina,49.372993,19.347120
Izvorul Minunilor,Romania,Bihor,46.685836,22.617760
Snow Mountain Ranch,United States,Colorado,39.983325,-105.938906
,Finland,Tavastia Proper;Uusimaa,60.657885,24.858952
,Norway,Vestfold og Telemark,59.408025,8.360636
Su Wu Guchi (蘇武口スキー場),Japan,Hyogo Prefecture,35.495394,134.674703
skijalište Vučići,Croatia,Karlovacka,45.252066,15.216493
,Austria,Upper Austria,48.455965,14.263331
,Poland,dolnoslaskie,51.155534,15.545138
Hirzer,Italy,Bolzano/Bozen,46.738214,11.246888
,Germany,Bavaria,47.609737,12.970855
,Germany,Baden-Württemberg,48.673847,9.883448
,Germany,Saxony,50.799322,13.112211
,Czechia,Pardubice,49.783042,15.807291
,United States,New York,42.618075,-77.982039
Espace Cambre d'Aze,France,Pyrénées-Orientales,42.473322,2.113616
Boreal Mountain Resort,United States,California,39.332289,-120.348508
Wintersport in Steina,Germany,Saxony,51.195670,14.050025
Area da Fondo Sant'Annapelago,Italy,Modena,44.188420,10.554921
Killington Resort,United States,Vermont,43.612518,-72.794821
Swiss Valley,Canada,Alberta,53.612404,-114.067470
,Sweden,Dalarna,61.118243,14.644553
Ski Ráztoka,Slovakia,Trenciansky kraj,49.290035,18.286988
Parque de Nieve Las Horquetas,Argentina,Neuquen,-39.252291,-70.992262
Pincushion Mountain Ski Area,United States,Minnesota,47.777779,-90.308256
Bergisel,Austria,Tyrol,47.249540,11.400010
Домбай, Dombay,Russia,Karachay-Cherkess,43.291395,41.655235
Missen Wilhams Loipen,Germany,Bavaria,47.597569,10.123086
Shanty Creek Resorts,United States,Michigan,44.949882,-85.179820
Горнолыжная база ТОО-АШУУ, Ski base Too Ashuu,Kyrgyzstan,Chuy,42.306441,73.813254
,Canada,Quebec,45.950933,-74.182104
Campo (Blenio),Switzerland,Ticino,46.560532,8.932112
Astun,Spain,Huesca,42.804218,-0.497587
Pettneu am Arlberg,Austria,Tyrol,47.151764,10.335023
,Norway,Troms og Finnmark,69.938686,23.376192
Vlek pod Masarykovou chatou,Czechia,Hradec Králové,50.323844,16.385003
,Canada,Saskatchewan,52.807027,-102.349348
,Slovakia,Kosice,48.921456,20.561739
Mosvatn Skipark,Norway,Vestfold og Telemark,59.810846,8.293966
,Russia,Tomsk,56.463859,85.035956
Plas y brenin,United Kingdom,Conwy,53.101603,-3.918287
Sun Alpina Aokiko (サンアルピナ青木湖スキー場),Japan,Nagano Prefecture,36.612410,137.835524
プレジデントリゾート軽井沢　軽井沢スノーパーク, Karuizawa Snow Park,Japan,Gunma Prefecture,36.421221,138.627086
,Finland,Uusimaa,60.208310,24.610198
,Finland,Paijanne Tavastia,61.189741,25.493063
Bukovka,Czechia,Liberec,50.771422,15.241853
Lubinka,Poland,Lesser Poland Voivodeship,49.899442,20.888518
Champex-Lac,Switzerland,Valais,46.026090,7.104258
,Finland,Southern Ostrobothnia,62.769187,23.861986
グランスノー奥伊吹, Gransnow Okuibuki,Japan,Gifu Prefecture;Shiga Prefecture,35.518870,136.394439
,Finland,Southern Savonia,61.688310,27.130658
Bally Creek Ski Trails,United States,Minnesota,47.780697,-90.461960
Hapfere,Switzerland,Fribourg,46.733518,7.279764
,Austria,Vorarlberg,47.143232,9.926840
,Czechia,Moravian-Silesian,49.923943,17.379010
Ski Pista Bigëll – Dardhë,Albania,Korçë,40.518987,20.799030
,Norway,Nordland,65.579945,14.329818
Corner Mantera (角万寺スキー場),Japan,Niigata Prefecture,37.166313,138.728124
Ørskogfjell skisenter,Norway,Møre and Romsdal,62.536319,6.972676
Palenica,Poland;Slovakia,Lesser Poland Voivodeship;Presov,49.424894,20.480372
,Germany,Bavaria,47.876832,10.700446
Carezza,Italy,Bolzano/Bozen;Trento,46.425791,11.586298
,Sweden,Varmland,59.767453,12.708190
Guangming Grass Skiing,China,Guangdong,22.756262,113.957444
,Latvia,Ādaži,57.077777,24.433002
Apple Mountain,United States,Michigan,43.470117,-84.108552
Lagunillas,Chile,Metropolitana,-33.605040,-70.286622
Skigebiet Furtnerlifte Rohr im Gebirge,Austria,Lower Austria,47.905050,15.771597
,United States,Washington,46.003334,-121.900238
Alder Creek Divide,United States,California,41.564858,-122.015190
,Austria,Tyrol,46.914290,12.336088
Ski Mont Gabriel,Canada,Quebec,45.919529,-74.155783
Trosabacken,Sweden,Sodermanland,58.907670,17.536560
Сорочаны (Sorochany),Russia,Moscow Oblast,56.275842,37.562831
Terenten - Terento, Terenten, Terento,Italy,Bolzano/Bozen,46.833983,11.780340
Topsfield Ski Club,United States,Massachusetts,42.618149,-70.955052
,Sweden,Dalarna,60.864297,15.255308
,United States,Idaho,44.661574,-116.118515
Mickelbacken Gallo,Sweden,Jamtland,62.923519,15.227948
,Serbia,Zlatiborski upravni okrug,43.717100,19.710740
Campiglio Dolomiti di Brenta,Italy,Trento,46.235789,10.836589
,France,Haute-Savoie,45.712561,6.311726
Beckenhalde,Switzerland,Saint Gallen,47.413722,9.381337
,Finland,Lapland,68.424515,27.459012
Echo Summit,United States,California,38.811657,-120.033381
,Sweden,Norrbotten,66.046915,17.909737
,Sweden,Uppsala,59.865331,17.569642
,Russia,Smolensk,53.859305,32.650932
,Italy,Belluno,46.356209,11.877631
,Canada,Ontario,44.506276,-76.023450
Centre De Ski Bellevue,Canada,Quebec,45.899088,-74.250176
厚沢部町民スキー場（太鼓山スキー場）, Assabu Chomin (Taikoyama) Ski Area,Japan,Hokkaido Prefecture,41.922168,140.235576
,Finland,Kainuu;Northern Ostrobothnia,64.577748,26.482044
多蓝湖滑雪场,China,Inner Mongolia,40.694180,107.438607
,Sweden,Vasternorrland,62.368311,17.279627
,Norway,Vestland,61.603093,7.290674
Wolverine Ski Trails,Canada,British Columbia,55.147562,-121.009097
Chestnut Ridge,United States,West Virginia,39.680472,-79.784474
,Estonia,Viljandi,58.283369,25.652197
,Norway,Viken,60.118733,11.196895
Evolène,Switzerland,Valais,46.114997,7.456182
Whitetail Resort,United States,Pennsylvania,39.741550,-77.935560
Scanno,Italy,L'Aquila,41.885537,13.868530
长城岭滑雪场,China,Hebei,41.006581,115.453914
,Norway,Vestfold og Telemark,59.203734,9.995343
,Sweden,Jamtland,63.292419,14.501499
Skiabfahrt Nordhalben,Germany,Bavaria,50.375717,11.502843
,Norway,Nordland,68.228800,14.469773
,United States,Illinois,42.222640,-88.577699
James Park,United States,Illinois,42.023538,-87.705510
,Norway,Vestfold og Telemark,59.964421,8.782206
,Russia,Krasnoyarsk,56.254991,93.554661
Prospect Mountain,United States,Vermont,42.872978,-73.078752
Obermutten,Switzerland,Graubunden,46.671826,9.487873
タングラムスキーサーカス, Tangram Madarao Ski Circus,Japan,Nagano Prefecture,36.850902,138.267200
,Bosnia and Herzegovina,Republic of Srpska,43.943649,18.778007
,Russia,Moscow Oblast,56.152220,37.333077
,Norway,Viken,59.840228,10.655344
North Arm Skiing Trails,United States,Minnesota,47.989118,-91.992244
Teeple Hill,United States,Michigan,42.634203,-83.551476
Ski Baraque Michel,Belgium,Liège,50.503033,6.058035
,Sweden,Vastra Gotaland,58.416737,11.887772
,Germany,Bavaria,49.006050,11.076428
,Canada,Quebec,45.548168,-73.323011
Bukovytsia,Ukraine,Lviv,49.262319,23.448747
,Finland,North Karelen,63.519631,29.231479
Rosset Plateau (ロッセスポーツランド),Japan,Gifu Prefecture,36.239850,137.352913
Les Planards (Chamonix),France,Haute-Savoie,45.925544,6.882788
,Russia,Chuvash,56.171453,47.338644
Skilift Beuerberg,Germany,Bavaria,47.832373,11.397983
Zetocha,Czechia,Olomouc,50.196178,17.050449
,China,Shaanxi,36.654893,109.443501
Holmenkollen nasjonalanlegg, Holmenkollen National Ski Arena,Norway,Oslo,59.965121,10.671939
,Finland,Tavastia Proper,60.831547,23.603396
,Germany,Hesse,50.401439,8.570794
,Sweden,Kalmar,57.979787,16.312736
Skigebiet Gerlitzen Alpe,Austria,Carinthia,46.699500,13.913084
Nakkertok,Canada,Quebec,45.533559,-75.720649
Ski Center Brezovica,Kosovo;North Macedonia,Ferizaj;Jegunovce Municipality,42.179789,21.043023
,Russia,Tver,56.575647,34.992088
,Norway,Vestfold og Telemark,59.346134,9.798518
,United States,Vermont,44.493539,-72.808862
Tottis Vigla,Greece,West Macedonia,40.775273,21.257293
,Norway,Nordland,66.754293,13.832976
,China,Heilongjiang,45.340544,130.902263
,Norway,Trøndelag,63.312136,10.230162
,Russia,Perm,57.372002,56.216255
Canaan Valley Ski Resort,United States,West Virginia,39.003826,-79.435243
U Bambuchů,Czechia,Zlín,49.359216,18.297287
,Germany,Bavaria,49.014411,12.935258
Skiarena Hahnenbecke,Germany,North Rhine-Westphalia,51.113348,7.626308
Storefjell Resort,Norway,Viken,60.810125,8.971041
,Canada,Quebec,46.389720,-72.532828
,Norway,Nordland,68.403620,17.358261
Mijanès-Donezan,France,Ariège,42.723901,2.011802
Krinau,Switzerland,Saint Gallen,47.314394,9.049614
Katahdin Woods and Waters National Monument,United States,Maine,46.078848,-68.773769
,Norway,Vestfold og Telemark,59.270279,8.807547
Pila ski,Italy,Valle D'Aosta,45.672798,7.309150
Arpa,Chile,De Valparaiso,-32.654913,-70.476826
,United States,Connecticut,42.008336,-73.229600
Skilift am Rotterhang,Germany,Saxony,50.778724,13.683483
Fidjeland Skitrekk,Norway,Agder,58.962990,6.953996
,Finland,Kymenlaakso,61.104020,26.524653
,Russia,Moscow Oblast,56.026256,37.160370
,Latvia,Smiltenes,57.375560,25.949930
Aela (Maloja),Switzerland,Graubunden,46.397902,9.707111
,United States,Wyoming,43.523339,-110.847241
,Norway,Vestfold og Telemark,59.556546,8.838006
Birch,Canada,Manitoba,49.470690,-98.382525
,United States,Minnesota,47.612716,-91.064959
,United States,Maine,43.142250,-70.666550
Hara Takao (高尾原スキー場),Japan,Hiroshima Prefecture,35.010679,133.178057
,Germany,Bavaria,49.198093,10.395870
,Germany,Bavaria,49.557346,11.354176
弁景温泉オロフレスキー場, Orofure Ski Area,Japan,Hokkaido Prefecture,42.555672,140.983663
Centro de Ski Chapa Verde,Chile,Del Libertador B Ohiggins,-34.047741,-70.413602
Kincaid Park Cross Country Ski Trails,United States,Alaska,61.154107,-150.054896
,Latvia,Kokneses,56.719753,25.484988
,Switzerland,Lucerne,46.974884,8.105833
Cuyamaca Peak,United States,California,32.939147,-116.610071
竹林畔滑雪场,China,Shaanxi,34.009552,109.253387
,Czechia,Vysocina,49.520167,16.271023
Batorz,Poland,Lubelskie,50.852955,22.496352
,Finland,Kainuu,64.392624,27.068064
,Austria,Tyrol,47.014871,12.359365
Craftsbury Outdoor Center,United States,Vermont,44.683911,-72.357802
Valgehobusemäe suusa- ja puhkekeskus,Estonia,Harju;Jarva;Lääne-Viru,59.222026,25.563637
Val d'Or,Canada,Quebec,48.085447,-77.810111
Oberer Maxlraineralm,Germany,Bavaria,47.656383,11.914739
Golf & Ski Resort Ostravice,Czechia,Moravian-Silesian,49.550363,18.364009
Chill Factor e,United Kingdom,Trafford,53.468021,-2.361329
Kope,Slovenia,Carinthia,46.505423,15.212067
,Russia,Altai,51.955266,84.896882
Angel Fire Resort,United States,New Mexico,36.379060,-105.246301
,Norway,Troms og Finnmark,69.013590,18.986282
Lyngen Alpinklubb,Norway,Troms og Finnmark,69.577945,20.198339
Хвалынский (Hvalin),Russia,Saratov,52.526591,48.070482
Pasadena Ski and Nature Park,Canada,Newfoundland and Labrador,49.003258,-57.594003
,Estonia,Lääne-Viru,59.106000,26.221345
,Austria,Tyrol,47.049232,11.364213
,Germany,Bavaria,47.693808,10.929658
Palandöken Kayak Merkezi,Turkey,Erzurum,39.845033,41.285641
Myślęcinek,Poland,Kujawsko-pomorskie,53.169161,18.032759
Rosskopf,Italy,Bolzano/Bozen,46.903687,11.416909
,Canada,Alberta,54.288702,-110.799212
,Russia,Kamchatka,52.923353,158.386976
Kaltbrunn,Switzerland,Saint Gallen,47.193555,9.105922
ニュー・グリーンピア, New Greenpia Tsunan,Japan,Niigata Prefecture,36.954485,138.688070
,Norway,Trøndelag,64.881399,13.497066
Val-Louron,France,Hautes-Pyrénées,42.784754,0.383833
San Vigilio,Italy,Bolzano/Bozen,46.633075,11.105966
,Estonia,Lääne-Viru,59.342875,26.124803
,Norway,Innlandet,60.382421,10.476358
磐安滑雪场,China,Zhejiang,28.936234,120.647480
Kelchsau,Austria,Tyrol,47.385136,12.135240
,Sweden,Vastmanland,59.842724,16.497152
Kanjoji (閑乗寺スキー場),Japan,Toyama Prefecture,36.560629,136.986188
パラダ, Saku Ski Garden Parada,Japan,Nagano Prefecture,36.287333,138.513636
,Germany,Lower Saxony,51.828062,10.263055
Mesa Creek,United States,Colorado,39.065355,-108.106447
,Finland,Ostrobothnia,63.065482,21.944445
Kisokoma Kogen Shinwa,Japan,Nagano Prefecture,35.829126,137.775310
安蔵公園スキー場, Azo Koen Ski Area,Japan,Tottori Prefecture,35.404555,134.064854
Orcières Merlette,France,Hautes-Alpes,44.712248,6.324672
Lemonsjo Alpinsenter,Norway,Innlandet,61.755096,9.070304
Starhill Resort,South Korea,Kyeongki-Do,37.662442,127.270406
,Austria,Tyrol,47.093811,10.613381
České Petrovice,Czechia,Pardubice,50.119618,16.603106
Leukerbad - Gemmipass,Switzerland,Valais,46.400940,7.609460
Lyžiarske a rekreačné stredisko Veľké Ostré,Slovakia,Zilina,49.274883,18.814168
Governor Nelson State Park,United States,Wisconsin,43.132766,-89.437598
Whispering Pines,Canada,Alberta,56.602850,-119.398630
,Finland,Uusimaa,60.164806,24.530078
,Sweden,Stockholm,59.524770,17.876628
Eichholzkopf,Germany,Hesse,50.851289,8.291634
Todtnauberg,Germany,Baden-Württemberg,47.856179,7.952207
,Switzerland,Neuchatel,46.865750,6.499540
,Russia,Moscow Oblast,56.075199,37.847425
,Russia,Chelyabinsk,55.119010,59.683106
,Latvia,Ozolnieku,56.696180,23.784333
Olympus - Vryssopoules,Greece,Thessaly,40.041782,22.341108
,Russia,Moscow Oblast,56.047982,37.794181
Partecznik,Poland,Silesian Voivodeship,49.654325,18.871096
La Parva,Chile,Metropolitana,-33.328489,-70.272454
牡丹峰滑雪场,China,Heilongjiang,44.461046,129.744652
Dry Hill Ski Area,United States,New York,43.929749,-75.901891
Mt Mancelona,United States,Michigan,44.905868,-85.040470
Les Cernets,France;Switzerland,Bern;Doubs;Neuchatel,46.943573,6.513815
Dajingshan,China,Jiangsu,34.436615,117.531327
Owl's Head,Canada,Quebec,45.071748,-72.295371
Blewett (Morning Mountain),Canada,British Columbia,49.488374,-117.361728
Bowes Ski Hill,United States,Colorado,40.501737,-106.824028
Kingston Hills,Canada,Ontario,44.444949,-76.579964
,Russia,Khanty-Mansi,62.552531,65.662466
Mellau,Austria,Vorarlberg,47.334202,9.886153
Aburasaka Ski Park (油坂スキーパーク),Japan,Gifu Prefecture,35.873068,136.834159
,Czechia,Olomouc,50.015421,17.079081
Virgen,Austria,Tyrol,46.997091,12.445044
Spidahl Ski Gaard,United States,Minnesota,46.422949,-95.938149
Henryk Ski,Poland,Lesser Poland Voivodeship,49.421195,20.948969
Skiareál Ještěd, Jeschken,Czechia,Liberec,50.727127,14.998757
Hallis Lake Ski Trails,Canada,British Columbia,52.937370,-122.346782
,Belarus,Mahilyowskaya Voblasts',53.148147,29.169822
岩原スキー場, Iwappara,Japan,Niigata Prefecture,36.944425,138.841347
Orawka,Poland,Lesser Poland Voivodeship,49.516151,19.730646
Capracotta,Italy,Isernia,41.819020,14.256237
Atlantic Forests,United States,Massachusetts,42.868384,-70.933142
赛里木湖滑雪场,China,Xinjiang Uyghur,44.568052,81.432211
,Finland,Southwest Finland,60.512165,22.380212
Kavečany,Slovakia,Kosice,48.779496,21.187820
,Finland,Northern Ostrobothnia,66.150515,28.853188
Hochkar,Austria,Lower Austria,47.717393,14.919928
Rossfeld,Austria;Germany,Bavaria;Salzburg,47.635656,13.093816
,Canada,Ontario,44.480903,-80.317072
,Norway,Viken,59.267195,10.969398
,Finland,Uusimaa,60.355876,25.097630
フェアリーランドかねやまスキー場, Fairy Land Kaneyama Ski Area,Japan,Fukushima Prefecture,37.444009,139.542176
,Russia,Nizhny Novgorod,56.251567,44.028181
,Czechia,Vysocina,49.642167,15.305779
Mt. Shasta Nordic,United States,California,41.308388,-122.218039
,Norway,Nordland,68.205116,14.368731
,United States,Oregon,42.407950,-122.254963
Copper Creek Mountain,Canada,Newfoundland and Labrador,49.921780,-56.211322
,Russia,Tatarstan,55.457632,52.071050
La Rosière,France;Italy,Savoie;Valle D'Aosta,45.639032,6.851254
,Latvia,Talsu,57.216747,22.640175
,United States,Utah,40.487594,-111.652744
,Finland,Uusimaa,60.371010,24.967053
Ski Area San Pellegrino - Falcade,Italy,Belluno;Trento,46.358321,11.817083
Sonnberglifte Wald am Schoberpass,Austria,Styria,47.458775,14.671509
о́зеро Байка́л (Lake Baikal),Russia,Buryat,52.568097,108.279531
,France,Hautes-Alpes,45.014456,6.626885
,Finland,Northern Ostrobothnia,64.905201,25.776207
Edelweiss Ski Area/ Strawberry Ski Hut,United States,California,38.802580,-120.118510
Jeizinen,Switzerland,Valais,46.335829,7.725617
,Germany,Baden-Württemberg,48.663195,8.520904
,Czechia,Hradec Králové,50.667785,15.693625
,Russia,Chuvash,55.521184,47.599733
,Finland,Paijanne Tavastia,60.916994,25.246297
XueLianShan,China,Xinjiang Uyghur,43.855160,87.692578
,Canada,Quebec,45.946978,-74.092305
Winterplace Ski Resort,United States,West Virginia,37.595146,-81.118394
Col de Porte,France,Isère,45.292474,5.768497
Tornimäen laskettelukeskus,Finland,Southern Savonia,61.666730,27.339760
,United States,Alaska,60.459820,-151.107978
,United States,Minnesota,44.892613,-93.165219
,United States,New Hampshire,42.962340,-71.545934
,Germany,Baden-Württemberg,48.013518,8.890904
,Norway,Agder,58.622998,7.408239
Josefův Důl,Czechia,Liberec,50.771719,15.238846
,Sweden,Gavleborg,61.726335,17.171026
,Finland,Kymenlaakso,60.589281,26.885342
,Austria,Salzburg;Tyrol,47.483038,12.611044
,Slovakia,Kosice,48.722713,21.535276
Brévent/Flégère (Chamonix),France,Haute-Savoie,45.949519,6.870173
,Russia,Tatarstan,55.862916,48.578964
,Canada,Quebec,48.237759,-79.051482
Gislifluh,Switzerland,Aargau,47.425462,8.099248
Saukkovaaran laskettelukeskus,Finland,Kainuu,64.493415,28.243590
,Canada,Saskatchewan,52.945931,-106.063972
Rotarun Ski Area,United States,Idaho,43.494920,-114.365525
Pukkivuori,Finland,Pirkanmaa,62.234221,23.763738
Schwemmalm,Italy,Bolzano/Bozen,46.537317,10.926548
Belleayre Mountain Ski Center,United States,New York,42.128219,-74.488524
,Norway,Innlandet,61.289575,8.812973
,Norway,Jamtland;Trøndelag,62.663889,11.868970
,Canada,Saskatchewan,52.134007,-106.652245
Ålåsens Skidbacke,Sweden,Jamtland,63.867599,14.605828
Gander Winter Park,Canada,Newfoundland and Labrador,48.947872,-54.620934
Tamarack Resort,United States,Idaho,44.682237,-116.142147
川場スキー場, Kawaba Ski Resort, Kawaba sukī-ba,Japan,Gunma Prefecture,36.779333,139.119564
Galsterberg,Austria,Styria,47.390871,13.866107
,Finland,Kainuu,64.730108,28.218101
Gambarie,Italy,Reggio Di Calabria,38.162417,15.852048
Chatham Ski & Snowboard Centre,United Kingdom,Medway,51.355327,0.559139
,Russia,Altai,51.943419,84.893493
Old Smokey Hill Ski Park,United States,Minnesota,46.268935,-96.083522
Korkki Nordic Ski Center,United States,Minnesota,46.975084,-91.872069
Kallin,Finland,Lapland,65.820661,24.527210
Malleray - Les Orvalles,Switzerland,Bern,47.228562,7.270253
,Sweden,Vasterbotten County,63.840549,20.208692
Chyrowa,Poland,Podkarpackie,49.533032,21.614425
Shenzen (深川スキー場),Japan,Hokkaido Prefecture,43.680317,142.103668
,Norway,Vestfold og Telemark,59.658763,8.494740
,Sweden,Gavleborg,61.670772,15.001595
La Tuque,Canada,Quebec,47.432953,-72.772293
,Germany,Saxony,50.702769,12.862195
Las Leñas,Argentina,Mendoza,-35.136988,-70.102787
,Finland,Central Finland,62.233367,25.409321
Master-Ski,Poland,Lesser Poland Voivodeship,49.390291,21.026347
Donner Ski Ranch,United States,California,39.320941,-120.334741
,Czechia,Hradec Králové,50.629529,15.634435
Kanozawa (鹿野沢スキー場),Japan,Gunma Prefecture,36.781644,138.976626
Raise,United Kingdom,Westmorland and Furness,54.551993,-3.013719
Khor,Iran,Alborz,35.914241,51.160964
Špindlerův Mlýn - Labská,Czechia,Hradec Králové,50.719101,15.576388
金山岭滑雪场,China,Hebei,40.789211,117.495763
,Slovakia,Zilina,49.121418,19.878760
Arroyo Partido Parque de Nieve,Argentina,Neuquen,-40.241876,-71.371891
Peyragudes,France,Haute-Garonne;Hautes-Pyrénées,42.780230,0.456036
,Slovakia,Presov,48.950224,22.177979
Lakeridge,United States,Connecticut,41.873891,-73.100774
Ski Garceau,Canada,Quebec,46.338994,-74.214083
,Italy,Bergamo,46.030597,9.996031
Mosty u Jablunkova,Czechia,Moravian-Silesian,49.525574,18.759945
,United States,Pennsylvania,41.794865,-78.480176
,Austria;Germany,Bavaria;Tyrol,47.674112,12.444025
Saas Grund,Switzerland,Valais,46.138497,7.965783
,Germany,Bavaria,50.178238,12.020443
Renčišov – Búče,Slovakia,Presov,49.077903,20.948163
,France,Doubs,47.077438,6.362750
Sommartel / Le Locle,Switzerland,Neuchatel,47.030437,6.748076
,United States,Colorado,39.316066,-106.939800
Plateau des Glières,France,Haute-Savoie,45.959021,6.338982
Снежинка,Russia,Perm,57.432745,56.871560
Skiareál Novako,Czechia,Karlovy Vary,50.412466,12.924602
Skiarea San Domenico,Italy,Verbano-Cusio-Ossola,46.260342,8.207584
,Czechia,Liberec,50.740344,15.290611
,United States,Wyoming,43.719310,-110.010220
,Sweden,Gavleborg,60.628823,17.011418
Les Marecottes,Switzerland,Valais,46.117931,6.996463
Campulung Moldovenesc,Romania,Suceava,47.525779,25.548406
Super Saxel,France,Haute-Savoie,46.247037,6.408716
Area Sciisitica Febbio - Rescadore,Italy,Reggio Nell'Emilia,44.291589,10.418685
,Norway,Innlandet,60.947547,10.602051
,France,Doubs,47.032678,6.385987
,Norway,Viken,60.142490,9.652447
,Norway,Møre and Romsdal,62.495414,7.579094
Sarıkamış,Turkey,Kars,40.338100,42.573000
,Latvia,Kekavas,56.821024,24.219479
Oshu City Koeji (奥州市営越路スキー場),Japan,Iwate Prefecture,39.154443,141.360091
,United States,New York,41.287169,-74.048106
Windham College,United States,Vermont,42.976086,-72.511413
,Austria,Styria,47.639605,15.639581
Туманная (Tumannaya),Russia,Kemerovo,52.756532,87.934845
Station de ski Bleymard Mont Lozère,France,Lozère,44.446431,3.747108
Xscape Castleford,United Kingdom,Wakefield,53.710352,-1.342374
Cottage Springs,United States,California,38.354134,-120.212156
,Austria,Salzburg,47.174792,13.711118
,Russia,Moscow Oblast,55.450207,37.465872
,Norway,Vestfold og Telemark,59.181053,10.017002
,United States,Washington,46.648566,-121.380587
Skipark Filipovice,Czechia,Olomouc,50.154975,17.166542
,Russia,Komi,63.540385,53.674366
,Finland,Northern Ostrobothnia,65.027118,25.519300
Ontake 2240 (長野県のスキー場),Japan,Nagano Prefecture,35.867700,137.518487
Gołębiewski,Poland,Warmian-Masurian Voivodeship,53.812435,21.560143
AK Bulak,Kazakhstan,Almaty,43.269929,77.366169
Skigebiet Hochhäderich,Austria,Vorarlberg,47.485290,9.987773
Campocatino,Italy,Frosinone,41.834891,13.339265
Passo Godi di Scanno,Italy,L'Aquila,41.835462,13.926021
,Canada,Alberta,52.680100,-117.946113
,United States,Idaho,43.675034,-111.237841
,Germany,Bavaria,49.515582,12.030968
,Italy,Bologna,44.121813,10.816267
Eagle Mountain,United States,New York,42.874046,-74.081669
,Norway,Trøndelag,64.055732,11.400669
,Germany,Baden-Württemberg,48.607794,10.002576
,Italy,Valle D'Aosta,45.762026,7.715236
Leukerbad (Torrent),Switzerland,Valais,46.371762,7.641447
吉华长寿山滑雪场,China,Heilongjiang,45.616662,127.246468
,Ukraine,Odessa,47.165968,30.918696
Quebrada Honda Ski & Snow,Chile,De La Araucania,-38.439434,-71.406309
Le Collet d'Allevard,France,Isère,45.393442,6.128337
Rudnik Tršće,Croatia,Primorsko-goranska,45.568235,14.615744
,Canada,Newfoundland and Labrador,48.946318,-55.607259
Lyžařský areál Metlák,Czechia,Liberec,50.699435,15.391268
Ghisoni,France,Haute-Corse,42.077833,9.146810
,Finland,Pirkanmaa,61.313618,22.936161
,Norway,Trøndelag,62.989069,10.730402
Bayley-Hazen Road Ski Trails,United States,Vermont,44.535277,-72.289012
Lyžařský vlek Kubiška,Czechia;Slovakia,Moravian-Silesian;Trenciansky kraj;Zilina;Zlín,49.413481,18.325990
Cheggio,Italy,Verbano-Cusio-Ossola,46.086113,8.119503
,Russia,Moscow City,55.765978,37.807350
,Italy,Bolzano/Bozen;Sondrio,46.528973,10.447726
Hogadon Basin Ski Area,United States,Wyoming,42.747113,-106.341051
,Canada,Yukon,64.049978,-139.392850
,Norway,Vestfold og Telemark,59.262395,9.716603
Mullsjö Alpin,Sweden,Jonkoping,57.868135,13.761745
,Canada,Saskatchewan,49.849798,-102.366619
Jackson Creek Summit,United States,Michigan,46.504009,-89.971882
Dagmar,Canada,Ontario,44.010533,-79.058560
,Germany,Bavaria,47.502195,10.164752
Mijoux - La Faucille,France,Ain,46.363009,6.009837
Arizona Nordic Village,United States,Arizona,35.367071,-111.790304
Super Besse,France,Puy-de-Dôme,45.515082,2.843320
あららぎスキー場, Araragi Ski Area,Japan,Nagano Prefecture,35.402780,137.671656
Site nordique de La Praille,France,Ain,45.995893,5.633615
,Germany,Bavaria,47.594645,11.427368
Горка (Gorka),Russia,Lipetsk,52.567081,39.550820
Lookout Mountain,United States,Minnesota,47.573775,-92.533722
,Sweden,Dalarna,60.754321,15.449773
,Germany,Baden-Württemberg,47.660296,7.983001
,Switzerland,Bern,47.278115,7.631786
,Finland,Northern Ostrobothnia,64.383338,25.015733
Pian Benot,Italy,Turin,45.221442,7.231339
,Norway,Agder,58.495080,8.393229
,Austria,Carinthia,46.571953,13.615113
Centro Fondo Marguareis,Italy,Cuneo,44.255996,7.666153
Mica Creek,Canada,British Columbia,52.008687,-118.564597
,Russia,Krasnoyarsk,56.117905,93.445048
,Russia,Moscow Oblast,55.821942,38.511847
,Italy,Cuneo,44.234269,7.410993
Muggenbrunn,Germany,Baden-Württemberg,47.863954,7.912659
Cimarron Mountain Club,United States,Colorado,38.297784,-107.618980
,Germany,Bavaria,47.727817,12.451491
,Finland,Tavastia Proper,60.732521,23.608512
,Germany,Baden-Württemberg,47.951538,8.234951
,Norway,Trøndelag,63.213521,9.691435
Hochlecken,Austria,Upper Austria,47.841204,13.618621
,Canada,Quebec,45.578538,-74.385177
,Sweden,Dalarna,60.893577,15.083622
,France,Hautes-Alpes,45.034234,6.396501
,Estonia,Harju,59.513687,24.895175
,Finland,Northern Savonia,63.556943,27.243201
,United States,West Virginia,39.100520,-79.528281
Asessippi Ski Area and Resort,Canada,Manitoba,50.951308,-101.338217
,Canada,Alberta,52.766852,-117.989490
,Switzerland,Bern,46.808915,7.914616
Yokotsudake (横津岳),Japan,Hokkaido Prefecture,41.916733,140.766716
,Russia,Sakhalin,47.040311,142.056585
,Germany,Lower Saxony,51.794183,10.450098
Ośrodek Narciarski Nowa Osada,Poland,Silesian Voivodeship,49.639376,18.893432
,Estonia,Harju,59.350845,24.914577
Skidbacke Karlbergsskogen,Sweden,Vastmanland,59.508156,16.020041
Glen Lake Winter Trailhead,United States,Minnesota,44.895768,-93.464956
,Slovakia,Kosice;Presov,48.829361,21.526326
久万スキーランド, Kuma Ski Land,Japan,Ehime Prefecture,33.719766,132.877052
Holimont,United States,New York,42.270567,-78.686853
,Russia,Moscow Oblast,56.068432,37.516669
,Sweden,Vasterbotten County,64.906449,19.498865
,Russia,Moscow Oblast,55.631216,37.877139
WoodWind Park,United States,Wisconsin,45.063603,-91.802584
,Norway,Agder,58.623456,8.937376
,Sweden,Dalarna,60.579622,15.626192
Amalka,Poland,Pomorskie,54.273175,17.811492
Big Ojibway Mountain/Fond Du Lac Ojibway Bowl,United States,Minnesota,46.666715,-92.275848
裏磐梯スキー場, Urabandai Ski Resort,Japan,Fukushima Prefecture,37.628792,140.069187
八幡平リゾート, Hachimantai Resort Shimokura Ski area,Japan,Iwate Prefecture,39.897713,140.945604
南召猿人山滑雪场,China,Henan,33.694416,112.294565
Soma Romantopia (そうまロマントピアスキー場),Japan,Aomori Prefecture,40.575677,140.390076
,Finland,Southern Ostrobothnia,62.550252,24.045728
Garuru Takayanagi (高柳ガルルのスキー場),Japan,Niigata Prefecture,37.220498,138.637409
Grünberglift Navis,Austria,Tyrol,47.138119,11.547539
Whistler Cross Country Connection,Canada,British Columbia,50.119973,-122.947955
靖安国际滑雪场,China,Jiangxi,28.852962,114.910621
Maloja,Switzerland,Graubunden,46.396888,9.706414
,Sweden,Vasternorrland,62.316802,17.211708
Kaunertal,Austria,Tyrol,47.033333,10.750000
,Canada,Newfoundland and Labrador,53.445619,-60.387841
,Germany,Saxony,50.430210,12.586787
Lively Ski Hill,Canada,Ontario,46.431675,-81.142960
Nagy hideg hegy,Hungary,Pest,47.937410,18.922490
Dachsteiner Gletscher,Austria,Styria;Upper Austria,47.472630,13.626681
Boyce Park Ski Area,United States,Pennsylvania,40.459865,-79.748785
,Norway,Trøndelag,62.952610,10.720129
ROC,Canada,Ontario,44.289201,-79.434679
,Germany,Rhineland-Palatinate,50.178159,6.841914
Wiederhofen Loipen,Germany,Bavaria,47.587063,10.115747
,Austria,Upper Austria,47.780124,13.961088
,Germany,Baden-Württemberg,48.903521,9.632456
Mount Bean,Canada,Newfoundland and Labrador,54.760433,-66.815726
,Norway,Viken,59.170346,11.422629
Willow Park Nordic Ski Trails,United States,Wyoming,44.190269,-107.232181
Mt. LeBett,United States,Wisconsin,45.058941,-88.145928
Wurbauerkogel,Austria,Upper Austria,47.723560,14.330201
,Russia,Moscow Oblast,56.192310,37.878355
,Sweden,Gavleborg,60.549791,16.229367
铭湖滑雪场,China,Liaoning,39.499080,121.798785
,Germany,North Rhine-Westphalia,50.895701,8.207141
Romme,France,Haute-Savoie,46.028291,6.578702
Alpine Mountain,United States,Pennsylvania,41.113503,-75.225792
Kupres, Stožer, Ski kraljica,Bosnia and Herzegovina,West Bosnia,43.991437,17.311794
ニポタウン, Nipo Town,Japan,Hokkaido Prefecture,43.063766,142.630015
,Sweden,Vasternorrland,62.300556,17.369921
Драгобрат, Drahobrat,Ukraine,Zakarpattia,48.247106,24.242031
,Germany,Baden-Württemberg,47.682157,8.021266
P.O.M.A. Malenovice,Czechia,Moravian-Silesian,49.562964,18.421429
,Austria,Lower Austria,47.826380,15.478914
,Germany,Saxony,50.656584,13.410976
,Netherlands,South Holland,52.037588,4.240157
Luoteis-Himos,Finland,Central Finland,61.887849,25.322639
Zugerberg,Switzerland,Zug,47.121199,8.540090
Thredbo Resort,Australia,New South Wales,-36.495649,148.299322
Les 7 Laux,France,Isère,45.259166,6.021932
,Russia,Chelyabinsk,55.093611,59.712248
,Germany,Bavaria,47.627344,12.865291
,Russia,Mari El;Tatarstan,55.854923,48.405090
,Canada,Ontario,44.773824,-76.238169
Lokve,Montenegro,Berane,42.830400,20.020236
,Estonia,Harju,59.518039,24.841589
,Norway,Nordland,68.537279,17.054632
沼尻スキー場, Numajiri Ski,Japan,Fukushima Prefecture,37.623643,140.235994
,Czechia,Ústecký,50.421672,13.098263
,Finland,Tavastia Proper,60.888906,24.300239
,Norway,Møre and Romsdal,62.136939,7.187569
,Finland,Central Finland,62.416481,24.796523
,Italy,Trento,46.017172,11.043225
Auron Saint-Etienne-de-Tinée,France,Alpes-Maritimes,44.227304,6.931257
,Russia,Moscow Oblast,56.111912,37.354013
Zermatt - Breuil-Cervinia, Breuil-Cervinia Ski Paradise,Italy;Switzerland,Valais;Valle D'Aosta,45.960400,7.702745
,Norway,Vestland,61.198125,6.816023
,Germany,Baden-Württemberg,47.971377,8.135861
Lakeview,United States,Montana,44.589274,-111.812496
Le Petit Bornand les Glières,France,Haute-Savoie,45.993936,6.412859
Бирюзовая Катунь (Biryuzovaya Katun),Russia,Altai,51.798985,85.721143
Лыжный комплекс Раисы Сметаниной,Russia,Komi,61.615588,50.711462
牧の入高原スノーパーク, Makinoiri Kogen Snow Park, Makinoiri kōgen sunō pāku,Japan,Nagano Prefecture,36.814512,138.397518
Mistahiya,Canada,Alberta,53.044670,-110.733948
Sarukedake Kamo (加茂猿毛岳スキー場),Japan,Niigata Prefecture,37.647045,139.102314
,Finland,Northern Ostrobothnia,64.172487,25.444430
Wonder Valley Sado (ワンダーバレーさどｽｷｰ場),Japan,Niigata Prefecture,38.067935,138.378239
Puyvalador,France,Pyrénées-Orientales,42.655943,2.060594
Otis Ridge,United States,Massachusetts,42.195460,-73.101311
,United States,Colorado,37.811858,-107.897369
Centrum Szkoleń Narciarskich NOSAL,Poland,Lesser Poland Voivodeship,49.280763,19.986842
,Romania,Neamt,46.995323,25.924786
Śnieżynka,Poland,dolnoslaskie,50.440992,16.346797
Wild Chutes Snow Tubing,United States,Minnesota,45.482816,-92.703012
Festonia,Italy,Cuneo,44.303750,7.321594
欢乐雪世界滑雪场,China,Liaoning,38.938513,121.518454
,Switzerland,Valais,46.429598,7.846863
,Sweden,Dalarna,62.052102,12.390920
Centre de ski Mont Béchervaise,Canada,Quebec,48.837811,-64.544801
,Russia,Chelyabinsk,55.257058,59.711335
Mt Maria,United States,Michigan,44.757065,-83.549008
,Czechia,Liberec,50.712286,15.532700
,United States,Vermont,44.811836,-72.469404
Mount Greylock Ski Club,United States,Massachusetts,42.633025,-73.213521
,Finland,Uusimaa,60.224047,25.047907
,Austria;Czechia;Germany,Bavaria;Plzeň;South Bohemian;Upper Austria,48.912675,13.689976
Ajigasawa Otakayama (鯵ヶ沢大高山スキー場),Japan,Aomori Prefecture,40.756287,140.201139
,Austria,Salzburg,47.142325,12.975702
Sunburst Ski Area,United States,Wisconsin,43.496901,-88.224092
猿払村役場 猿払村営スキー場, Sarufutsu Sonei Ski Area,Japan,Hokkaido Prefecture,45.335702,142.105077
,Germany,Bavaria,49.996086,11.979553
Skigebiet Aflenzer Bürgeralm,Austria,Styria,47.563265,15.231407
,Czechia,Hradec Králové,50.606466,15.836632
,Italy,Udine,46.428592,12.557335
千山滑雪场,China,Liaoning,41.058229,123.116166
Snowkite Markstein,France,Haut-Rhin,47.936328,7.021666
Mount Martin Ski Club,Canada,Ontario,46.115491,-77.508373
芸北国際スキー場, Geihoku Kokusai,Japan,Hiroshima Prefecture,34.707975,132.227060
,Germany,Baden-Württemberg,48.399072,9.491585
,Norway,Troms og Finnmark,69.509243,17.611957
,China,Qinghai,36.778908,101.770018
,Switzerland,Bern,46.758040,7.694683
,Poland,Lesser Poland Voivodeship,49.299586,19.963931
富龙滑雪场,China,Hebei,40.970017,115.302959
Skigebiet Fellhorn/Kanzelwand,Austria;Germany,Bavaria;Vorarlberg,47.346720,10.218702
,United States,Michigan,46.753432,-88.934326
,Germany,Baden-Württemberg,48.042840,8.300760
Raubichi,Belarus,Minsk,54.061859,27.738071
Salzstiegl,Austria,Styria,47.061460,14.873558
Pârtiile Roata,Romania,Maramureş County,47.659357,23.890406
帽儿山滑雪场,China,Heilongjiang,45.249871,127.443378
Apple Hill (アップルヒルスキー場),Japan,Aomori Prefecture,40.720988,140.577909
,Norway,Viken,59.711198,9.518951
,Russia,Moscow Oblast,55.922312,36.829407
,Norway,Møre and Romsdal,62.502847,7.432458
Val Formazza,Italy,Verbano-Cusio-Ossola,46.374724,8.417364
,Sweden,Jamtland,62.917801,14.235420
,Russia,Bashkortostan,52.746158,55.804834
,Russia,Samara,53.384609,50.202649
,Sweden,Vastra Gotaland,58.292655,12.263269
,Austria,Carinthia;Styria,46.915052,15.022716
,Finland,Ostrobothnia,62.969058,22.367760
,Germany,Bavaria,49.199425,10.796181
,Czechia,Moravian-Silesian,49.555032,18.836164
Cauterets Cirque du Lys,France,Hautes-Pyrénées,42.882629,-0.163482
,Germany,Rhineland-Palatinate,49.270501,7.774302
,Switzerland,Zug,47.182099,8.592164
,Norway,Vestfold og Telemark,59.086415,9.422137
,Romania,Bistrita-Nasaud,47.472528,24.898787
Telegraf,Poland,Świętokrzyskie Voivodship,50.841899,20.641609
Blue Marsh,United States,Pennsylvania,40.423968,-76.114075
La Chapelle d'Abondance,France;Switzerland,Haute-Savoie;Valais,46.291717,6.798798
Crested Butte Mountain Resort,United States,Colorado,38.899391,-106.949806
,Germany,Saxony,50.785223,13.278553
,Norway,Møre and Romsdal,62.531538,6.955904
,Russia,Moscow Oblast,55.805073,38.925565
Iceman Falls,United States,Alaska,64.649999,-146.978574
,Finland,Southern Savonia,61.804223,27.306075
,Norway,Trøndelag,62.732156,9.499855
Madeline Bertrand County Park,United States,Michigan,41.764918,-86.269090
Le Grand-Bornand,France,Haute-Savoie,45.964440,6.471261
,Iceland,Capital Region,64.120568,-21.833894
Mount Jeans (マウントジーンズスキーリゾート那須),Japan,Tochigi Prefecture,37.129290,140.011093
Locust Lake Village Ski Hill,United States,Pennsylvania,41.142215,-75.560051
,Norway,Viken,59.912000,10.499414
Witów,Poland,Lesser Poland Voivodeship,49.321290,19.823885
,Germany,Baden-Württemberg,49.049520,9.518692
Spruce Mountain,United States,New Hampshire,44.155115,-71.186428
Marlboro Nordic Ski Club,United States,Vermont,42.844889,-72.723367
Highlands Mountain,United States,New Hampshire,43.405297,-71.553268
藤里町営スキー場, Fujisato Choei Ski Area,Japan,Akita Prefecture,40.322572,140.291782
Boston Hills,United States,Massachusetts,42.646081,-71.093388
,Norway,Viken,60.515663,8.484373
,United States,Michigan,46.599680,-89.584463
Jurasówka,Poland,Lesser Poland Voivodeship,49.871553,20.898498
Stafdalur,Iceland,Austurland,65.239241,-14.112625
,Canada,Quebec,45.975053,-74.087663
,Norway,Innlandet,60.684397,10.239785
,Ukraine,Zakarpattia,48.673458,23.316274
Atzenberger Höhe,Germany,Baden-Württemberg,47.984033,9.614994
Silichy,Belarus,Minskaya Voblasts',54.158167,27.835501
Soldier Hollow,United States,Utah,40.478539,-111.499400
Caviahue,Argentina,Neuquen,-37.876479,-71.073303
Bull Mountain Ski Trail Recreation Site,Canada,British Columbia,52.237891,-122.137544
文成月老山滑雪场,China,Zhejiang,27.884950,119.841935
,Germany,Thuringia,50.810835,10.408430
Solang Valley,India,Himachal Pradesh,32.313910,77.155123
,Sweden,Dalarna,60.693006,15.935194
Schöneben - Belpiano, Schöneben,Italy,Bolzano/Bozen,46.795385,10.497805
,Germany,Lower Saxony,51.660284,10.660696
,Russia,Perm,57.935542,56.429694
Ski&Bike Špičák,Czechia,Plzeň,49.167446,13.215921
Calumet,United States,Wisconsin,44.113996,-88.321731
,Estonia,Rapla,58.913668,25.033344
グリーンピア大沼, Greenpia Onuma,Japan,Hokkaido Prefecture,42.007061,140.597545
Zwardoń - Centrum,Poland;Slovakia,Silesian Voivodeship;Zilina,49.502420,18.978427
Estació d'esquí de Port-Ainé,Spain,Lleida,42.419216,1.212205
,Canada,Alberta,53.662054,-113.588685
,United States,Michigan,47.240499,-88.480580
,Italy,Isernia,41.857665,14.281666
,Finland,Uusimaa,60.278637,24.523295
Tyin-Filefjell,Norway,Innlandet,61.188506,8.232767
,United States,Minnesota,44.878633,-93.293346
Golden Golf Course,Canada,British Columbia,51.332730,-117.007399
,Serbia,Pcinja,42.664785,22.333784
,North Korea,Yanggang-do,41.835509,128.447811
Nitehawk,Canada,Alberta,55.058358,-118.860246
,Sweden,Stockholm,59.287711,18.454040
Sarn Heinzenberg,Switzerland,Graubunden,46.725333,9.385198
Arctic Park,Greenland,Kommuneqarfik Sermersooq,64.184819,-51.607418
Ski Kvasejovice,Czechia,Central Bohemian,49.568409,14.479887
,Russia,Bashkortostan,55.455224,56.522978
エーデルワイススキーリゾート, Edelweiss Ski Resort,Japan,Tochigi Prefecture,36.918630,139.752902
Happylift – Semmering,Austria,Styria,47.633718,15.827686
Sarves Alta,Norway,Troms og Finnmark,70.039576,23.537956
Sípark Mátraszentistván,Hungary,Heves,47.924280,19.861500
Qiaobo Ice Dome (Indoor),China,Beijing,40.197876,116.655575
Kinsmen,Canada,Saskatchewan,53.222430,-105.716488
,Finland,Kymenlaakso,61.177735,26.854121
,Germany,Lower Saxony,51.866604,10.324918
Stok Relaks,Poland,dolnoslaskie,50.768948,15.764117
,Norway,Innlandet,60.805862,10.798285
,United States,Pennsylvania,41.205392,-75.629294
首钢滑雪大跳台, Big Air Shougang, Биг-эйр Шоген, 首鋼滑雪大跳台,China,Beijing,39.910630,116.145465
Hunt Hollow Ski Club,United States,New York,42.642551,-77.481835
Mount Sunapee,United States,New Hampshire,43.330834,-72.075288
Centennial Park,Canada,Ontario,43.656043,-79.589081
Ventron,France,Vosges,47.923591,6.855589
Ontake Ropeway (御岳ロープウェ),Japan,Nagano Prefecture,35.900147,137.519507
,Slovakia,Zilina,49.233493,19.278476
Grizzly Ridge,United States,Utah,40.751508,-109.487454
Kamview Nordic Centre,Canada,Ontario,48.347890,-89.344871
Fröhnd,Germany,Baden-Württemberg,47.765709,7.863913
Northern Warfare Training Center,United States,Alaska,63.515041,-145.849686
Dorogawa (スノーパーク洞川),Japan,Nara Prefecture,34.287111,135.900356
WinMan Trails,United States,Wisconsin,46.186760,-89.865787
延安国际滑雪场, Yan'an International Ski Area,China,Shaanxi,36.623901,109.478096
Heimenschwand,Switzerland,Bern,46.827986,7.678937
Palisades Tahoe Olympic Valley,United States,California,39.193416,-120.245402
,Canada,Quebec,45.940900,-74.289381
函館七飯スノーパーク, Hakodate Nanae Snowpark,Japan,Hokkaido Prefecture,41.973675,140.757149
,Norway,Nordland,65.841071,13.436312
Lake Bluff Golf Club,United States,Illinois,42.284655,-87.863736
,Norway,Vestfold og Telemark,59.299082,10.410672
Hiawatha Hills,United States,Wisconsin,44.276644,-91.875383
Le Haut-du-Tôt,France,Vosges,48.044062,6.782225
Sibratsgfäll,Austria,Vorarlberg,47.414286,10.045645
Skiareál Horní Guntramovice,Czechia,Moravian-Silesian,49.791340,17.560300
Braintree Winter Sports Park,United States,Massachusetts,42.218221,-71.069183
Winterplace Ski Resort,United States,West Virginia,37.595121,-81.119250
Stokkan Alpinbakke,Norway,Trøndelag,63.400576,10.504406
,Russia,Tatarstan;Udmurt,56.532497,52.960542
vlek Kladenka,Czechia,Hradec Králové,50.680509,15.745947
,Germany,Baden-Württemberg,48.532381,9.422601
Areál Obří sud,Czechia,Liberec,50.697443,15.075366
Skipark Meander Oravice,Slovakia,Zilina,49.303849,19.754241
,Italy,Udine,46.570771,12.747622
,Norway,Vestland,61.433668,7.296376
Le Tourchet (Chamonix),France,Haute-Savoie,45.891439,6.802231
,France,Doubs,46.701834,6.129784
Alford Snow Sports Centre,United Kingdom,Aberdeenshire,57.231018,-2.709464
Corralco,Chile,De La Araucania,-38.394930,-71.561514
,Germany,Baden-Württemberg,47.828010,10.032205
,United States,Colorado,38.916655,-106.850021
,United States,Oregon,42.079898,-122.725062
Harrington Hill,United States,Vermont,43.835101,-72.371098
,Switzerland,Schwyz,47.151824,8.755595
,Russia,Moscow Oblast,56.195953,36.918882
,Germany,Rhineland-Palatinate,50.393957,7.009326
Misery Mountain Ski Hill,Canada,Alberta,56.225839,-117.310746
,Slovakia,Presov,49.149498,20.221398
北斗崖滑雪场,China,Zhejiang,28.690105,119.057884
Șugaș Băi,Romania,Covasna,45.895944,25.704632
Jättendals elljusspår,Sweden,Gavleborg,61.980184,17.245043
Воєводино, Voievodyno,Ukraine,Zakarpattia,48.659989,22.643065
,Norway,Vestfold og Telemark,59.495968,8.446452
Coronet Peak,New Zealand,Otago Region,-44.922118,168.738125
Sotogahama Kanita (外ヶ浜町蟹田スキー場),Japan,Aomori Prefecture,41.031715,140.640213
Angleworm - Hegman Lakes Ski Trails,United States,Minnesota,48.042646,-91.914452
Dyea Recreation Area,United States,Alaska,61.253478,-149.672413
Ghöch,Switzerland,Zurich,47.332648,8.900525
Glen Eden,Canada,Ontario,43.504567,-79.943810
,Germany,Saxony,50.533168,13.050796
,Canada,Quebec,45.131356,-71.733933
vlek Tisá,Czechia,Ústecký,50.776453,14.030359
網走レイクビュースキー場, Abashiri Lake View Ski Resort,Japan,Hokkaido Prefecture,43.988223,144.230606
San Vito di Cadore,Italy,Belluno,46.465226,12.227139
Globus Ski,Poland,Lubelskie,51.237407,22.534188
Sirino Sci,Italy,Potenza,40.142539,15.839945
Gaißau -Hintersee,Austria,Salzburg,47.718498,13.235273
Itoshiro Charlotte (イトシロシャーロットタウン),Japan,Gifu Prefecture,35.968581,136.771206
Bánffydongó - Dangau Mare,Romania,Cluj,46.752008,23.207765
Гора Вишневая (Gora Vishnevaya),Russia,Chelyabinsk,55.977283,60.635365
,Norway,Agder,58.666338,6.774425
,Norway,Troms og Finnmark,69.576166,19.757926
,Norway,Viken,60.101761,10.258159
Lyžařský areál Svah Zlín,Czechia,Zlín,49.217128,17.667954
Fischenthal,Switzerland,Zurich,47.319985,8.929622
Windham Mountain Club,United States,New York,42.292528,-74.258395
Viggiano,Italy,Potenza,40.383530,15.863331
,Finland,Kymenlaakso,60.962162,26.438794
Góra Kamieńsk,Poland,Łódź Voivodeship,51.228587,19.434449
,Slovakia,Banska Bystrica,48.652433,19.493399
Powder Mountain Ski Resort,United States,Utah,41.375487,-111.762111
,Russia,Arkhangelsk,61.280765,46.692597
,Russia,Moscow Oblast,55.782215,38.084554
,Russia,Kamchatka,53.201974,158.366480
Wissahickon Ski Club,United States,Pennsylvania,40.075773,-75.275574
Beidahu Ski Resort, 北大湖滑雪度假区,China,Jilin,43.413444,126.621020
Serre Eyraud,France,Hautes-Alpes,44.672737,6.283125
Purden Ski Village,Canada,British Columbia,53.900394,-121.884727
,Norway,Vestfold og Telemark,59.831132,8.785437
,France,Hautes-Alpes,44.843742,6.485099
,Germany,Rhineland-Palatinate,50.672099,8.057741
,Finland,Kainuu,64.744451,28.191316
Mount Kato Ski Area,United States,Minnesota,44.130610,-94.035337
Akloo,Canada,British Columbia,49.482732,-115.776490
Dévoluy,France,Hautes-Alpes,44.668721,5.906791
,Germany,Bavaria,50.052913,11.791161
,Russia,Tver,56.865759,35.830498
Fort Fun Winterwelt,Germany,North Rhine-Westphalia,51.309883,8.437217
天桥沟滑雪场,China,Liaoning,41.049219,124.622773
白銀台スキー場, Hakugindai Ski Area,Japan,Hokkaido Prefecture,42.561243,143.312446
Beech Mountain Resort,United States,North Carolina,36.188884,-81.879486
あわすのスキー場, Awasuno Ski Area,Japan,Toyama Prefecture,36.573509,137.442973
Guaipo Ski Field,China,Liaoning,42.052228,123.642858
Alpine Valley Resort,United States,Wisconsin,42.733003,-88.428307
,Germany,Baden-Württemberg,48.463463,9.322242
妙高杉ノ原スキー場, Myoko Suginohara Ski Resort,Japan,Niigata Prefecture,36.862975,138.134165
,Finland,Uusimaa,60.391338,25.041434
Trafoi,Italy,Bolzano/Bozen,46.566132,10.504516
,Austria,Salzburg,47.814430,13.210645
Guildford Ski Slope,United Kingdom,Surrey,51.256117,-0.580842
Gangwa Seaside Resort,South Korea,Incheon,37.617397,126.498230
The Duck,Canada,Saskatchewan,51.560767,-101.612250
,Russia,Perm,60.428813,57.092474
Bleikvassli skibakke,Norway,Nordland,65.908258,13.841076
,Finland,Southern Ostrobothnia,63.268422,23.262468
キャンモア・スキービレッジ, Canmore Ski Resort,Japan,Hokkaido Prefecture,43.730486,142.540020
The Mountain Top at Grand Geneva Resort & Spa,United States,Wisconsin,42.611400,-88.387829
,Sweden,Vastmanland,60.002815,15.768407
Keppoch Mountain,Canada,Nova Scotia,45.546081,-62.114952
Nauders Bergkastel,Austria;Italy,Bolzano/Bozen;Tyrol,46.867081,10.531701
Wanda Harbin (Indoor),China,Heilongjiang,45.802631,126.498831
Ski Gastein - Schlossalm/Angertal/Stubnerkogel,Austria,Salzburg,47.135111,13.084874
,Russia,Samara,53.295921,50.337699
,United States,Minnesota,47.669016,-92.892234
Butorowy Wierch,Poland,Lesser Poland Voivodeship,49.291241,19.921417
,Austria,Lower Austria,47.989463,16.095629
,Finland,Satakunta,61.611301,21.919077
Schönfeld - Thomatal,Austria,Salzburg,46.983665,13.774917
Klausberg Skiarena,Italy,Bolzano/Bozen,46.957055,11.942626
Kratka Ridge,United States,California,34.351532,-117.898407
Zochova chata,Slovakia,Bratislava,48.378378,17.276870
Rofanlifte Steinberg,Austria,Tyrol,47.510330,11.797020
Prato Nevoso,Italy,Cuneo,44.244997,7.785965
Presolana,Italy,Bergamo,45.926943,10.089513
,United States,Wisconsin,45.632013,-89.571925
Les Giettes,Switzerland,Valais,46.217604,6.953557
,Austria,Vorarlberg,47.377967,9.884614
,Russia,Perm,57.863073,56.289982
瞿昙国际滑雪场,China,Qinghai,36.286686,102.243452
Hochkönig,Austria,Salzburg,47.388207,12.971659
,Russia,Kemerovo,52.752543,87.917311
,Sweden,Norrbotten;Vasterbotten County,65.165246,19.757518
,Finland,Northern Ostrobothnia,65.148397,25.273846
,United States,Minnesota,46.559622,-94.271087
Roc d'Enfer,France,Haute-Savoie,46.209619,6.588192
Tabor Mountain,Canada,British Columbia,53.939575,-122.456799
,Russia,Chuvash,56.071088,47.193856
Biberwier - Marienberg,Austria,Tyrol,47.355626,10.894511
,Canada,Alberta,53.527761,-113.313041
,Czechia,Pardubice,49.702146,16.259976
Mustavuori,Finland,Pirkanmaa,61.493095,23.597964
Stacja Narciarska Laskowa-Kamionna,Poland,Lesser Poland Voivodeship,49.777789,20.408840
,Norway,Trøndelag,62.975394,9.631387
Jiulong Skiing Field,China,Sichuan,31.409138,104.130538
,United States,Idaho;Montana,46.629345,-114.547243
Alice Hill Park (Pembroke Ski Club),Canada,Ontario,45.732144,-77.346057
,Norway,Vestland,61.341392,7.228837
亚布力阳光滑雪度假区,China,Heilongjiang,44.772961,128.434436
,Czechia,Plzeň,49.193192,13.227387
,Finland,Kainuu,64.677164,27.975591
白馬コルチナ, Hakuba Cortina, 白馬岩岳コルチナ,Japan,Nagano Prefecture,36.780338,137.883892
,Canada,Quebec,48.045377,-77.809681
Dąbrówka,Poland,Podlaskie,54.107826,22.974916
Black Mountain of Maine,United States,Maine,44.581168,-70.621120
Ponte di Legno - Passo Tonale,Italy,Brescia;Trento,46.255966,10.551131
Ljungdalsberget,Sweden,Jamtland,62.855461,12.795270
こまどりスキー場, Wakkanaishi Komadori Ski Area,Japan,Hokkaido Prefecture,45.387527,141.687788
,Russia,Sverdlovsk,56.987297,60.074026
Rausor - Rau de Mori - Retyezat mountain,Romania,Hunedoara,45.415852,22.837800
,United States,New York,42.685928,-77.933683
,Czechia,Karlovy Vary,50.006342,12.708407
,United States,Wyoming,43.503752,-110.847534
Schwellbrunn,Switzerland,Appenzell Ausserrhoden,47.344596,9.226604
,Norway,Møre and Romsdal,62.809114,7.396672
,Norway,Trøndelag,63.404492,10.886815
八森山スキー場, Hachimoriyama Ski Area,Japan,Yamagata Prefecture,38.684893,139.662963
پیست اسکی فریدون شهر, Fereydunshahr Ski Resort,Iran,Esfahan,32.946931,50.049309
,Canada,Alberta,53.239829,-112.874346
,Germany,Bavaria,48.911888,13.037535
Brunni-Holzegg-Rotenflue,Switzerland,Schwyz,47.027059,8.696311
Norefjell,Norway,Viken,60.221651,9.573876
Selvarotonda,Italy,Rieti,42.616465,13.119323
,Norway,Viken,59.203931,10.995651
De Schans,Netherlands,North Brabant,51.669487,5.646134
Carousel Mountain,United States,Michigan,42.760027,-86.199396
,Russia,Moscow Oblast,56.073661,37.664166
Aavasaksa,Finland,Lapland,66.390003,23.746107
Lianhuashan,China,Beijing,40.140733,116.916779
,Norway,Viken,60.239691,8.511521
Sainte-Croix/Les Rasses,Switzerland,Vaud,46.831458,6.529501
,Finland,Northern Ostrobothnia,64.946019,25.306342
Vail,United States,Colorado,39.623789,-106.365457
ASHIMOI KANKO高穂スキー場, Ashimoi Kanko Takaho Ski Area,Japan,Hokkaido Prefecture,43.821709,141.962734
,Germany,Baden-Württemberg,47.878413,8.325077
,Czechia,Moravian-Silesian,50.124364,17.543412
Hemavan,Sweden,Vasterbotten County,65.822484,15.096764
Valley Schuss,Canada,Ontario,43.991074,-80.016822
Mont Farlagne,Canada,New Brunswick,47.410543,-68.386472
Trojena,Saudi Arabia,Tabuk,28.692704,35.298042
The Snow Centre Manchester,United Kingdom,Trafford,53.467639,-2.361258
Sportscom Urasa Kokusai (スポーツコム浦佐国際スキー場),Japan,Niigata Prefecture,37.184858,138.925176
Raggal,Austria,Vorarlberg,47.206536,9.833248
,United States,New Jersey,40.990128,-73.908614
Steamboat Ski Resort,United States,Colorado,40.461581,-106.767394
,Sweden,Kronoberg,56.852553,13.953756
,Norway,Innlandet,60.995906,11.835267
,Finland,Northern Ostrobothnia,64.941613,25.568351
Prince Albert National Park Cross Country,Canada,Saskatchewan,53.796595,-106.083298
,United States,Idaho,43.737360,-111.085198
,Canada,Alberta,52.464579,-113.981815
Mladé Buky,Czechia,Hradec Králové,50.598530,15.847971
中頓別町寿スキー場, Nakatonbestucho Eikotobuki,Japan,Hokkaido Prefecture,44.992666,142.283886
平湯温泉スキー場, Hirayu Onsen Ski Area,Japan,Gifu Prefecture,36.185397,137.560025
Goldeck,Austria,Carinthia,46.777125,13.462735
Kirchberglift am Fröbelturm,Germany,Thuringia,50.576909,11.148426
ユートピアサイオト, Utopia Saioto,Japan,Hiroshima Prefecture,34.782367,132.323051
,Norway,Viken,59.781497,10.237237
Le Granier,France,Savoie,45.460640,5.905948
Ala Too,Kyrgyzstan,Ysyk-Kol,42.590090,78.953934
,Germany,Baden-Württemberg,48.139269,8.313431
Savalan skisenter,Norway,Innlandet,62.314981,10.528936
Crni Vrh,Serbia,Borski upravni okrug,44.139352,21.965078
Mt Aurora Skiland,United States,Alaska,65.045781,-147.409916
,Norway,Innlandet,60.332875,11.543819
,Russia,Khabarovsk,51.131397,133.040522
,Norway,Trøndelag,64.198830,11.700831
,Norway,Troms og Finnmark,69.424801,18.740729
McIntyre Ski Area,United States,New Hampshire,43.005082,-71.440740
Pircas Parque de Nieve,Argentina,Mendoza,-32.860339,-69.786701
,Norway,Vestfold og Telemark,59.034368,9.969288
,Norway,Trøndelag,62.862266,11.196671
,Germany,Lower Saxony,51.815581,10.317688
Big Thunder,Canada,Ontario,48.283315,-89.386493
,Russia,Moscow Oblast,56.416695,38.159381
,United States,Alaska,60.818222,-149.132406
Skigebiet Diedamskopf,Austria,Vorarlberg,47.333019,10.029367
Lonesome Pine Trails,United States,Maine,47.242402,-68.594874
Birao (ビラオスキー場),Japan,Hokkaido Prefecture,43.504304,144.421894
Z Bar T,United States,Montana,45.850924,-112.394085
Raven Trail System,United States,Wisconsin,45.875361,-89.639730
Szczyrk Mountain Resort,Poland,Silesian Voivodeship,49.682684,18.986746
,China,Gansu,38.797242,101.017853
Tanvaldský Špičák,Czechia,Liberec,50.755665,15.277666
Châteleu,France,Doubs,47.017274,6.567226
,Russia,Kemerovo,54.429275,86.447848
Спорткомплекс «Кант»,Russia,Moscow City,55.677885,37.612712
,United States,Idaho,43.596768,-114.343379
Étang de Lers,France,Ariège,42.806251,1.383939
Snow World Tazawa (スノーワールドタザワスキー場),Japan,Akita Prefecture,39.743445,140.742156
,Norway,Agder,58.639089,8.959625
,Norway,Nordland,65.493390,13.344461
Nõmme Lumepark,Estonia,Harju,59.388766,24.670558
,Austria,Salzburg,47.733326,13.041724
枝幸町三笠山スキー場, Mikasayama Esashi,Japan,Hokkaido Prefecture,44.934886,142.564226
Larra-Belagua,Spain,Navarre,42.954997,-0.799859
,Ukraine,Lviv,48.812596,23.425992
,United States,New York,42.887528,-75.723017
Happy Jack Winter Trails,United States,Wyoming,41.242883,-105.419443
Fairview Ski Hill,Canada,Alberta,55.994287,-118.605381
,Finland,Southern Ostrobothnia,62.559917,24.067154
,Norway,Troms og Finnmark,69.679793,18.956967
,Sweden,Jamtland,62.858129,12.699757
,Italy,Udine,46.498175,13.488715
,Austria,Styria,47.340320,13.737087
Ski centrum Strachan,Slovakia,Presov,49.278785,20.233386
,Germany,Baden-Württemberg,48.446618,9.904434
キューピットバレイスキー場, Cupid Valley Ski Area,Japan,Niigata Prefecture,37.046032,138.490334
Ski de fond La Moraine,Canada,Quebec,46.180963,-72.496494
,Austria,Upper Austria,48.091118,13.199588
,Finland,Ostrobothnia,63.094030,21.576962
Андреевский склон,Russia,Leningrad,60.168692,30.548290
,Germany,Bavaria,47.626037,10.827689
Venet,Austria,Tyrol,47.149300,10.613320
九皇山滑雪场,China,Sichuan,31.948483,104.693969
Searchmont Resort,Canada,Ontario,46.769225,-84.045481
,Norway,Viken,60.312394,11.131540
Bielawa,Poland,dolnoslaskie,50.676861,16.617534
Bedea-Novaggio,Switzerland,Ticino,46.009521,8.862373
,Switzerland,Valais,46.416907,8.139625
Königsdorf,Germany,Bavaria,47.812934,11.488390
,Germany,North Rhine-Westphalia,51.355706,8.558012
,Russia,Oryol,53.442932,35.974350
,Japan,Iwate Prefecture,40.141587,140.964536
,Norway,Troms og Finnmark,69.717840,30.171228
,Germany,Thuringia,50.486254,11.175725
Skilift Erzgebirge Skiclub Olbernhau,Germany,Saxony,50.652164,13.336229
Columbia Ski Trails,United States,Minnesota,45.027423,-93.254789
,Germany,North Rhine-Westphalia,51.216526,8.541314
,Germany,Baden-Württemberg,48.755659,10.054001
,Russia,Bryansk,53.273774,34.367189
,Finland,Central Ostrobothnia,63.799995,23.022561
Veliko Polje,Bosnia and Herzegovina,Sarajevo,43.753241,18.259106
Cuchara Basin,United States,Colorado,37.386929,-105.099688
Paganella, Area sciistica Andalo Fai della Paganella,Italy,Trento,46.155950,11.030806
Golfclub Wörthsee Loipen,Germany,Bavaria,48.083218,11.220013
Čelimbaša,Croatia,Primorsko-goranska,45.308825,14.859807
北見若松市民スキー場, Wakamatsu Shimin Ski Area,Japan,Hokkaido Prefecture,43.752085,143.921742
Parra Snowpark,Finland,Southern Ostrobothnia,62.435208,21.816419
Suyukou,China,Ningxia Hui,38.716251,105.986155
,South Korea,Kangwon-Do,37.664907,128.688366
Fjellhaugen skisenter,Norway,Vestland,59.847238,6.065405
,Germany,Saxony,50.536346,13.195145
,Sweden,Vasterbotten County,64.090672,19.961028
Gamehaven Nordic Trail System,United States,Minnesota,43.952110,-92.442263
La Covatilla,Spain,Avila;Salamanca,40.346551,-5.690466
,Norway,Vestfold og Telemark,59.665753,8.649596
,Slovakia,Presov,49.218346,20.967943
,Russia,Altai,53.303640,83.762255
,Poland,Lesser Poland Voivodeship,49.478686,20.746859
Aeschiallmend,Switzerland,Bern,46.646247,7.733352
,United States,Wyoming,43.710386,-109.986317
Great Brook Ski Touring Center,United States,Massachusetts,42.557164,-71.344623
,Germany,Baden-Württemberg,47.937025,8.823427
Искра, Iskra (Spark),Russia,Perm,58.071474,56.391958
Snova Hashima (スノーヴァ羽島),Japan,Gifu Prefecture,35.332110,136.701998
,Finland,Satakunta;Southwest Finland,60.986511,22.607669
Mt. Notch,United States,Minnesota,45.583151,-94.448172
当麻スキー場, Touma Ski Area,Japan,Hokkaido Prefecture,43.836568,142.535805
,Sweden,Vasternorrland,62.610621,17.950240
Schneiderkopflifte,Austria,Vorarlberg,47.479300,9.814390
Red Hill Outing Club,United States,New Hampshire,43.748554,-71.417746
,Switzerland,Saint Gallen,47.067933,9.276047
,Russia,Nizhny Novgorod,56.225719,43.359784
Klug Lifte,Austria,Styria,46.908136,15.033358
,Estonia,Jarva,59.128446,25.748791
Мухачёвская, Muhachevskaya,Russia,Perm,58.041319,56.576478
,Norway,Innlandet;Viken,60.330147,10.284512
,Canada,Prince Edward Island,46.742468,-64.157803
,Hungary,Budapest,47.505219,18.969210
,Norway,Innlandet,62.132995,10.183594
,Russia,Moscow Oblast,56.089462,38.175258
Los Puquios,Argentina,Mendoza,-32.823455,-69.890652
,Norway,Møre and Romsdal,62.539328,6.673359
,Norway,Troms og Finnmark,69.221185,19.205450
兰州龙山国际滑雪场,China,Gansu,36.124349,103.981176
Ski 365,Thailand,Pathum Thani,13.988898,100.617633
,Austria,Tyrol,47.584241,12.595781
安阳土生园龙安滑雪场,China,Henan,36.024018,114.252769
,Czechia,Zlín,49.369836,17.774486
,Russia,Moscow Oblast,56.234583,37.489662
,Latvia,Vecpiebalgas,57.065175,25.812611
,Norway,Vestfold og Telemark,59.293029,8.394041
,Hungary,Zala,46.812803,16.824880
SnowWorld Rucphen-Breda,Netherlands,North Brabant,51.538340,4.570970
Semkovo,Bulgaria,Blagoevgrad,42.043365,23.535376
Mogno,Switzerland,Ticino,46.427992,8.662444
Ōhau Snow Fields,New Zealand,Canterbury Region,-44.221269,169.775135
志賀高原 ジャイアントスキー場, Shiga Kogen Giant Ski Area,Japan,Nagano Prefecture,36.717125,138.495783
Mount Bohemia,United States,Michigan,47.386625,-88.011929
Čenkovice - Nad parkovištěm,Czechia,Pardubice,50.009532,16.694507
,Germany,Baden-Württemberg,47.999989,8.925151
,,,45.514613,-73.536449
,Switzerland,Graubunden;Saint Gallen,46.969142,9.513813
Brodie,United States,Massachusetts,42.594075,-73.256583
Gluringen,Switzerland,Valais,46.463240,8.228257
,Belarus,Minsk,53.949221,27.644582
Christmas Mountain,United States,Wisconsin,43.608269,-89.862109
,Estonia,Võru,57.570384,26.658570
,Sweden,Norrbotten,67.550598,22.630833
Fjallberget,Sweden,Dalarna,60.088584,14.929536
Hermon Mountain,United States,Maine,44.779599,-68.959822
Pontresina,Switzerland,Graubunden,46.490457,9.912169
,Germany,Baden-Württemberg,48.022078,8.947450
Edmonton Ski Club,Canada,Alberta,53.533905,-113.476159
FQME - Mont Porphyre,Canada,Quebec,48.976984,-65.504266
,Norway,Troms og Finnmark,69.196523,17.753445
Rigi Seebodenalp,Switzerland,Schwyz,47.063584,8.469733
,United States,California,39.252563,-120.054785
,Austria,Upper Austria,48.362097,14.895766
Lammeralm (Langenwang),Austria,Styria,47.588799,15.594406
,Estonia,Harju,59.462551,24.846660
,Norway,Vestfold og Telemark,59.164845,10.186043
,Norway,Vestfold og Telemark;Viken,60.023029,9.041462
Góra Czterech Wiatrów G4W,Poland,Warmian-Masurian Voivodeship,53.857428,21.329154
Badger Mountain Ski Area,United States,Washington,47.611284,-120.129619
,Russia,Chelyabinsk,54.869805,61.403865
,Czechia,Liberec,50.760393,15.362563
Nartraj,Poland,Lubelskie,50.778723,22.626416
ピヤシリスキー場, Nayoro Piyashiri,Japan,Hokkaido Prefecture,44.410386,142.512191
,Switzerland,Bern,46.491448,7.669696
,Austria,Tyrol,47.398972,11.793498
Domaine Nordique Col d'Ornon,France,Isère,45.006797,5.971759
Oak Mountain Ski Center,United States,New York,43.517186,-74.362164
,Norway,Trøndelag,62.895405,10.035262
,Norway,Nordland,68.244881,13.738562
Mühlberg (Scharnitz),Austria,Tyrol,47.382660,11.254299
,Sweden,Jamtland,63.315046,13.664380
Pârtiile Mărișel,Romania,Cluj,46.667730,23.070674
,France,Hautes-Alpes,44.502932,6.482695
,Canada,Alberta,51.201178,-115.855894
Hubelweid,Switzerland,Bern,46.750949,7.684288
Арсгора (Arsgora),Russia,Primorsky,44.123936,133.330868
,Sweden,Norrbotten,65.788494,23.401913
Serre-Chevalier,France,Hautes-Alpes,44.925264,6.554200
Spatind,Norway,Innlandet,61.129379,9.874495
Gallix,Canada,Quebec,50.175301,-66.710043
,Russia,Nizhny Novgorod,56.196980,43.794709
Manba / Okukan (万場スキー場/奥神鍋スキー場),Japan,Hyogo Prefecture,35.493349,134.643265
,Estonia,Rapla,58.997965,24.818909
,Austria,Lower Austria,48.205597,16.084154
Apex,United States,Colorado,39.863570,-105.569915
Outdoorski Bergschenhoek,Netherlands,South Holland,51.975349,4.548252
,Russia,Moscow Oblast,55.733085,37.003033
,Slovakia,Zilina,49.385285,18.651398
,Norway,Vestland,61.006154,5.773827
,Canada,Quebec,48.158175,-79.033563
,Germany,Lower Saxony,51.798018,10.528837
,United States,Montana,48.406886,-114.361514
Mount Ski Gull,United States,Minnesota,46.445411,-94.378882
Ski Club Weywertz,Belgium,Liège,50.450266,6.166547
,Germany,Saxony,50.577298,13.099174
,Norway,Innlandet;Trøndelag,62.566110,11.210446
,United States,Michigan,45.999972,-86.984626
,Canada,Ontario,45.444964,-75.577763
Wengen,Germany,Bavaria,47.675000,10.151836
Cerro Summit,United States,Colorado,38.441786,-107.640764
Luneng Shengdi Resort,China,Jilin,41.964408,127.516955
,Germany,Lower Saxony,52.263565,9.225507
Bachtel,Switzerland,Zurich,47.299194,8.901917
,Norway,Agder,58.488453,7.321386
Detroit Mountain,United States,Minnesota,46.814838,-95.783728
,Norway,Nordland,68.341285,16.725637
Wolfratshausen - Icking,Germany,Bavaria,47.949062,11.433642
Engelwood,United States,Wisconsin,45.226546,-92.738450
Vintervasskleiva,Norway,Trøndelag,63.417189,10.254627
,Switzerland,Graubunden,46.857352,9.319830
,Germany,Baden-Württemberg,48.742581,10.093841
,United States,Utah,41.949534,-111.581442
,Austria,Upper Austria,48.425300,14.584190
Yukyuzan (悠久山スキー場),Japan,Niigata Prefecture,37.429364,138.883324
,Uzbekistan,Toshkent,41.145172,70.123666
,Germany,Baden-Württemberg,47.821134,8.178078
Gerlosstein / Hainzenberg,Austria,Tyrol,47.206681,11.906286
,Finland,Southern Ostrobothnia,62.431630,21.820611
Hovfjället,Sweden,Varmland,60.296385,12.962286
Grünberg Obsteig,Austria,Tyrol,47.293089,10.914849
,United States,Alaska,56.737040,-132.872096
,Finland,Pirkanmaa,61.459065,23.929980
,Germany,Saxony,50.502889,12.822440
Woodland Trails Regional Park,United States,Minnesota,45.337546,-93.590078
,Norway,Rogaland,59.409350,6.470009
,Switzerland,Neuchatel,47.100965,6.788162
,Slovakia,Banska Bystrica,48.840682,19.556343
Kayama Captain Coast (加山キャプテンコーストスキー場),Japan,Niigata Prefecture,36.930217,138.871996
,Germany,Saxony,50.636727,12.920847
Rottenbuch Loipen,Germany,Bavaria,47.732472,10.964274
,Norway,Innlandet,60.957623,9.352985
Cedar Highlands,Canada,Ontario,43.990829,-80.003200
奥利根スノーパーク, Okutone, おくとねすのーぱーく,Japan,Gunma Prefecture,36.798170,139.010871
Trångsviken,Sweden,Jamtland,63.329984,14.077764
,Sweden,Vastra Gotaland,57.751438,12.889318
Ponikva,North Macedonia,Kocani Municipality;Probistip Municipality,42.036831,22.354903
,Russia,Kostroma,57.449474,40.478480
Nissho Pass (日勝峠),Japan,Hokkaido Prefecture,42.976430,142.789616
,Norway,Trøndelag,63.118946,10.147689
Nikko Kirifurikogen (日光霧降高原スキー場),Japan,Tochigi Prefecture,36.806918,139.592221
,Finland,Lapland,67.662661,24.435616
,Canada,Quebec,46.724923,-75.598047
,Germany,Baden-Württemberg,48.348851,9.390707
卧虎山滑雪场,China,Shandong,36.447091,117.012294
Světlý vrch,Czechia,Liberec,50.762444,15.287073
,Sweden,Norrbotten,68.420497,18.667986
,Germany,Baden-Württemberg,47.999601,8.216717
,Germany,North Rhine-Westphalia,51.178678,8.433603
,Norway,Agder,59.454893,7.378518
Schindelberg Linden,Switzerland,Bern,46.840096,7.678072
,United States,Wisconsin,44.852709,-91.450200
,Germany,Bavaria,49.939085,10.588090
Horní Podluží,Czechia,Ústecký,50.878388,14.556216
,Sweden,Gavleborg,61.725503,15.145741
Góra Żar,Poland,Silesian Voivodeship,49.775389,19.221954
Colle di Joux,Italy,Valle D'Aosta,45.746026,7.704406
Sulzberg Nordic Sport Park,Austria,Vorarlberg,47.523671,9.907018
,Finland,Northern Ostrobothnia,64.406790,25.224869
Kinderland,Switzerland,Graubunden,46.593877,9.596572
,Norway,Trøndelag,63.127096,10.619912
Daqingshan,China,Gansu,36.129127,103.720793
,Germany,Bavaria,47.844281,12.303444
Maximise (formerly: Mont Castor - Ste-Agathe),Canada,Quebec,46.067804,-74.306191
Ski-TMG Remata,Slovakia,Trenciansky kraj,48.751824,18.802256
,United States,Alaska,60.948102,-149.156733
Vallecito Nordic Ski Club,United States,Colorado,37.376281,-107.560444
,Canada,Quebec,46.698550,-75.577224
Beiwald,Germany,Baden-Württemberg,48.445512,9.400077
Sella Nevea - Kanin, Sella Nevea - Canin, Kanin - Sella Nevea,Italy;Slovenia,Gorizia;Udine,46.365826,13.483657
,United States,New York,42.704251,-77.464269
Centre de Plein Air Levis,Canada,Quebec,46.821413,-71.159434
Cañada Bonita,United States,New Mexico,35.907823,-106.393122
,Norway,Innlandet,61.325339,12.265458
,Russia,Nizhny Novgorod,56.397810,43.543525
Lofoten,Norway,Nordland,68.133516,13.820818
Uonuma City Ohara (魚沼大原スキー場),Japan,Niigata Prefecture,37.357456,139.132652
,Germany,Hesse,50.314860,8.361934
Gilboa,Israel,Northern,32.552786,35.333680
,,,60.448667,26.887320
108 Mile House,Canada,British Columbia,51.736588,-121.323188
Malta Ski,Poland,Greater Poland,52.399821,16.978846
,United States,Michigan,45.937834,-84.910459
,United States,Michigan,46.591379,-87.499685
Arabba,Italy,Belluno,46.491648,11.859674
Madeline Lake Trail System,United States,Wisconsin,45.904162,-89.643050
,Kazakhstan,Almaty,43.190137,77.131292
Kamiskotia,Canada,Ontario,48.536801,-81.541241
Sulitjelma Fjellandsby,Norway,Nordland,67.088115,16.070709
Kanegasawa (金ヶ沢スキー場),Japan,Aomori Prefecture,40.470414,141.167503
,France,Lozère,44.613484,3.574035
,Czechia;Poland,Moravian-Silesian;Silesian Voivodeship,49.636920,18.814192
Ski Vojtěch,Czechia,Hradec Králové,50.742035,15.824859
,Finland,Ostrobothnia,63.083847,21.624087
Hoch-Ybrig,Switzerland,Schwyz,47.008743,8.784839
,Norway,Trøndelag,63.113271,9.476543
,Germany,Baden-Württemberg,48.746655,9.994374
Vitsi,Greece,West Macedonia,40.624180,21.378061
,Russia,Tatarstan,55.829098,48.885923
,Sweden,Norrbotten,67.666814,21.424868
Wyciąg narciarski Kartasiówka,Poland,Warmian-Masurian Voivodeship,53.696588,20.481040
,Norway,Viken,60.009740,9.742614
,Bulgaria,Kyustendil,42.196269,22.618708
,Russia,Ryazan,54.372940,41.978985
,Germany,North Rhine-Westphalia,51.209640,8.328789
,Italy,Nuoro,40.024655,9.273217
,Norway,Trøndelag,63.077899,11.406873
Devil's Glen Country Club,Canada,Ontario,44.353927,-80.204626
Raulandsfjell alpinsenter,Norway,Vestfold og Telemark,59.723344,7.995697
,United States,Wyoming,43.765905,-110.707610
,United States,Idaho,48.522683,-116.925879
,Finland,Northern Ostrobothnia,64.204837,24.429683
Tip Top (Kamela),United States,Oregon,45.449143,-118.414721
Vichères-Bavon,Switzerland,Valais,45.983133,7.152705
Howelson Hill Ski Area,United States,Colorado,40.483514,-106.839698
Whitetail Resort,United States,Pennsylvania,39.743688,-77.937676
,United States,Washington,48.679890,-121.635437
,Norway,Nordland,65.537060,13.425426
Jewel Lake Cross Country Ski trails,Canada,British Columbia,49.164256,-118.625223
,Norway,Møre and Romsdal,62.209374,6.172703
Sansicario,Italy,Turin,44.963677,6.833102
Majestic,United States,Wisconsin,42.551887,-88.512114
,Czechia,Liberec,50.779025,15.244700
,Finland,Kainuu,64.907946,29.016571
Sugar Bush Ski Area,United States,Vermont,43.096094,-72.749233
Megève,France,Haute-Savoie,45.845567,6.659406
,Norway,Agder,58.580748,8.605076
,Russia,Tver,57.290908,35.213232
,Sweden,Jamtland,63.127960,12.853737
,Japan,Yamagata Prefecture,38.173845,140.392424
祇園山スキー場, Gionyama Ski Area,Japan,Akita Prefecture,39.137321,140.308662
Skalanka,Poland,Silesian Voivodeship,49.492396,18.971543
,Norway,Troms og Finnmark,68.822015,17.220950
,Bulgaria,Plovdiv,41.996322,24.687829
,Norway,Møre and Romsdal,62.149513,6.183828
منطقة للتزلج مزار كفردبيان, Mzaar Kfardebian Ski Resort,Lebanon,Mount Lebanon,33.990111,35.853002
Trollhöjden,Sweden,Halland,57.127158,12.704277
,Sweden,Vasternorrland,62.544873,15.759501
Egļukalns,Latvia,Daugavpils,55.873678,26.329306
Skipisten Titlis Bergbahnen,Switzerland,Bern;Nidwalden;Obwalden,46.791621,8.396698
,Russia,Udmurt,56.894738,53.209109
Easton Valley,United States,New York,43.022910,-73.502676
,Slovakia,Zilina,49.166842,19.713654
,Finland,Kainuu,64.877596,29.030595
Afterhours Ski Trails,United States,Wisconsin,46.539070,-91.598556
,Finland,North Karelen,62.213449,29.690838
Mico Ski Resort,United States,Utah,40.741209,-109.483738
,Sweden,Stockholm,59.389973,17.964838
,Germany,Saxony,50.646680,13.337620
,Norway,Troms og Finnmark,68.656890,16.358546
Cortina Tofane,Italy,Belluno,46.541799,12.101996
,Norway,Trøndelag,64.236985,11.119426
Spring Lake Park Reserve,United States,Minnesota,44.766265,-92.931558
,United States,Wyoming,42.922084,-110.555881
St Raymond,Canada,Quebec,46.913220,-71.809731
Laurel Creek Club,United States,West Virginia,38.273901,-80.163889
,Russia,Altai,53.261638,83.654859
,Italy,Lucca,44.102514,10.328681
Kannabe Family Field (神鍋ファミリースキー場),Japan,Hyogo Prefecture,35.496647,134.671913
郡上ヴァカンス村スキー場, Gujo Vacances Mura Ski Area,Japan,Gifu Prefecture,35.975521,136.940692
,Germany,Baden-Württemberg,48.298132,9.235558
,United States,Utah,41.970244,-111.534015
Skilifte Geiersberg,Germany,Bavaria,48.681145,13.667300
Holý diel,Slovakia,Zilina,49.144296,18.793474
,Germany,Bavaria,47.410806,10.249939
,Norway,Troms og Finnmark,68.892351,17.324302
Lierberget,Norway,Innlandet,60.876133,11.121143
,Czechia,Liberec,50.721145,15.224534
,Switzerland,Graubunden,46.720161,8.918283
,Germany,Baden-Württemberg,48.042470,8.185661
Mont Biencourt,Canada,Quebec,47.992534,-68.569630
,Norway,Nordland,66.301633,14.243213
,Germany,Baden-Württemberg,48.117413,8.935511
Ochsenkopf,Germany,Bavaria,50.038937,11.811023
Chestnut Mountain Resort,United States,Illinois,42.317934,-90.398207
石打花岡スキー場, Ishiuchi Hanaoka Ski Area,Japan,Niigata Prefecture,36.989924,138.794275
,Slovakia,Zilina,49.258683,19.603340
Huzele,Poland,Podkarpackie,49.467221,22.318636
,Switzerland,Graubunden,46.769640,9.222430
,Norway,Agder,58.502319,8.783887
,United States,Washington,46.681582,-122.017833
,Norway,Møre and Romsdal,62.462552,8.201451
,Germany,Baden-Württemberg,48.472498,8.293178
ウィングヒルズ白鳥リゾート, WINGHILLS Shiratori Resort,Japan,Gifu Prefecture,35.972276,136.809307
Big Vanilla At Davos,United States,New York,41.695475,-74.587126
,Finland,Northern Ostrobothnia,64.023739,24.557700
Northmen,United States,Maine,46.831411,-67.996080
,Iceland,Westfjords,65.791619,-21.768920
,United States,Alaska,61.807519,-149.107304
,Finland,Central Finland,61.908897,26.120985
会津高原だいくらスキー場, Aizu Kogen Daikura Ski Resort,Japan,Fukushima Prefecture,37.178837,139.630052
,Russia,Perm,57.891928,54.734979
Ski Venture,United States,New York,42.921027,-74.038877
Pian Cales / San Bernardino,Switzerland,Graubunden,46.463125,9.196338
,Russia,Khanty-Mansi,61.247440,75.163925
,United States,Minnesota,46.914967,-94.359663
,China,Jilin,41.635852,125.954356
Kyoto Hirogawara (京都広河原スキー場),Japan,Kyoto Prefecture,35.266253,135.739694
,Germany,Thuringia,50.488766,11.056195
Skigebiet am Engländer,Germany,Bavaria,50.052113,9.315373
,Norway;Sweden,Innlandet;Varmland,60.471091,12.592429
Sawkill Family Ski Center,United States,New York,41.985180,-74.043855
,Norway,Viken,59.637663,11.339409
Kiczera Ski,Poland,Podkarpackie,49.495302,21.934091
,Finland,North Karelen,63.683222,28.821753
Hemberg,Switzerland,Saint Gallen,47.283224,9.158852
,Sweden,Vasterbotten County,65.240001,15.499903
,Norway,Troms og Finnmark,69.609995,20.265371
,Russia,Belgorod,50.558526,36.609470
Queyras - Arvieux,France,Hautes-Alpes,44.785493,6.737316
Lynx Creek,United States,New Hampshire,43.745057,-71.682036
Raten,Switzerland,Zug,47.139859,8.667304
Petříkov - Relax,Czechia,Olomouc,50.199915,17.045483
,Germany,Bavaria,47.811334,10.368249
リステルスキーファンタジア, Listel Ski Fantasia,Japan,Fukushima Prefecture,37.545981,140.152411
Skigebiet Königsberg - Hollenstein,Austria,Lower Austria,47.787830,14.797997
Beaten Path Nordic Trails,Canada,Ontario,48.715997,-91.593018
,Sweden,Orebro,59.309028,14.952985
,Canada,Quebec,46.355062,-72.598127
Manganui,New Zealand,Taranaki Region,-39.301849,174.084523
Passo Penice,Italy,Piacenza,44.798454,9.326847
赤羽根スキー場, Akabane Ski Resort,Japan,Iwate Prefecture,39.247015,141.594134
Val Cenis,France,Savoie,45.275901,6.881332
Oukaimden ski resort,Morocco,Marrakesh-Safi,31.190740,-7.859839
Les Sentiers La Balade de Lévis,Canada,Quebec,46.740625,-71.201191
,Russia,Krasnoyarsk,55.826972,93.157646
,Slovakia,Zilina,48.884433,19.287937
Hochzillertal-Hochfügen,Austria,Tyrol,47.262215,11.817463
,Finland,Lapland,67.549045,24.240096
,Russia,Sverdlovsk,56.764192,60.657934
,United States,Utah,40.761990,-111.576220
,Italy,Bolzano/Bozen,46.912859,11.303646
,Norway,Møre and Romsdal,62.792555,7.515176
,Austria,Vorarlberg,47.411340,9.892471
,Germany,Bavaria,47.902160,12.708745
Ovindoli,Italy,L'Aquila,42.150141,13.495005
,Ukraine,Kyiv,50.422777,30.500305
,United States,Washington,48.802802,-119.205050
Careggine,Italy,Lucca,44.094887,10.314753
Tegelbergbahn,Germany,Bavaria,47.565885,10.769341
Mount Mawson,Australia,Tasmania,-42.681553,146.577134
Mahdlift Neuleutasch,Austria,Tyrol,47.354874,11.180908
Feleacu (Cluj-Napoca),Romania,Cluj,46.718330,23.641193
North Corridor Trail,United States,Colorado,38.037447,-107.679294
,Germany,Baden-Württemberg,48.700496,8.588624
,United States,Alaska,59.331429,-135.559349
Rauland skisenter,Norway,Vestfold og Telemark,59.719349,8.156554
,Norway,Viken,60.305611,8.385357
ぬかびら源泉郷スキー場, Nukabira Gensenkyo Ski Area,Japan,Hokkaido Prefecture,43.357838,143.183963
中央道　伊那スキーリゾート, Chuo-do Ina Ski Resort,Japan,Nagano Prefecture,35.815182,137.911045
,Norway,Viken,60.408035,11.035428
,Norway,Troms og Finnmark,70.647462,23.752676
Ktaadn Resort XC Trails,United States,Maine,45.721261,-68.810029
,Norway,Innlandet,60.758307,10.659076
,,,58.089214,7.999411
McCall Activity Barn,United States,Idaho,44.866913,-116.117317
Mount Pisgah Ski Center,United States,New York,44.344708,-74.126108
The Retreat Ski Area,United States,Vermont,43.712557,-72.826653
,United States,Wyoming,43.410904,-110.708729
,Canada,Ontario,45.405323,-75.563806
,United States,California,37.762984,-119.788275
,Canada,Ontario,47.964766,-84.782891
,Finland,Kainuu,65.155550,29.814409
白樺湖ロイヤルヒルスキー場, Shirakabako Royal Hill,Japan,Nagano Prefecture,36.096827,138.238170
Cortina d'Ampezzo (Faloria - Cristallo - Mietres - Tofana),Italy,Belluno,46.533333,12.133333
,Germany,Baden-Württemberg,48.786028,10.086464
,United States,Utah,37.658626,-112.168635
Haldi,Switzerland,Uri,46.853619,8.687229
Kjerringåsen,Norway,Viken,59.391541,11.097196
Whistler Blackcomb,Canada,British Columbia,50.089049,-122.942134
,Sweden,Vastmanland,59.917110,16.353253
Tyrol Basin Ski And Snowboard Area,United States,Wisconsin,43.046079,-89.780748
さっぽろばんけいスキー場, Sapporo Bankei Ski Area,Japan,Hokkaido Prefecture,43.027883,141.277981
Beach Lake Nordic Ski Trails,United States,Alaska,61.375673,-149.539890
Rainbow Ridge,Canada,Ontario,45.039794,-79.340665
Les Rafforts - Hery-sur-Ugine,France,Savoie,45.787949,6.481790
,Czechia,Plzeň,49.173710,13.333986
Stony Mountain Ski Area,Canada,Manitoba,50.094095,-97.206510
Pfannilift am Schliersee,Germany,Bavaria,47.702801,11.866735
Talma,Finland,Uusimaa,60.397760,25.175400
,Finland,Ostrobothnia,63.105064,21.664231
,Russia,Novosibirsk,55.054037,83.038501
Elm,Switzerland,Glarus,46.920466,9.146162
Shenhu Ski Field,China,Hebei,39.022689,115.294257
Prà delle Nasse DX,Italy,Trento,46.263872,11.797559
Mt. Robert,New Zealand,Tasman Region,-41.847646,172.798417
,United States,Montana,46.825861,-113.927940
,Russia,Moscow Oblast,56.167923,37.421858
,Germany,Bavaria,47.979940,11.844036
,Finland,Southern Savonia,62.310696,27.098661
,United States,Alaska,61.232180,-149.272095
Col du Frêne,France,Savoie,45.580350,6.135260
Skicentrum Hoofddorp,Netherlands,North Holland,52.309528,4.704272
,Finland,Lapland,65.955226,24.324681
Red Mountain,United States,Colorado,39.544567,-107.337461
,Japan,Hokkaido Prefecture,42.962824,141.426447
,Germany,Saxony,51.032664,14.388241
Skilift Mastrils,Switzerland,Graubunden,46.966223,9.535482
Mayrhofen Hippach,Austria,Tyrol,47.171890,11.793236
,Russia,Moscow Oblast,55.251745,39.638321
,Russia,Perm,57.964462,56.321731
Centro Fondo Arpy - Morgex,Italy,Valle D'Aosta,45.740996,7.007887
,Austria,Vorarlberg,47.315690,9.996532
,Switzerland,Valais,45.993730,7.181281
,Russia,Leningrad,60.171734,30.531324
پیست اسکی نسار, Nesar Ski Resort,Iran,Kordestan,35.871272,47.579180
,Sweden,Dalarna,60.503578,14.207846
,Finland,Central Finland,62.587838,25.056899
Ski Mont Blanc,Canada,Quebec,46.103292,-74.488403
,United States,California,37.175382,-119.216668
,Russia,Moscow Oblast,55.948105,37.800636
Renegade Mountain,United States,Tennessee,35.891867,-84.867098
Ochodzitaski,Poland,Silesian Voivodeship,49.547071,18.948631
,Sweden,Vastra Gotaland,57.877623,12.078875
,Norway,Vestfold og Telemark,59.232931,9.355334
Tusten Skiheiser,Norway,Møre and Romsdal,62.767843,7.265769
,Norway,Vestland,61.228538,6.040020
Vallelunga - Maseben,Italy,Bolzano/Bozen,46.829781,10.650902
,Canada,Quebec,45.378916,-73.924865
Timber Ridge,United States,Vermont,43.193261,-72.736035
,Finland,Central Finland,62.395862,24.818562
,Finland,Southern Savonia,61.657102,27.280821
,Austria,Upper Austria,47.694050,14.431522
,China,Henan,34.255704,113.085752
Ski Sawmill Family Resort,United States,Pennsylvania,41.517605,-77.292436
Mott Mountain / Silver Ridge Resort,United States,Michigan,43.816445,-84.875050
,Germany,Baden-Württemberg,47.993324,8.854875
,Germany,Lower Saxony,52.230049,9.527645
Freizeitzentrum Althütte,Germany,Bavaria,49.334018,12.767360
Bergbahn Weissensee,Austria,Carinthia,46.705529,13.300272
Sarajevo Olympic Bobsleigh Track,Bosnia and Herzegovina,Republic of Srpska;Sarajevo,43.841023,18.442666
,Sweden,Jonkoping,57.205568,14.015039
,Switzerland,Valais,46.369832,7.622903
Hogback Mountain,United States,Vermont,42.852121,-72.798328
Ramudla,Italy,Bolzano/Bozen,46.724030,10.681905
,Finland,Tavastia Proper,61.094165,24.298841
Húsavík,Iceland,Northeast,66.045746,-17.331872
,Germany,Hesse,50.557597,8.998074
黑河红河河谷滑雪场,China,Heilongjiang,50.292926,127.328027
エコーバレー, Echo Valley,Japan,Nagano Prefecture,36.118289,138.200932
Stokely Creek Lodge,Canada,Ontario,46.803132,-84.328789
,Norway,Møre and Romsdal,62.592470,7.251283
志賀高原 一の瀬ダイヤモンドスキー場, Shiga Kogen Ichinose Diamond Ski Area,Japan,Nagano Prefecture,36.739244,138.511419
,China,Sichuan,31.876885,102.744816
,Germany,Saxony,50.506652,12.713815
Snova Mizonokuchi (スノーヴァ溝の口-R246),Japan,Kanagawa Prefecture,35.604787,139.598333
,Russia,Saint Petersburg,60.019548,30.192541
La Chaux-de-Gilley,France,Doubs,47.022000,6.435110
Skiverein Sehmatal e.V. Skilift Neudorf,Germany,Saxony,50.470449,12.963187
,Finland,Southern Savonia,61.701063,27.379786
,Sweden,Dalarna,60.156913,14.446733
La Clusaz,France,Haute-Savoie,45.887430,6.435226
Garmisch - Wank,Germany,Bavaria,47.507461,11.144257
Snozone Madrid,Spain,Madrid,40.298649,-3.925084
Rigi-Scheidegg,Switzerland,Schwyz,47.022841,8.527010
モンデウス飛騨位山スノーパーク, Mont Deus Hida-kuraiyama Snow Park,Japan,Gifu Prefecture,36.057855,137.219564
Basse des feignes,France,Vosges,48.003570,6.848248
,Germany,Bavaria,47.841665,10.573959
,Norway,Vestfold og Telemark,59.779481,7.342728
Svedjebacken,Sweden,Jamtland,63.023562,16.079344
,Norway,Viken,60.191680,10.254514
Aspen Heights,Canada,Alberta,52.557992,-111.307106
,Sweden,Norrbotten,66.689921,19.137163
,Sweden,Vastra Gotaland,57.731013,12.341766
ほろたちスキー場, Kokusetsu Horotachi Ski Area,Japan,Hokkaido Prefecture,44.015046,142.136157
Sugar Bowl Resort,United States,California,39.302981,-120.335026
Forêt Blanche : Vars/Risoul,France,Hautes-Alpes,44.588996,6.653644
Areál bežeckého lyžovania Dobšinská Ľadová Jaskyňa,Slovakia,Kosice;Presov,48.870944,20.289105
,Latvia,Mazsalacas,57.872965,25.015384
Howard Wagoner Trails,United States,Minnesota,47.787026,-92.279335
,Germany,Saxony,50.580006,13.219392
Takanbo (タカンボースキー場),Japan,Toyama Prefecture,36.377796,136.864909
Mt St Bernard,Australia,Victoria,-37.010328,147.079829
,Norway,Vestland,61.401392,5.776768
,United States,Wyoming,42.896934,-109.835590
庙香山滑雪场,China,Jilin,43.954701,125.884381
,Norway,Innlandet,60.775525,10.311482
Arapahoe Basin Ski Area,United States,Colorado,39.631997,-105.876991
,Russia,Tver,56.909046,35.745683
Puijon hyppyrimäet,Finland,Northern Savonia,62.908757,27.649753
,Russia,Krasnoyarsk,56.151435,92.230235
Ukko-Kolin hiihtokeskus,Finland,North Karelen,63.098991,29.808805
Les Gollières,Switzerland,Neuchatel,47.049351,6.857565
,Finland,Lapland,66.138973,24.909064
Wild River State Park,United States,Minnesota;Wisconsin,45.560776,-92.785810
,Czechia,Hradec Králové,50.409386,16.192780
Landsomberget,Sweden,Jamtland,63.844549,16.352995
Ski Mlynky Biele Vody,Slovakia,Kosice,48.865248,20.393679
Gray Rocks,Canada,Quebec,46.163405,-74.588629
,Germany,Baden-Württemberg,48.421248,8.484669
,Finland,Southern Ostrobothnia,63.268761,22.710694
,Norway,Vestland,60.701572,6.588390
Branäs,Sweden,Varmland,60.642479,12.941187
突泉温泉滑雪场,China,Inner Mongolia,45.827437,121.208360
Sappey-en-Chartreuse,France,Isère,45.252481,5.781196
Berthoud Pass,United States,Colorado,39.798250,-105.776796
Cortina d'Ampezzo,Italy,Belluno;Bolzano/Bozen,46.538906,12.133930
,United States,New York,42.690449,-77.516892
,Kyrgyzstan,Chuy,42.645316,74.795132
Matthias-Schmidt-Berg,Germany,Lower Saxony,51.707682,10.523568
Pinzolo,Italy,Trento,46.171384,10.790024
,France,Hautes-Alpes,45.021848,6.626516
Onstmettingen,Germany,Baden-Württemberg,48.297162,8.982297
,United States,North Dakota,47.935821,-97.509787
Piesendorf - Nagelköpfl,Austria,Salzburg,47.291053,12.678668
,Norway,Viken,59.801236,9.391144
,Sweden,Uppsala,60.072017,18.191332
,Finland,Northern Ostrobothnia,64.652028,24.505931
Five Horses (五頭高原スキー場),Japan,Niigata Prefecture,37.796129,139.312408
,Norway,Innlandet,60.926752,9.405702
Bluewood,United States,Washington,46.076380,-117.851187
Blue Mountain,United States,Utah,37.862208,-109.433291
Малиновка (Malinovka),Russia,Arkhangelsk,61.107655,43.441136
,Finland,Northern Savonia,63.081298,27.568191
,Finland,Southern Ostrobothnia,63.078968,23.872464
,Sweden,Norrbotten,67.491341,22.640281
,Germany,Bavaria,47.621905,12.180136
Marble Ski Area,United States,Colorado,39.086416,-107.183621
Brenneralm,Austria,Lower Austria,48.129122,16.142736
,Canada,Alberta,51.078576,-114.100474
,France,Haute-Savoie,46.067678,6.233045
Fendels,Austria,Tyrol,47.047423,10.686723
Panichishte,Bulgaria,Kyustendil,42.239611,23.327254
China Peak Mountain Resort,United States,California,37.226440,-119.158055
,United States,Michigan,44.273102,-85.338900
Гірськолижна база «Корчак»,Ukraine,Poltava,49.740269,34.579905
,Canada,Quebec,46.065765,-73.703797
,Estonia,Lääne-Viru,59.224290,26.134345
,Norway,Møre and Romsdal,62.801338,8.577431
Ski TMG Poruba,Slovakia,Trenciansky kraj,48.850031,18.576275
,Finland,Tavastia Proper,60.992381,24.387695
Fish Creek Meadows Nordic Park n Ski,United States,Idaho,45.849984,-116.098186
,China,Qinghai,36.308669,101.998616
,Finland,Southern Savonia,61.838174,28.966092
Rainbow Valley,China,Liaoning,40.256837,122.250083
五ヶ瀬ハイランドスキー場, Gokase Highland Ski Area,Japan,Kumamoto Prefecture;Miyazaki Prefecture,32.583354,131.110391
Regetovka,Slovakia,Presov,49.418189,21.270839
Gletscher-Skigebiet Zugspitze, Ski resort Zugspitze,Austria;Germany,Bavaria;Tyrol,47.412646,10.985781
,Austria,Styria,47.326643,14.902454
,Finland,North Karelen,62.662199,29.821121
Skicentrum Pavčina Lehota,Slovakia,Zilina,49.024521,19.560552
,United States,Washington,46.075886,-117.175663
Pejo 3000,Italy,Trento,46.372647,10.655138
Skigebiet Fanningberg,Austria,Salzburg,47.161164,13.675322
,United States,New Hampshire,42.917613,-72.067133
,Austria,Lower Austria,48.263220,16.089462
Grächen,Switzerland,Valais,46.196710,7.862656
,Germany,Baden-Württemberg,48.801370,8.655288
Vallei 53,Netherlands,Overijssel,52.178888,6.829194
,Czechia,Hradec Králové,50.571299,15.695224
North Mountain,United States,Pennsylvania,41.343180,-76.554773
Oyasu Onsen (湯沢市小安温泉スキー場),Japan,Akita Prefecture,39.009806,140.657603
,Austria,Upper Austria,48.504195,13.677613
The Remarkables Ski Area,New Zealand,Otago Region,-45.055739,168.813527
,China,Qinghai,36.704799,101.766679
Victor Constant Ski Area,United States,New York,41.393138,-73.982038
,United States,Montana,46.946735,-113.935764
,Russia,Leningrad,60.158118,30.574933
,Norway,Viken,59.575685,11.148852
Skálafell,Iceland,Capital Region,64.236459,-21.437643
Aizubange (会津坂下町営スキー場),Japan,Fukushima Prefecture,37.589176,139.799485
Figura Praděd,Czechia,Moravian-Silesian;Olomouc,50.071637,17.236685
Deer Hollow Non-Motorized Winter Recreation Area,United States,Utah,37.539547,-112.790943
,Russia,Moscow Oblast,55.986613,37.891366
,Finland,Uusimaa,60.288087,25.127112
,Latvia,Babites,56.950531,23.885476
,Norway,Trøndelag,63.004955,9.425958
,Russia,Murmansk,68.815552,32.847328
,Norway,Møre and Romsdal,63.279789,8.635043
Valdelén,Argentina,Santa Cruz,-51.574448,-72.355911
多乐美地度假山庄&滑雪场,China,Hebei,40.832916,115.374466
Hitt Mountain,United States,Idaho,44.629359,-116.928048
,Japan,Hokkaido Prefecture,44.727821,141.810471
Boogie Mountain,Canada,Ontario,46.239441,-81.773822
Loipenverbund Ostschwarzwald (Unterkirnach, Volkertsweiler),Germany,Baden-Württemberg,48.063181,8.404176
Wolverton Ski Bowl,United States,California,36.595856,-118.734741
Qanât Bakîch, Qanat Bakish,Lebanon,Mount Lebanon,33.963979,35.826242
Galtis,Sweden,Norrbotten,66.108997,17.931035
,Germany,North Rhine-Westphalia,51.078402,8.032173
,Russia,Tomsk,56.436724,84.980911
Monínec,Czechia,Central Bohemian;South Bohemian,49.546865,14.517302
Stożek,Czechia;Poland,Silesian Voivodeship,49.603875,18.834158
,United States,Maine,44.909235,-68.707316
,Russia,Yaroslavl,57.452263,39.742891
Nine Mile Forest,United States,Wisconsin,44.869724,-89.721641
Strážný,Czechia,South Bohemian,48.910207,13.720182
,Poland,Pomorskie,54.340497,18.175183
Ibergeregg-Handgruobi,Switzerland,Schwyz,47.011551,8.721446
,Switzerland,Valais,46.231697,7.442029
Piancavallo,Italy,Pordenone,46.107313,12.519024
,Russia,Kirov,56.274109,51.108494
,Finland,Pirkanmaa,61.324663,22.945203
,Czechia,Karlovy Vary,50.381930,12.891478
,Germany,Baden-Württemberg,47.776364,8.037683
さかえ倶楽部スキー場, Sakae Club Ski Area,Japan,Nagano Prefecture,36.999490,138.559859
,Germany,Bavaria,47.707817,12.471697
,Canada,Ontario,45.485453,-76.218488
Domaine Skiable Chamrousse,France,Isère,45.116627,5.886547
River Bend,United States,Wisconsin,43.169513,-88.870565
Yushe,China,Guizhou,26.449524,104.820681
Уязы-Тау (Uyazy-Tau),Russia,Bashkortostan,54.424888,53.442217
,Russia,Sverdlovsk,56.916623,60.857357
Saint-Urcize,France,Cantal,44.672891,2.981802
Kōtoku Cross-Country (光徳牧場),Japan,Tochigi Prefecture,36.795303,139.451804
Wolf Creek Ski Area,United States,Colorado,37.463210,-106.790450
,United States,Colorado,38.804495,-107.088236
Sarıkamış Cıbıltepe,Turkey,Kars,40.301595,42.603740
El Morredero,Spain,Leon,42.405821,-6.521758
,United States,Vermont,43.565297,-72.846539
Horses & Huskies,Argentina,Neuquen,-38.649606,-70.809697
,Finland,Satakunta,61.541255,21.655808
Satoyama (里山スキー場),Japan,Yamagata Prefecture,38.577212,140.359457
小樽天狗山スキー場, Otaru Tenguyama Ski Area,Japan,Hokkaido Prefecture,43.173652,140.970651
Great Dun Fell Ski Tow,United Kingdom,Westmorland and Furness,54.670424,-2.474781
Echo Valley Provincial Park Cross Country Ski Trails,Canada,Saskatchewan,50.794692,-103.898134
Stubai,Austria,Tyrol,47.093133,11.282318
Snowy Range,United States,Wyoming,41.337699,-106.180155
Казань (Kazan),Russia,Tatarstan,55.732792,48.715199
Loveland Valley Ski Area,United States,Colorado,39.682117,-105.879521
Wildhaus,Switzerland,Saint Gallen,47.181891,9.344331
Pfeffingen,Germany,Baden-Württemberg,48.252176,8.962441
Schollenwiesenlift Höfen,Austria,Tyrol,47.470432,10.675197
Maoke (Meren Glacier),Indonesia,Papua,-4.073246,137.180961
,Russia,Magadan,59.639162,150.768618
,Germany,Hesse,50.587182,8.995591
蔵王ライザワールド, Zao Liza World,Japan,Yamagata Prefecture,38.124056,140.410647
Haugsåsen (Granvin Alpin),Norway,Vestland,60.546703,6.749319
,Norway,Innlandet,61.155176,10.115681
,Sweden,Dalarna,61.020146,15.238970
Skilifte Prägraten am Großvenediger,Austria,Tyrol,47.017819,12.367384
Ala di Stura,Italy,Turin,45.303695,7.312163
Snow Valley,Canada,Manitoba,49.490486,-98.397739
Split Rock,United States,Pennsylvania,41.063304,-75.618296
Tveit skisenter,Norway,Agder,58.204529,8.105388
Unpenji Snow Park (スノーパーク雲辺寺ロープウェイ),Japan,Kagawa Prefecture,34.035062,133.720972
,Austria,Upper Austria,48.517997,14.003434
Peapack,United States,New Jersey,40.695871,-74.657700
Sharicho Unabetsu (斜里町ウナベツスキー場),Japan,Hokkaido Prefecture,43.926308,144.808547
,Germany,North Rhine-Westphalia,50.953347,7.654778
پیست اسکی دربندسر, Darbandsar Ski Resort,Iran,Tehran,36.015242,51.459722
,Norway,Vestland,60.315238,6.008385
North County School,United States,New York,44.222998,-73.893550
,Czechia,South Bohemian,48.862866,14.290023
Golm,Austria,Vorarlberg,47.074210,9.858797
,Russia,Yaroslavl,56.695214,38.795790
Fawn Ridge,United States,New York,44.290059,-74.000462
,Germany,Baden-Württemberg,48.019294,9.830530
豊富町温泉スキー場, Toyotomi Ski Area,Japan,Hokkaido Prefecture,45.076230,141.844439
,Finland,Uusimaa,60.199988,25.110320
Hashikami Nozawa (階上町野沢スキー場),Japan,Aomori Prefecture,40.435963,141.620100
,Sweden,Vasternorrland,62.372121,17.329017
La Crosse Snow Bowl,United States,Wisconsin,43.786896,-91.183852
Palouse Divide Nordic Ski Area,United States,Idaho,47.064363,-116.656856
Silver Bells,United States,New York,43.386836,-74.283199
Jahodná,Slovakia,Kosice,48.767244,21.128857
Hiihtokeskus Luosto-Ski,Finland,Lapland,67.149323,26.897903
,Sweden,Norrbotten,65.837204,21.659870
,Norway,Viken,60.036872,11.147941
Mont Vidéo,Canada,Quebec,48.416842,-77.779859
Huron Meadows Metropark,United States,Michigan,42.488368,-83.774733
,Russia,Chelyabinsk,55.677533,60.650415
Aussois,France,Savoie,45.247338,6.737985
Yokote Park (横手公園スキー場),Japan,Akita Prefecture,39.324322,140.574144
Charmey,Switzerland,Fribourg,46.627724,7.205651
Marble Mountain,United States,New York,44.392055,-73.857575
Goc,Serbia,Raska,43.558629,20.848249
,Finland,Tavastia Proper,61.102518,24.350813
,Ukraine,Lviv,50.006204,23.835457
須原スキー場, Suhara Ski Area,Japan,Niigata Prefecture,37.329482,139.008666
,Kazakhstan,Batys Qazaqstan,51.179680,51.362422
Nashoba Valley Ski Area,United States,Massachusetts,42.542445,-71.447905
北竜町営スキー場, Hokuryu Choei Ski Area,Japan,Hokkaido Prefecture,43.764277,141.851532
Rouge Gazon,France,Haut-Rhin;Vosges,47.851025,6.914427
,Russia,Ryazan,54.736407,39.856167
八甲田国際スキー場, Hakkoda Kokusai Ski Area,Japan,Aomori Prefecture,40.677764,140.834820
Kreischberg,Austria,Styria,47.082833,14.062507
,Russia,Pskov,56.308636,30.550024
,Romania,Suceava,47.482302,25.332030
ファミリーゲレンデ 霧ヶ峰スキー場, Family Gelände Kirigamine Ski Area,Japan,Nagano Prefecture,36.095922,138.162574
,Norway,Trøndelag,63.781290,9.913815
Lierneux (Le monty),Belgium,Liège,50.282433,5.777410
,Romania,Harghita,46.774594,25.723397
Za Nádražím,Czechia,Plzeň,49.162016,13.220441
,Russia,Perm,59.033102,54.618800
,Italy,Udine,46.556444,13.275435
Ovronnaz,Switzerland,Valais,46.202544,7.138183
,France,Isère,45.317304,5.801927
,Russia,Chelyabinsk,54.997793,60.352487
Rock Hill,United States,Minnesota,46.822558,-92.088851
Tri Town Ski and Snowboard Village,Canada,Ontario,47.361116,-79.572626
Ringo Kyowakoku (りんご今日話国スキー場),Japan,Hiroshima Prefecture,35.022600,132.875155
,Russia,Sverdlovsk,56.832764,60.432544
,Italy,Belluno,46.567436,12.716675
Schönried - Saanenmöser - Zweisimmen - St. Stephan,Switzerland,Bern,46.512456,7.343354
,Finland,Kymenlaakso,61.092200,27.061414
,Finland,Central Finland,61.861494,25.199179
Góra Parkowa,Poland,Lesser Poland Voivodeship,49.420396,20.960841
,Finland,Ostrobothnia,63.136788,22.263981
Langlauf-Zentrum Bayrischzell,Austria;Germany,Bavaria;Tyrol,47.671063,12.014210
U Pekina,Czechia,Olomouc,50.239935,17.347430
,Switzerland,Saint Gallen,47.381656,9.168931
Jugow Park,Poland,dolnoslaskie,50.651603,16.521479
,Canada,Quebec,46.306841,-74.618400
Lienzer Bergbahnen,Austria,Tyrol,46.840620,12.756216
,United States,Wisconsin,46.318697,-90.723291
,Czechia,Zlín,49.368745,17.784093
,Slovakia,Presov,48.952959,21.354308
Loipe Höhenkirchen-Siegertsbrunn,Germany,Bavaria,48.018493,11.730403
Kadohara (カドハラスキー場),Japan,Fukui Prefecture,35.962818,136.603393
Boyne Highlands Resort,United States,Michigan,45.477782,-84.936727
,Norway,Trøndelag,63.369776,10.411875
,Germany,Bavaria,48.677605,13.761980
Hovdebakken,Norway,Innlandet,60.795807,10.674602
,Germany,Bavaria,49.449858,11.302981
Füssen Loipen,Germany,Bavaria,47.577966,10.680492
,Germany,Baden-Württemberg,47.964916,8.269797
Mont Ste. Marie,Canada,Quebec,45.939818,-75.867183
,United States,Wisconsin,45.197533,-91.337375
志賀高原 熊の湯スキー場, Shiga Kogen Kumanoyu Ski Area,Japan,Nagano Prefecture,36.678079,138.496124
Большой Вудъявр,Russia,Murmansk,67.603975,33.732356
Jackson Hole Mountain Resort,United States,Wyoming,43.603245,-110.849982
Aillon-le-Jeune,France,Savoie,45.599943,6.109649
SKI Bukovina Turzovka,Slovakia,Zilina,49.396793,18.640638
,Canada,Quebec,47.120818,-70.899038
Bassett Mountain (Paleface),United States,New York,44.386369,-73.759825
Newaygo County Sports Park,United States,Michigan,43.470145,-85.774727
,Finland,Paijanne Tavastia,60.981261,25.514432
,Russia,Perm,58.136950,56.444202
,Russia,Kirov,58.681888,49.824709
Mingdu,China,Heilongjiang,45.665500,126.654356
Todtmoos,Germany,Baden-Württemberg,47.750509,7.999137
Paseky nad Jizerou,Czechia,Liberec,50.722822,15.391563
Skizentrum Tännicht Sohland,Germany,Saxony,51.039123,14.392905
,Czechia,Vysocina,49.632400,16.184999
Col de Légal (downhill),France,Cantal,45.070785,2.583131
,Switzerland,Valais,46.491412,8.285891
Vinterlandet Namsskogan,Norway,Trøndelag,64.748482,12.859906
Logoisk,Belarus,Minskaya Voblasts',54.183574,27.812042
,Canada,Alberta,49.375539,-114.358574
,Canada,Alberta,53.189913,-113.044719
,United States,Oregon,42.198047,-122.469350
Hyland Hills Ski Area,United States,Minnesota,44.843159,-93.365549
Afton State Park,United States,Minnesota,44.856497,-92.779935
,Russia,Bashkortostan,54.808070,56.041480
,Germany,Lower Saxony,52.202227,8.211043
Rankoshi Town Chisenupuri (蘭越町チセヌプリスキー場),Japan,Hokkaido Prefecture,42.869332,140.594067
Como Park Ski Center,United States,Minnesota,44.985264,-93.148595
,United States,Oregon,44.440550,-121.695571
,Norway,Innlandet,60.569244,11.366508
Borsec,Romania,Harghita,46.977728,25.581774
,Russia,Moscow Oblast,56.156619,37.858716
Mount Joy,Canada,Alberta,53.102141,-110.152788
Friends of a Fierce Chase Cross Country Ski Trails,United States,Maine,45.309030,-69.515728
Les Angles, Els Angles,France,Pyrénées-Orientales,42.573299,2.052938
Iasi,Romania,Iasi,47.191140,27.570975
,Germany,Bavaria,47.719043,12.398942
,Norway,Troms og Finnmark,69.494209,30.037878
Skiareál Mýtiny,Czechia,Liberec,50.770555,15.386262
,Croatia,Primorsko-goranska,45.265185,14.953156
Station d'Entre-les-Fourgs,France,Doubs,46.758969,6.414139
Bungerloch,Austria,Tyrol,47.267890,10.752962
Love Creek County Park,United States,Michigan,41.952301,-86.303953
,Russia,Murmansk,67.664522,33.714271
,Finland,Southern Ostrobothnia,63.123057,23.823522
Centre de Ski Lac Carling,Canada,Quebec,45.748503,-74.531282
,Russia,Novgorod,58.382968,33.277890
Ski Centre Sandyford,Ireland,Dublin,53.278215,-6.219355
,Russia,Kamchatka,53.101392,158.632859
Sundown Mountain Resort,United States,Iowa,42.516749,-90.822705
グランデコスノーリゾート, Grandeco Snow Resort,Japan,Fukushima Prefecture,37.705956,140.128958
,Finland,Ostrobothnia,63.079416,21.693108
Slavske - Trostyan,Ukraine,Lviv,48.858436,23.405548
,Canada,Saskatchewan,52.111042,-106.578618
,Russia,Leningrad,60.451277,30.309082
Ski Chantecler,Canada,Quebec,45.957168,-74.171940
びわ湖バレイ スキー場, Biwako Valley,Japan,Shiga Prefecture,35.214001,135.890109
Rajkovo,Serbia,Borski upravni okrug,44.433630,21.975077
,Finland,Northern Savonia,63.080193,27.697059
Redstone,United States,Colorado,39.173936,-107.241746
Bennau /Einsiedeln,Switzerland,Schwyz,47.142673,8.732133
,Sweden,Kalmar,57.774539,16.146330
Capitol Hill,United States,Colorado,40.271216,-106.954586
,Slovakia,Zilina,49.111897,19.750366
Autrans - Grand domaine la Sure,France,Isère,45.228991,5.585645
Plumas Eureka Ski Bowl,United States,California,39.766309,-120.700092
,Sweden,Orebro,59.406932,14.588243
Geneva Basin,United States,Colorado,39.569043,-105.726113
Kane Valley Cross Country Ski Trails,Canada,British Columbia,49.994784,-120.667026
,Sweden,Uppsala,59.798039,17.662662
Lone Rock Trail,United States,Minnesota,44.685090,-93.056211
,Germany,Bavaria,48.822075,13.201980
WinSport (Canada Olympic Park),Canada,Alberta,51.079722,-114.215833
Skigebiet Grebenzen,Austria,Styria,47.060436,14.326159
,Norway,Viken,59.906944,11.259856
,United States,Utah,40.449513,-111.672694
Mount Molson Ski Hill,Canada,Ontario,45.895997,-77.252362
Clifton E. French Regional Park,United States,Minnesota,45.022987,-93.439398
圣洁摇篮山滑雪场,China,Heilongjiang,46.307376,131.986753
,Finland,Lapland,66.518039,25.624422
Kaste Petříkov,Czechia,Olomouc,50.200209,17.040654
,Norway,Vestland,60.311183,6.395142
Wintersportzentrum Losheimergraben,Belgium;Germany,Liège;North Rhine-Westphalia,50.374197,6.343463
Cameron Pass,United States,Colorado,40.525612,-105.890473
Ski Valley Club,United States,New York,42.698775,-77.422457
暑寒別岳スキー場, Mashike Choei Shokanbetsudake Ski Area,Japan,Hokkaido Prefecture,43.807833,141.534360
,Finland,Northern Ostrobothnia,63.903364,24.375691
,Finland,Southern Ostrobothnia,62.543616,23.062725
Temple Mountain Ski Area,United States,New Hampshire,42.845121,-71.887181
,Norway,Innlandet,62.516587,11.004650
Echo Valley Ski Area,United States,Washington,47.937034,-120.057352
Mt Donna Buang,Australia,Victoria,-37.707434,145.682640
,Russia,Nizhny Novgorod,56.618247,43.398371
Pyhä Ski Resort,Finland,Lapland,67.026278,27.226861
Silverwood,Canada,New Brunswick,45.962905,-66.808913
Yasakae Town Swiss Village (スイス村スキー場),Japan,Kyoto Prefecture,35.692971,135.204892
Urnäsch,Switzerland,Appenzell Ausserrhoden,47.309297,9.288189
Les Karellis,France,Savoie,45.216009,6.399772
,Finland,Kainuu,64.209480,29.737760
Kanggye Ski Resort,North Korea,Chagang,40.985040,126.600122
,Italy,Bergamo,45.954425,9.751782
Camillus,United States,New York,43.035768,-76.285377
Macesnovc Rateče,Italy;Slovenia,Udine;Upper Carniola,46.487547,13.706757
,Austria;Germany,Bavaria;Vorarlberg,47.490182,9.995611
,Austria,Tyrol,47.503393,12.109361
Klacken,Sweden,Orebro,59.911646,15.032061
La Martinaux,Switzerland,Vaud,46.216602,7.045774
Agassiz,Canada,Manitoba,50.761219,-99.673977
,Finland,Southwest Finland,60.683585,21.469842
,Finland,South Karelia,61.231420,28.835129
Ollomont,Italy,Valle D'Aosta,45.849702,7.309059
Ski Petříkov,Czechia,Olomouc,50.200927,17.039445
Mackenzie Cross-Country Trail,United States,Michigan,44.239789,-85.735762
长春莲花山滑雪场,China,Jilin,43.858437,125.733080
Kals-Matrei,Austria,Tyrol,47.002847,12.601587
Musket Mountain (Brookline),United States,New Hampshire,42.730622,-71.666243
邯郸佛山滑雪场,China,Hebei,36.723202,114.361544
,Poland,Lesser Poland Voivodeship,49.478541,20.822519
,Germany,North Rhine-Westphalia,50.538703,6.292395
,Norway,Møre and Romsdal,62.665808,8.078273
,Switzerland,Graubunden,46.767438,9.149369
San Simone,Italy,Bergamo,46.041247,9.696229
,Germany,Saxony,50.520334,12.767877
,Norway,Nordland,65.406872,12.268138
,United States,Wyoming,43.575607,-110.828107
,Finland,Northern Ostrobothnia,65.998462,29.238087
,Norway,Nordland,66.994191,14.823594
OC Bjelašnica ZOI '84,Bosnia and Herzegovina,Sarajevo,43.710662,18.273333
,Norway,Viken,59.451029,11.527543
,Canada,Saskatchewan,50.669453,-102.045790
Gilley,France,Doubs,47.059044,6.457229
Chickley Alp,United States,Massachusetts,42.625844,-72.906175
,Canada,Newfoundland and Labrador,47.582647,-52.734377
,Finland,Northern Ostrobothnia,64.295855,24.749296
Romme Alpin,Sweden,Dalarna,60.388533,15.392832
Skigebiet Nebelhorn,Germany,Bavaria,47.412191,10.329184
,Sweden,Jamtland,63.174587,15.595197
,Finland,Uusimaa,60.492425,25.109189
Valdres Alpinsenter,Norway,Innlandet,60.935437,9.429250
Fernwood,United States,Pennsylvania,41.077232,-75.024390
,France,Cantal,44.988121,2.707533
Hochhäderich,Austria,Vorarlberg,47.484511,9.988047
Southampton Alpine Centre,United Kingdom,Southampton,50.942195,-1.416055
,Norway,Vestfold og Telemark,59.160759,8.621781
,France,Doubs,47.003654,6.114021
Méaudre,France,Isère,45.125404,5.512126
,Russia,Krasnoyarsk,56.012081,92.714490
Schneeberglifte Thiersee,Austria,Tyrol,47.583781,12.092682
,Czechia,South Bohemian,49.015071,13.713129
Hockley Valley Resort,Canada,Ontario,43.975283,-80.048472
,Finland,Paijanne Tavastia,61.022266,25.766065
黒姫高原スノーパーク, Kurohime Kogen,Japan,Nagano Prefecture,36.824719,138.159897
Lindbacksstadion,Sweden,Norrbotten,65.315147,21.287230
Early Winter Resort,United States,Washington,48.556614,-120.433502
,Czechia,Pardubice,49.789039,15.788223
,Slovakia,Trenciansky kraj,48.902851,18.326063
,Germany,Baden-Württemberg,48.749906,8.529851
,United States,Oregon,43.156238,-122.136947
Kartepe,Turkey,Kocaeli,40.648605,30.097024
Oberegg,Switzerland,Appenzell Innerrhoden,47.415613,9.548346
,Russia,Moscow City;Moscow Oblast,55.752807,37.358294
,Finland,Southern Ostrobothnia,62.976851,23.822670
,United States,Alaska,59.395861,-139.468809
Pragelato,Italy,Turin,44.990159,6.940291
Yunmen Mountain,China,Shandong,36.644530,118.458534
,France,Corrèze,45.696517,2.117629
Ogemaw Hills,United States,Michigan,44.307675,-84.297404
Sky Tavern,United States,Nevada,39.336870,-119.872727
,United States,New York,44.069782,-74.037992
Snow Riders,United States,West Virginia,39.315411,-77.770534
Splügen-Tambo,Switzerland,Graubunden,46.531854,9.319197
,Switzerland,Graubunden,46.691458,8.832170
Cascade Mountain,United States,Wisconsin,43.500065,-89.517345
Monte Volturino,Italy,Potenza,40.415493,15.822090
,Austria,Upper Austria,47.946708,14.579625
Snowshoe Mountain,United States,West Virginia,38.424160,-79.994556
,Austria,Salzburg,47.493724,13.382518
丝绸之路滑雪场,China,Xinjiang Uyghur,43.433082,87.412299
Big Hill Nordic,United States,Idaho,44.496246,-114.363354
Sami Swoi,Poland,Lesser Poland Voivodeship,49.365845,20.037892
Beiningen,Germany,Baden-Württemberg,48.381304,9.815044
Garda de Sus (Upper Garda),Romania,Alba,46.455524,22.805620
Hei Park Tošovice,Czechia,Moravian-Silesian,49.694205,17.839797
,Sweden,Norrbotten,68.430841,22.440394
,Germany,Lower Saxony,51.772919,9.553462
,Finland,North Karelen,63.329339,29.970420
,United States,Vermont,44.602015,-72.499165
,Norway,Møre and Romsdal,62.932678,8.992134
Wackersberg,Germany,Bavaria,47.735283,11.536503
,Poland,dolnoslaskie,50.792199,15.513409
Garibaldi at Squamish,Canada,British Columbia,49.815392,-123.122063
,Germany,Hesse,50.509797,9.241281
,Slovakia,Banska Bystrica,48.873408,19.962725
Forbush Corner Nordic Cross Country Skiing Center,United States,Michigan,44.780924,-84.706320
ノルン水上, Norn Minakami,Japan,Gunma Prefecture,36.741501,138.933347
,Norway,Vestfold og Telemark,59.222082,9.539740
Breimsbygda Skisenter,Norway,Vestland,61.765235,6.512646
,Russia,Moscow City,55.800896,37.659702
Ski Devil,United States,Minnesota,47.532850,-96.308899
,Canada,Yukon,60.700283,-137.459304
Col de l'Arzelier,France,Isère,44.990737,5.587391
Divcibare,Serbia,Kolubarski upravni okrug;Zlatiborski upravni okrug,44.103415,20.000301
Skigebiet Petzen,Austria,Carinthia,46.523342,14.776882
,Russia,Nizhny Novgorod,55.968827,43.123462
,Russia,Leningrad,60.167742,30.480848
Pallas Ski Resort, Hiihtokeskus Pallas,Finland,Lapland,68.054134,24.048680
,United States,Idaho,43.631476,-111.101521
,Norway,Viken,59.694386,9.784585
,Germany,Baden-Württemberg,48.170629,8.843157
Röhrenmoos,Switzerland,Aargau;Zurich,47.400952,8.380111
Estación de esquí de Valdesquí,Spain,Madrid;Segovia,40.797891,-3.971954
,Czechia,Olomouc;South Moravian,49.513450,16.764765
,Norway,Innlandet,60.268990,11.617838
Jasenka,Czechia,Zlín,49.362285,18.004635
,Sweden,Vasternorrland,63.377412,18.584838
Conquistador Ski Resort,United States,Colorado,38.117985,-105.584261
Gargellen,Austria,Vorarlberg,46.962041,9.904603
Kamienica/Bolesławów,Poland,dolnoslaskie,50.250959,16.886624
Stenkällegården,Sweden,Vastra Gotaland,58.680984,14.594335
,Slovenia,Gorizia,45.921712,14.051854
Salmon Ridge Sno-Park,United States,Washington,48.903560,-121.694999
グランディ羽鳥湖スキーリゾート, Grandee Hatoriko Ski Resort,Japan,Fukushima Prefecture,37.213332,140.020976
Big Bear Ski Resort,United States,Pennsylvania,41.524201,-75.023454
サンライバスキー場, Sanlaiva,Japan,Hokkaido Prefecture,42.521544,141.096501
Siglufjordur,Iceland,Northeast,66.117875,-18.996391
,Germany,Baden-Württemberg,48.615542,8.282823
,Norway,Trøndelag,64.507138,11.836896
,Germany,Bavaria,47.622532,10.805218
Telemark Cross-Country Ski Trails Recreation Site,Canada,British Columbia,49.870477,-119.721652
Sakami,Canada,Quebec,53.701638,-76.065858
,Germany,Bavaria,49.031160,13.147970
Яхрома (Yakhroma),Russia,Moscow Oblast,56.268169,37.474790
Kiandra,Australia,New South Wales,-35.873431,148.495105
,Czechia,Hradec Králové,50.562974,16.037198
Vallee du Parc,Canada,Quebec,46.614950,-72.800412
Jiminy Peak Resort,United States,Massachusetts,42.550308,-73.286252
,Sweden,Dalarna,60.150272,15.240161
,Finland,Northern Ostrobothnia,65.036524,25.488883
和寒東山スキー場, Wassamu Higashiyama Ski Resort,Japan,Hokkaido Prefecture,44.036874,142.417571
Ombergsliden,Sweden,Ostergotland,58.357738,14.687665
Urasa (浦佐スキー場),Japan,Niigata Prefecture,37.162550,138.914095
,Austria,Upper Austria,47.625418,13.635892
志賀高原 一の瀬山の神スキー場, Shiga Kogen Ichinose Yamanokami Ski Area,Japan,Nagano Prefecture,36.742913,138.509459
,United States,Utah,40.640534,-111.634831
Gantrisch - Rueschegg,Switzerland,Bern,46.747483,7.426420
Triglav,Slovenia,Upper Carniola,46.379920,13.850541
,Austria;Germany,Bavaria;Vorarlberg,47.364952,10.179405
,Ukraine,Ivano-Frankivs'k,48.145919,24.765245
,United States,Michigan,44.889348,-86.010179
Skicentrum de Wijchense Berg,Netherlands,Gelderland,51.797525,5.760512
,Germany,Bavaria,50.186138,12.051712
,Norway,Agder,58.192773,7.885388
Westernberg (Ruhpolding),Germany,Bavaria,47.765998,12.639105
,Czechia;Germany,Saxony;Ústecký,50.418160,12.985084
,Finland,Southern Savonia,61.901226,29.256293
寿都町民スキー場, Suttsu Town Ski Area,Japan,Hokkaido Prefecture,42.793017,140.219779
Perfect North Slopes,United States,Indiana,39.148082,-84.885620
Spökbacken,Sweden,Sodermanland,58.949987,16.269262
,Finland,Ostrobothnia,63.383571,22.654099
扬州邵伯湖滑雪场,China,Jiangsu,32.498957,119.478552
,Germany,Bavaria,47.745746,11.932696
,United States,Vermont,44.641864,-72.510735
,Ukraine,Zakarpattia,48.041763,24.221494
Lvxinchun,China,Shandong,35.228974,116.886352
会津高原たかつえスキー場, Aizu Kogen Takatsue Ski Resort,Japan,Fukushima Prefecture,37.116312,139.633600
,Norway,Agder,58.148896,8.084547
,Finland,South Karelia,61.047714,28.246342
,Russia,Moscow Oblast,55.503497,38.700037
,Finland,Southern Savonia,61.743485,29.378846
,Norway,Trøndelag,63.646439,11.568315
Skilift Floiten Ginzling,Austria,Tyrol,47.099125,11.810847
Blidinje - Risovac,Bosnia and Herzegovina,Herzegovina-Neretva,43.650088,17.570350
,France,Vosges,47.957784,6.854622
St.Lawrence University Snow Bowl,United States,New York,44.489198,-74.863837
Cranmore Tubing Park,United States,New Hampshire,44.054078,-71.109476
Eschenberglifte,Germany,North Rhine-Westphalia,51.245453,8.528627
Paradise,United States,Washington,46.786897,-121.736755
Zigana,Turkey,Gumushane,40.641821,39.402870
Štós - Šikmá stráň,Slovakia,Kosice,48.705035,20.798241
Loon Mountain Resort,United States,New Hampshire,44.048803,-71.636589
,Norway,Viken,59.841900,9.884086
,Russia,Arkhangelsk,64.885509,45.730333
Siepraw,Poland,Lesser Poland Voivodeship,49.904672,19.994596
,Russia,Leningrad,60.531436,29.744264
,Sweden,Gavleborg,61.381654,16.303654
,Finland,Pirkanmaa,61.451673,23.824704
Biskey Ponds Ski Trails,United States,Minnesota,46.964345,-92.282948
,Norway,Trøndelag,62.903727,11.300122
,Russia,Kemerovo,52.764678,87.947775
Saint Nicolas La Chapelle,France,Savoie,45.813472,6.507770
Alpine Rose (アルペンローズスキー場),Japan,Hyogo Prefecture,35.510705,134.649683
,Germany,Thuringia,50.590366,10.252281
,Germany,Bavaria,47.834137,12.262213
,Switzerland,Ticino,46.481287,8.754687
,Russia,Moscow Oblast,55.763698,38.048760
Mont Castor,Canada,Quebec,48.766712,-67.545749
,Norway,Vestfold og Telemark,59.206312,9.376710
,Latvia,Jaunpiepalgas;Madonas;Vecpiebalgas,57.105094,25.916684
,Sweden,Jamtland,63.572989,14.264833
,Russia,Murmansk,67.660319,33.657243
,United States,California,39.048298,-120.136097
Ski Wentworth,Canada,Nova Scotia,45.608514,-63.562141
Mother Bear Ski Trail,United States,Minnesota,47.242778,-91.875909
,Russia,Khanty-Mansi,60.113691,64.815282
Bottineau Winter Park,United States,North Dakota,48.950521,-100.471945
,Finland,Southern Ostrobothnia,62.775063,22.800580
,Germany,North Rhine-Westphalia,51.024719,7.713582
,Slovakia,Banska Bystrica,48.730340,19.074563
,Germany,Hesse,50.627413,8.291287
,Germany,Thuringia,50.462857,11.524381
Mt Wawasee,United States,Indiana,41.467830,-85.819616
Taylor Mountain,United States,Idaho,43.329423,-111.929183
ブルーリゾート乗鞍, Blue Resort Norikura,Japan,Nagano Prefecture,36.117293,137.605114
,Sweden,Jamtland,63.747363,14.843637
商量岗滑雪场,China,Zhejiang,29.722823,121.198091
ダイナランドスキー場, Dynaland Ski Area,Japan,Gifu Prefecture,35.991355,136.862215
Pine Bend Ski Area,United States,Minnesota,44.764942,-93.020554
Ski centrum Kozinec,Slovakia,Zilina,49.293022,19.186918
,Germany,Bavaria,49.161334,12.936507
Deštné v Orlických horách,Czechia;Poland,Hradec Králové;dolnoslaskie,50.299706,16.360024
,Switzerland,Bern,46.632131,7.828134
Buffaure - Ciampac,Italy,Trento,46.439344,11.747286
,Russia,Moscow City,56.001714,37.187543
Brighton Resort,United States,Utah,40.594564,-111.582041
,Finland,Northern Ostrobothnia,64.453657,25.066258
Montecampione,Italy,Brescia,45.815567,10.210995
,Russia,Moscow Oblast,55.696204,37.250883
Na Stoku,Poland,dolnoslaskie,50.676616,16.444864
,United States,Idaho,47.609299,-116.547469
Yanaba (ヤナバスキー場),Japan,Nagano Prefecture,36.602799,137.856853
,Norway,Møre and Romsdal,62.711355,6.884737
,Norway,Nordland,69.020085,15.731380
Mont Rigaud,Canada,Quebec,45.465898,-74.334991
Mont du Lac,United States,Wisconsin,46.650388,-92.283594
Peek'n Peak Ski Area,United States,New York,42.064075,-79.740155
Stacja Narciarska Świniorka,Poland,Silesian Voivodeship,49.685869,18.905558
,Germany,Baden-Württemberg,48.776732,10.226349
Stables / Nauders,Austria,Tyrol,46.884952,10.525246
,Norway,Vestfold og Telemark,59.558850,9.101090
,Germany,Saxony,50.877583,13.116659
Inkpa Du Ta,United States,South Dakota,45.306052,-96.470014
Trollhaugen Ski Area,United States,Wisconsin,45.349612,-92.621956
Ski Grúniky,Slovakia,Zilina,49.514609,19.376453
Babica,Poland,Podkarpackie,49.930675,21.892951
Zielona Brama,Poland,Pomorskie,54.200249,18.324827
Yonaizawa (米内沢スキー場),Japan,Akita Prefecture,40.115315,140.379638
,Finland,North Karelen,63.235309,29.207254
Skilifte Stanzach,Austria,Tyrol,47.377227,10.561965
Горнолыжный склон «Воробьёвы горы», 沃罗比约维戈里滑雪场,Russia,Moscow City,55.709215,37.546715
پیست اسکی آبعلی, Abali Ski Resort,Iran,Tehran,35.765799,51.990294
,Germany,Bavaria,49.014306,12.781008
Måttsundsbacken,Sweden,Norrbotten,65.558052,21.923227
Terra-ski park, Терраски парк,Russia,Nizhny Novgorod,56.082842,44.420303
,Germany,Hesse,50.510396,9.218017
,United States,Minnesota,44.832833,-93.454108
Tetnuldi, Тетнулди,Georgia,Samagrelo-Zemo Svaneti,43.028400,42.899563
Velykyj,Ukraine,Zakarpattia,48.117549,23.895625
Willard Mountain,United States,New York,43.021643,-73.520205
Bakcy Na Goruszce,Poland,Silesian Voivodeship,49.795486,18.940437
Münster - Geschinen,Switzerland,Valais,46.492202,8.268051
Skigebiet Arnsberglifte,Germany,Bavaria,50.398786,9.964702
Habkern,Switzerland,Bern,46.731517,7.853696
八幡平市田山スキー場, Tayama Ski Area (Hachimantai City),Japan,Iwate Prefecture,40.130906,140.950125
,Poland,dolnoslaskie,50.781292,15.739050
NorthWoods Stewardship Center,United States,Vermont,44.835700,-71.955322
おじろスキー場, Ojiro Ski Resort,Japan,Hyogo Prefecture,35.464528,134.513141
Caribou,United States,Idaho,42.869045,-112.340999
Nakadomari Miyanosawa (中泊町役場 宮野沢スキー場),Japan,Aomori Prefecture,40.966359,140.449056
Tuckerman Ravine,United States,New Hampshire,44.262228,-71.297793
,Germany,Bavaria,48.798755,13.540370
,Sweden,Jamtland,63.085898,14.664201
,Russia,Moscow Oblast,55.832913,39.018518
Stupava,Czechia,Zlín,49.121228,17.254195
Ruunarinteet,Finland,Southern Savonia,61.839781,28.843206
Skigebiet Bodental,Austria,Carinthia,46.475538,14.232631
,Russia,Nenets,67.234868,52.269267
Climax,United States,Colorado,39.368617,-106.191599
,Norway,Innlandet,61.611413,9.723064
,Austria,Tyrol,47.227576,11.248970
,Austria,Salzburg,47.369891,12.523792
,Sweden,Vasternorrland,62.697347,16.771157
Competition Trails,United States,Michigan,47.108363,-88.543647
Stříbrnice - Návrší,Czechia,Olomouc,50.181625,16.890098
Sonnenlift Axams,Austria,Tyrol,47.225909,11.272369
,Germany,Hesse,50.251060,8.494461
,Norway,Innlandet,60.642521,10.328483
Brundage Mountain,United States,Idaho,44.999788,-116.142586
Plateau De Mount,United States,Pennsylvania,40.072652,-79.228588
Antoine Mountain,Canada,Ontario,46.365017,-78.739047
,Sweden,Norrbotten,68.337033,18.663028
Mezihoří,Czechia,Ústecký,50.537248,13.364542
仙女山滑雪场,China,Chongqing,29.474334,107.719005
Lachat,France,Ain,46.089830,5.652544
,Canada,Saskatchewan,51.206509,-102.503624
,Germany,Bavaria,47.562229,9.837013
Karakoli,Greece,Epirus,39.782078,21.154430
Gullingen skisenter,Norway,Rogaland,59.410805,6.466570
,Norway,Troms og Finnmark,68.891169,16.573975
,Norway,Trøndelag,63.550322,10.075801
Fortress Mountain Resort,Canada,Alberta,50.827918,-115.206934
Les Portes du Mont-Blanc,France,Haute-Savoie;Savoie,45.880842,6.586660
Petehovac Delnice,Croatia,Primorsko-goranska,45.380859,14.820434
Vent,Austria,Tyrol,46.862569,10.909555
,Canada,Quebec,46.086641,-73.766788
,United States,Colorado,38.522283,-106.960706
La Pente A Neige,Canada,Quebec,45.455224,-73.606875
白山セイモアスキー場, Hakusan Senjo Onsen Seymour Ski Area,Japan,Ishikawa Prefecture,36.343594,136.685567
Cristallo - Faloria,Italy,Belluno,46.555705,12.174953
Tillicum Valley,Canada,British Columbia,50.324532,-119.119349
,Switzerland,Glarus,46.954780,9.032472
Parcel 5,United States,Vermont,43.740946,-72.338472
,Russia,Krasnoyarsk,56.003254,92.744325
,Switzerland,Zug,47.135685,8.563783
,Finland,Northern Savonia;Southern Savonia,62.441682,27.662056
,Germany,Baden-Württemberg,48.118017,9.104814
University of Minnesota Nordic Center,United States,Minnesota,44.995877,-93.193090
Canaan Valley Resort,United States,West Virginia,39.004024,-79.436487
Folgarida-Marilleva,Italy,Trento,46.296810,10.834710
,Latvia,Erglu,56.908770,25.641045
Sarkhia Tsanyn Baaz,Mongolia,Erdenet,49.022336,104.061985
Attitash Mountain Resort,United States,New Hampshire,44.076592,-71.235514
Matsurube (まつるべスノーランド),Japan,Iwate Prefecture,39.011909,140.863672
,Sweden,Stockholm,59.248494,18.071101
Ski Jam Katsuyama (スキージャム勝山),Japan,Fukui Prefecture,36.073006,136.556477
Эдельвейс, Edelveis,Russia,Tomsk,56.345340,84.973738
Rochesson,France,Vosges,48.026036,6.820791
Three Forks Ranch,United States,Colorado,40.991826,-107.059882
Szklana Góra Ski,Poland,Lesser Poland Voivodeship,49.810854,19.789608
Val d'Allos - Le Seignus,France,Alpes-de-Haute-Provence,44.231028,6.606759
Snow Wave Park Shiratori Kogen (スノーウェーブパーク白鳥高原),Japan,Gifu Prefecture,35.954105,136.801816
Antermoia, Untermoi,Italy,Bolzano/Bozen,46.690394,11.846873
,Czechia,Hradec Králové,50.400891,16.197673
,Russia,Moscow Oblast,56.015401,38.294559
Racing Camp Nobeyama (レーシングキャンプ野辺山),Japan,Nagano Prefecture,35.929303,138.470636
,Russia,Udmurt,56.479429,53.748543
,Russia,Chelyabinsk,55.100726,59.637177
,Sweden,Norrbotten,66.089536,21.791574
Altglashütten,Germany,Baden-Württemberg,47.853807,8.108614
Mieminger Plateau,Austria,Tyrol,47.304725,10.897617
Dobogókő Sípálya,Hungary,Komárom-Esztergom;Pest,47.720117,18.908635
Hochkössen - Unterberghorn,Austria,Tyrol,47.636649,12.430058
Malbun,Liechtenstein,Liechtenstein,47.098639,9.610398
Mont-Gibloux,Switzerland,Fribourg,46.688972,7.035707
Pradaschier,Switzerland,Graubunden,46.781531,9.524175
,Germany,Bavaria,49.474827,11.978568
,Norway,Nordland,66.247469,14.481857
Mont Gleason,Canada,Quebec,45.931315,-71.962281
,Norway,Nordland,66.188434,13.780445
,Germany,North Rhine-Westphalia,50.950757,7.652957
,Germany,Bavaria,50.341409,11.065543
,Sweden,Jamtland,62.862111,12.785860
Медвежья долина (Medvezhya dolina),Russia,Primorsky,46.858845,134.440753
,Finland,Paijanne Tavastia,61.549123,25.696971
Туутари-Парк (Tuutari-park),Russia,Leningrad,59.693264,30.178074
,Norway,Troms og Finnmark,69.420085,19.677514
Pezinská Baba,Slovakia,Bratislava,48.344342,17.193099
,Slovakia,Banska Bystrica,48.599569,19.672957
,Germany,Thuringia,50.624710,10.763099
,Russia,Mari El,56.540067,48.411042
Golsfjellet,Norway,Viken,60.826802,8.987306
,Canada,Alberta,53.685017,-113.268723
Puy-Saint-Vincent,France,Hautes-Alpes,44.812617,6.479374
,Norway,Nordland,67.034349,14.043357
Rochers-de-Naye,Switzerland,Vaud,46.438467,6.967465
FQME - Station Mont Ste-Cécile,Canada,Quebec,45.707032,-70.971968
,Norway,Vestfold og Telemark,58.935511,9.118680
,Germany,Baden-Württemberg,48.070133,8.982647
,Slovakia,Banska Bystrica;Zilina,48.874057,19.704173
,Slovakia,Presov,48.964742,21.206177
,Ukraine,Ternopil,49.528051,25.513933
Chopok Jasná,Slovakia,Banska Bystrica;Zilina,48.956558,19.588470
,United States,Colorado,39.046136,-108.043836
Stacja narciarska Rybno,Poland,Podlaskie,53.116952,22.181117
Snowland Ski Park,Turkey,Ankara Province,39.844234,32.861842
,Finland,Uusimaa,60.329227,25.220713
,Russia,Lipetsk,52.364126,38.923259
,Latvia,Cesu;Priekulu,57.305171,25.379549
Monte Cimone,Italy,Modena,44.195711,10.704118
Myojindaira (明神平スキー場),Japan,Mie Prefecture,34.368110,136.088368
,Estonia,Saare,58.244813,22.451113
Takinouecho Sakuragaoka (桜ヶ丘スキー場),Japan,Hokkaido Prefecture,44.190208,143.105337
Dousberg,Belgium,Limburg,50.855891,5.644613
Sun Valley - Bald Mountain,United States,Idaho,43.667482,-114.391240
Le Schlumpf,France,Haut-Rhin,47.789141,6.917546
Аджигардак (Adzhigardak),Russia,Chelyabinsk,54.977691,57.336291
,Canada,New Brunswick,47.974487,-66.677334
Bellwald,Switzerland,Valais,46.440639,8.164670
,Germany,Baden-Württemberg,48.597326,10.003949
,Austria,Vorarlberg,47.314850,10.142632
湯沢パークスキー場, Yuzawa Park Ski Resort, Yuzawa pāku sukī- ba,Japan,Niigata Prefecture,36.923834,138.859093
Feldberg,Germany,Baden-Württemberg,47.855212,8.021729
,Norway,Vestfold og Telemark,59.101494,10.193046
,Finland,Uusimaa,60.267584,24.431717
,Russia,Moscow Oblast,55.986225,37.965672
,Finland,North Karelen,62.781725,29.534313
,Germany,Baden-Württemberg,48.123028,8.698322
,Russia,Tatarstan,56.122642,49.207409
Ski Branná,Czechia,Olomouc,50.153791,17.001284
,Russia,Pskov,57.784574,28.337244
,Czechia,South Bohemian,49.192550,15.293667
,Finland,Ostrobothnia,63.126785,21.714271
,Finland,Kymenlaakso,60.452974,26.939473
Tokamachi City Citizen (十日町市民スキー場),Japan,Niigata Prefecture,37.114977,138.768519
,Poland,Lesser Poland Voivodeship,49.337475,19.953147
,Germany,Saxony,50.678458,13.487618
Prospect Hill,United States,Massachusetts,42.393196,-71.252174
The Lecht,United Kingdom,Aberdeenshire;Moray,57.201032,-3.248323
Praxmar - Lüsens (Sellraintal),Austria,Tyrol,47.139232,11.139222
,Norway,Vestfold og Telemark,59.510711,8.142389
Friesovy boudy,Czechia,Hradec Králové,50.699143,15.651904
,Italy,Potenza,39.941407,16.254033
Bauneg Beg Ski Trails,United States,Maine,43.388816,-70.780596
Thunder Ridge,United States,New York,41.508288,-73.580976
,France,Vosges,48.094099,6.996081
,United States,New Mexico,35.831082,-106.426900
,United States,Washington,48.525682,-120.651798
Nesfjellet Alpinsenter,Norway,Viken,60.533347,9.044490
,Czechia,Zlín,49.387032,17.679138
Estació de muntanya Vall de Núria,Spain,Girona,42.396416,2.157611
Mt. Hood Meadows Ski Resort,United States,Oregon,45.335225,-121.661789
,Finland,Southern Ostrobothnia,62.680884,23.304653
Jenner (Berchtesgadener Land),Germany,Bavaria,47.582108,13.020172
Nedover Alpinbakke,,,78.216330,15.657712
,Finland,Northern Ostrobothnia,64.254037,24.601529
,Austria,Tyrol,47.201818,11.107500
Roccaraso - Rivisondoli,Italy,L'Aquila,41.834575,14.020166
,Finland,Central Finland,62.265342,25.186524
Niedere Andelsbuch-Bezau,Austria,Vorarlberg,47.400474,9.927821
Hübeli,Switzerland,Lucerne,47.058686,7.956550
,Canada,Quebec,45.419241,-73.289105
Gaaler Lifte,Austria,Styria,47.261045,14.680968
Spring Lake,Canada,Alberta,55.505190,-119.586582
Sun Peaks Resort,Canada,British Columbia,50.890152,-119.894601
,Sweden,Jamtland,62.936862,14.522290
Skalka,Slovakia,Banska Bystrica;Zilina,48.739469,18.991062
,Austria,Salzburg,47.145391,13.781380
,Norway,Nordland,68.101450,15.933080
Eikedalen skisenter,Norway,Vestland,60.409698,5.913434
,Czechia;Germany,Saxony;Ústecký,50.571895,13.403855
,Russia,Leningrad,60.755628,28.738772
Ski Club de Spa,Belgium,Liège,50.457685,5.868991
,Finland,Kainuu,64.876952,28.949777
Bödele,Austria,Vorarlberg,47.411048,9.820060
シャトレーゼスキーバレー小海, Chateraise Ski Valley Koumi,Japan,Nagano Prefecture,36.053292,138.406879
Горнолыжный комплекс Лата Трэк,Russia,Moscow City,55.752865,37.429104
Liptovské Revúce,Slovakia,Zilina,48.932033,19.213775
Hyalite Canyon Nordic Ski Trails,United States,Montana,45.476225,-110.962687
,Finland,Southern Ostrobothnia,63.267450,23.134337
Alpinsenteret i Raudalen,Norway,Innlandet,61.222168,8.819761
Feistritzsattel,Austria,Lower Austria,47.576050,15.853193
Fort Nelson Demonstration Forest Recreation Site,Canada,British Columbia,58.823839,-122.722631
,Latvia,Kekavas,56.881409,24.120534
Powderhorn,United States,Colorado,39.060573,-108.152194
Willard Basin,United States,New Hampshire,44.456942,-71.420746
,Canada,Quebec,46.722908,-75.573121
Bäretswil,Switzerland,Zurich,47.339370,8.864145
,Russia,Samara,53.409181,49.536746
Steg,Switzerland,Zurich,47.339660,8.934942
La Chavade Bel Air,France,Ardèche,44.677612,4.024076
,Norway,Innlandet,62.270345,10.373682
Ski Parque,Portugal,Guarda,40.410461,-7.469699
Sheridan Valley,United States,Michigan,44.930127,-84.241147
,Austria,Styria,47.429536,14.460865
San Glorio,Spain,Leon,43.025298,-4.791009
Rein in Taufers - Riva di Tures, Rein in Taufers, Riva di Tures,Italy,Bolzano/Bozen,46.951028,12.061597
,Germany,Baden-Württemberg,48.727339,9.953872
,Russia,Altai,52.217631,79.116444
,Russia,Moscow Oblast,55.713767,36.668604
Les Chosalets (Chamonix),France,Haute-Savoie,45.974078,6.923723
,Poland,Lesser Poland Voivodeship,49.795171,19.387352
,United States,Idaho,43.945129,-114.832770
Verena 2000,Italy,Vicenza,45.922988,11.408937
Bjørkelangen skisenter,Norway,Viken,59.886735,11.543950
,Germany,Baden-Württemberg,48.913110,9.688323
Aizu Higashiyama (会津東山おおすごスキー場),Japan,Fukushima Prefecture,37.431649,139.974914
Shokawa Kogen (荘川高原スキー場),Japan,Gifu Prefecture,36.058436,136.962499
Alpe Cimbra,Italy,Trento;Vicenza,45.903420,11.224776
Bois Duvernay,Canada,Quebec,45.636025,-73.706316
Polevsko,Czechia,Liberec,50.788686,14.533299
Twin Farms Ski Hill,United States,Vermont,43.723364,-72.584883
Daming Mountain Ski Field,China,Zhejiang,30.060445,118.989161
Kokuszka,Poland,Lesser Poland Voivodeship,49.455809,20.713417
Adanac Ski Hill,Canada,Ontario,46.508661,-80.960501
Ikenotaira Snow Park (白樺リゾート池の平スノーパーク),Japan,Nagano Prefecture,36.108462,138.244786
,Sweden,Vasterbotten County,63.906652,20.530745
Zásada,Czechia,Liberec,50.698119,15.259426
Twin Peaks Ski Resort,United States,California,39.122337,-120.230598
Bivio,Switzerland,Graubunden,46.463690,9.644694
Titus Mountain,United States,New York,44.756580,-74.239969
Hakuba Minekata (白馬みねかた),Japan,Nagano Prefecture,36.665256,137.876811
ガーラ湯沢スノーリゾート, Gala Yuzawa Snow Resort,Japan,Niigata Prefecture,36.950630,138.782950
,Poland,Lesser Poland Voivodeship,49.803835,19.440449
,Russia,Moscow City,55.990116,37.202948
,Canada,Quebec,45.501431,-73.766533
Voodoo Mountain,United States,Michigan,47.453659,-88.018126
,France,Haute-Savoie,46.133279,6.608533
Campra,Switzerland,Ticino,46.520163,8.878441
,Germany,North Rhine-Westphalia,51.523896,6.966082
,Norway,Trøndelag,64.494675,11.549174
Neuastenberg Postwiese,Germany,North Rhine-Westphalia,51.163970,8.489438
,Germany,Baden-Württemberg,48.345802,9.298624
Banff Sunshine Village,Canada,Alberta;British Columbia,51.087390,-115.770014
,Slovakia,Zilina,49.008683,19.208960
Cypress Mountain,Canada,British Columbia,49.389236,-123.189247
Hiawatha Ski Trails,United States,Minnesota,44.921006,-93.242062
,Canada,Saskatchewan,52.386926,-106.991965
,Germany,Baden-Württemberg,48.209175,8.958090
,Germany,Baden-Württemberg,47.826573,8.055587
,Austria,Vorarlberg,47.369382,9.949664
Parchatka,Poland,Lubelskie,51.381606,21.998805
,Czechia,Hradec Králové,50.763316,15.602586
Limanowa,Poland,Lesser Poland Voivodeship,49.724334,20.453935
Bouřňák,Czechia,Ústecký,50.689909,13.716105
,Latvia,Riga,56.947873,24.205611
,France,Ariège,42.724395,1.691692
Zemplen Kalandpark,Hungary,Borsod-Abauj Zemplen,48.406389,21.635016
,Germany,Baden-Württemberg,47.950276,8.772983
,Norway,Agder,58.288892,7.909073
Snowbird,United States,Utah,40.570455,-111.648965
Montagne de Lure,France,Alpes-de-Haute-Provence,44.113908,5.780612
Speicher,Switzerland,Appenzell Ausserrhoden;Saint Gallen,47.413285,9.434820
,Finland,Uusimaa,60.352062,25.613709
Espace Nordique du Haut vercors,France,Drôme;Isère,45.025169,5.494529
Горнолыжная база Ак Таш, Ak Tash ski base,Kyrgyzstan,Chuy,42.646176,74.545723
,Germany,Bavaria,49.630652,11.419811
Schigebiet Unterberg,Austria,Lower Austria,47.937563,15.825580
St. Johann im Pongau,Austria,Salzburg,47.346329,13.218616
,United States,Wisconsin,44.003473,-89.819487
,Finland,Satakunta,61.105620,22.131100
,Slovakia,Zilina,49.481708,19.321184
Bigfork Community Nordic Center,United States,Montana,48.143157,-113.999757
札幌藻岩山スキー場, Sapporo Moiwayama,Japan,Hokkaido Prefecture,43.013876,141.327683
Bosques de Monterreal,Mexico,Coahuila de Zaragoza,25.232182,-100.435001
市営大山スキー場, Monbetsu City Oyama Monbetsu City Oyama,Japan,Hokkaido Prefecture,44.346494,143.330169
,United States,Alaska,61.789190,-149.281052
Riley Trails,United States,Michigan,42.821844,-86.185265
,Czechia,Karlovy Vary,49.949576,12.696208
Jackvik Fjallcenter,Sweden,Norrbotten,66.368027,16.994666
,Slovenia,Upper Carniola,46.243430,14.017990
,Finland,Lapland,66.443905,25.468692
Skitatry Zadná Lopušná dolina,Slovakia,Presov,49.034213,20.153230
Victoria Park,Canada,Alberta,53.532458,-113.515559
,Finland,Southern Ostrobothnia,62.580675,22.386001
Ski Čertov Javorníky,Slovakia,Trenciansky kraj,49.277570,18.227613
,Czechia,Liberec,50.797713,15.141218
,Germany,Bavaria,47.572866,10.710802
Wolf Ridge Environmental Learning Center,United States,Minnesota,47.386342,-91.204212
将军石滑雪场,,,39.911203,121.678889
,Norway,Møre and Romsdal,62.795872,8.144742
Rettenbach am Auerberg Loipen,Germany,Bavaria,47.774760,10.746088
,Russia,Moscow City,55.775083,37.781328
Hirschberg-Bizau,Austria,Vorarlberg,47.365226,9.957193
Juniper Hills,United States,New York,44.139341,-75.352049
Blåsjöns Fjällanläggning,Sweden,Jamtland,64.844860,14.106792
Black Moshannon,United States,Pennsylvania,40.919463,-78.049396
,China,Henan,35.783807,114.954470
Muottas Muragl (St Moritz, Engadin),Switzerland,Graubunden,46.521098,9.898338
Skigebiet Präbichl,Austria,Styria,47.517947,14.959391
,Germany,Bavaria,49.574351,11.612179
,Norway,Trøndelag,64.513582,12.339444
Skipark Erika,Slovakia,Kosice,48.776878,20.982854
Kartitsch / St. Oswald,Austria,Tyrol,46.736110,12.494303
Sheep Mountain Cross Country Ski Trails,United States,Alaska,61.812454,-147.498708
,Germany,Baden-Württemberg,48.064712,9.058717
Goderdzi,Georgia,Ajaria,41.631711,42.509898
Luka nad Jihlavou,Czechia,Vysocina,49.367273,15.710102
,China,Liaoning,42.050848,123.643076
,Germany,Rhineland-Palatinate,50.665075,8.100756
Villars-Gryon / Les Diablerets / Glacier 3000 / Bex,Switzerland,Vaud,46.351389,7.158056
Minakami Oana (大穴スキー場),Japan,Gunma Prefecture,36.798247,138.984198
Sipapu Ski and Summer Resort,United States,New Mexico,36.149863,-105.551220
La Grave La Meije,France,Hautes-Alpes,45.044947,6.306467
Petersbründllift St. Michael,Austria,Salzburg,47.087553,13.625469
Lower Lake Cross Country Ski Trails,Canada,British Columbia,51.748931,-121.166412
Belleydoux,France,Ain,46.257862,5.747807
,Czechia,Hradec Králové,50.584348,15.910142
,Sweden,Uppsala,60.028277,17.563595
Hajduk,Poland,Lesser Poland Voivodeship,49.308879,20.029808
,Canada,Quebec,45.583643,-73.911406
Nové Město na Moravě,Czechia,Vysocina,49.571275,16.049011
,Austria,Tyrol,47.579306,12.335851
Ski Zbojská,Slovakia,Banska Bystrica,48.752657,19.849879
Tanzboden,Switzerland,Saint Gallen,47.246475,9.109725
,Norway,Agder,58.216255,8.126544
Crystal Lake,United States,Pennsylvania,41.370593,-76.692853
Brandnertal – Brand/​Bürserberg,Austria,Vorarlberg,47.120102,9.729886
,Finland,Northern Ostrobothnia,64.204510,25.033006
,Slovakia,Banska Bystrica,48.685115,19.597403
,Russia,Chelyabinsk,53.437895,58.935463
Greenbrier Resort,United States,West Virginia,37.785673,-80.308042
Venosc-Vénéon,France,Isère,44.959139,6.195214
Skigebiet Hofeck,Germany,Baden-Württemberg,47.822091,8.008767
Pârtia Oprea - Valea Mare,Romania,Covasna,45.743370,26.042716
Kolašin 1450 ski resort, Колашин 1450 ски резорт,Montenegro,Andrijevica;Kolasin,42.821584,19.631421
,United States,Vermont,44.658837,-72.433246
Ski areál Šukačka,Czechia,Plzeň,49.223911,13.267234
,Russia,Moscow Oblast,56.038554,37.144953
,Austria,Upper Austria,48.283864,14.925338
Northeast River Valley Park,Canada,Alberta,53.609571,-113.325872
,United States,Washington,47.234585,-120.985037
Skigebiet Lachtal,Austria,Styria,47.263477,14.362396
Bromley Ski & Snowboard Centre,United Kingdom,London,51.409329,0.126274
,Germany,Baden-Württemberg,47.859707,8.197781
,United States,Pennsylvania,41.519109,-76.854846
Ski Idlewild,United States,Colorado,39.924910,-105.779908
,Finland,Central Finland,62.284126,25.187354
,United States,Illinois,42.229297,-88.203081
,Russia,Udmurt,58.132480,52.859423
,Norway,Troms og Finnmark,69.991574,23.297533
St-Alex-Ski,Canada,Quebec,46.476577,-73.258950
,Canada,Yukon,60.696831,-134.964835
,Romania,Suceava,47.350724,25.352757
,Norway,Trøndelag,63.055900,10.366630
,Germany,Saxony,50.460740,12.753142
Omachi (大町スキー場),Japan,Nagano Prefecture,36.557107,137.865664
,France,Tarn,44.019065,2.142039
Bolleberget,Sweden,Gavleborg,61.373496,16.347288
Skilift Lahm,Germany,Bavaria,50.082156,11.137150
Bear Mountain Ski Hill,Canada,British Columbia,55.713343,-120.263278
Skiareál Rejdice,Czechia,Liberec,50.735861,15.365156
Kopaonik,Serbia,Mitrovica;Rasinski upravni okrug;Raska,43.289204,20.825372
Mýto Ski & Bike,Slovakia,Banska Bystrica,48.841250,19.618862
,Germany,Baden-Württemberg,48.560252,9.405091
,Sweden,Vasterbotten County,64.947068,19.359247
,Norway,Innlandet,60.008368,11.980562
,Sweden,Stockholm,59.181172,17.872647
White Grass Ski Touring Center,United States,West Virginia,39.015301,-79.420977
カムイスキーリンクス, Kamui Ski Links,Japan,Hokkaido Prefecture,43.700879,142.202211
,Sweden,Dalarna,60.602358,15.684703
Tindaöxl – Ólafsfjörður,Iceland,Northeast,66.070280,-18.644267
Tindastóll,Iceland,Northwest,65.778510,-19.765280
,Sweden,Varmland,59.412945,13.450260
青田乐园室内滑雪场,China,Zhejiang,28.264699,120.129020
Sugarcreek Ski Hills,United States,Ohio,39.644065,-84.042921
,Bulgaria,Sofia,42.235118,23.464156
Parc national du Mont-Orford,Canada,Quebec,45.328632,-72.195604
Onaping Ski Hill,Canada,Ontario,46.626789,-81.403762
,Russia,Khabarovsk,48.615059,135.050896
Panticosa,Spain,Huesca,42.701493,-0.270938
,Germany,Baden-Württemberg,47.809162,9.888224
писта х. Здравец - голяма,Bulgaria,Plovdiv,42.005251,24.690118
Skigebiet Mönichkirchen - Mariensee,Austria,Lower Austria;Styria,47.517651,16.013108
,Ukraine,Kyiv,50.604226,30.489660
,Germany,Bavaria,49.481198,11.091696
,Ukraine,Lviv,48.991124,23.092797
Hassela,Sweden,Gavleborg,62.077068,16.728075
Baraque de Fraiture,Belgium,Liège;Luxembourg,50.254340,5.734906
,United States,Montana,46.847339,-114.063987
Homer,United States,Alaska,59.708537,-151.491165
,Bulgaria,Blagoevgrad,41.864010,23.340429
Vysoké Žibřidovice,Czechia,Olomouc,50.118403,16.916518
Pian Munè,Italy,Cuneo,44.643746,7.243398
Красное озеро (Krasnoye Ozero),Russia,Leningrad,60.535082,29.738648
,United States,Wyoming,41.338575,-106.211428
,Austria,Styria,47.009481,15.382551
Waterlily Lake Trails,Canada,British Columbia,54.096762,-123.907318
,Finland,Lapland,65.861663,24.185260
Complejo Turístico Teleférico Cerro Otto,Argentina,Rio Negro,-41.144804,-71.375788
Winona lakes,United States,Pennsylvania,41.082182,-75.058873
Spjelkavikheisa,Norway,Møre and Romsdal,62.456811,6.382144
,Finland,Kymenlaakso,60.740883,26.847914
三川温泉スキー場, Mikawa Onsen,Japan,Niigata Prefecture,37.718405,139.396936
Tsuchidaru (土樽スキー場),Japan,Niigata Prefecture,36.871958,138.862757
,Finland,Paijanne Tavastia,60.760779,26.067334
,Russia,Tomsk,56.594351,84.968853
,Austria,Carinthia,46.929926,13.110640
Hirschberglifte,Germany,Bavaria,47.657180,11.740743
,Austria,Styria,47.401138,14.196931
,Norway,Troms og Finnmark,70.347701,28.125538
,Germany,Baden-Württemberg,48.177849,9.080796
,Russia,Moscow Oblast,55.951186,37.762709
,Russia,Kirov,58.640561,49.632457
Rim Nordic Ski Area,United States,California,34.228356,-117.036192
Kendall Mountain Recreation Area,United States,Colorado,37.811487,-107.656265
太白山滑雪场,China,Shaanxi,34.059862,107.897753
Ski Apache,United States,New Mexico,33.394266,-105.801187
,Norway,Agder,58.313700,7.825290
,Germany,Bavaria,47.957584,10.813414
Parque de Nieve Manzano Amargo,Argentina,Neuquen,-36.743974,-70.768429
Northwoods Ski Trails,United States,Minnesota,47.303056,-91.312460
,Canada,Alberta,52.316889,-113.780973
,Norway,Nordland,66.339802,14.062978
,Norway,Trøndelag,63.560426,8.977312
Römerswil,Switzerland,Lucerne,47.184951,8.232888
Val d'Ese,France,Corse-du-Sud,42.002124,9.126020
,Finland,North Karelen,62.216201,30.331361
,United States,Maine,44.899296,-68.737399
,Russia,Kirov,58.644734,49.626483
Mount Frontenac,United States,Minnesota,44.514471,-92.382874
Kolašin 1600 ski resort, Колашин 1600 ски резорт,Montenegro,Kolasin,42.842797,19.645788
Swiss Valley Ski Lodge,United States,Michigan,41.952852,-85.825024
Obertauern,Austria,Salzburg,47.253757,13.556649
Fahnestock Winter Park,United States,New York,41.463275,-73.822235
Le Col des Bagenelles,France,Haut-Rhin;Vosges,48.196435,7.112592
Иван-гора,Russia,Perm,57.818680,56.054619
志賀高原 丸池スキー場, Shiga Kogen Maruike Ski Area,Japan,Nagano Prefecture,36.715135,138.489534
,Finland,Central Finland,62.132880,25.765941
,Finland,Southern Ostrobothnia,62.760383,22.874447
,Germany,Lower Saxony,52.566213,9.400150
,Russia,Novosibirsk,54.833497,83.167755
小清水町民スキー場, Koshimizu Chomin Ski Area,Japan,Hokkaido Prefecture,43.857372,144.455088
Beitostølen Skisenter,Norway,Innlandet,61.254151,8.904429
Val di Fassa,Italy,Belluno;Bolzano/Bozen;Trento,46.455694,11.730289
,Sweden,Vastmanland,59.928213,16.538250
Pinnacle Ski Club,United States,Maine,44.795870,-69.388520
Forbidden Plateau,Canada,British Columbia,49.661517,-125.164490
,Austria,Tyrol,47.037303,11.481635
,United States,Colorado,38.868166,-106.801936
,Austria,Carinthia,46.604701,13.809348
Ski Elstra,Germany,Saxony,51.216659,14.114164
Osler Bluff Ski Club,Canada,Ontario,44.459166,-80.283571
,Belarus,Minskaya Voblasts',53.820189,27.022327
Abisko,Sweden,Norrbotten,68.361421,18.747062
Schloss Elmau,Germany,Bavaria,47.463647,11.184939
,Germany,Baden-Württemberg,48.379059,8.513785
,Finland,Paijanne Tavastia,61.509949,25.731306
Liptovská Teplička,Slovakia,Presov,48.975388,20.099962
Hanmer Springs Ski Area,New Zealand,Canterbury Region,-42.442076,172.730374
Николина гора (Nikolina Gora),Russia,Yaroslavl,57.869048,39.505008
Tabernash,United States,Colorado,39.991604,-105.845668
Kelly Canyon Ski Resort,United States,Idaho,43.640828,-111.622233
,Russia,Mari El,56.790233,48.464475
Kokusetsu Akankohan (国設阿寒湖畔),Japan,Hokkaido Prefecture,43.422679,144.084386
,Finland,Southwest Finland,60.787263,21.448146
Halifax Ski & Snowboard Centre,United Kingdom,Calderdale,53.740654,-1.860953
,Austria,Styria,47.555352,13.897530
,Russia,Karelia,61.732395,34.320269
,Russia,Saratov,51.481369,46.071021
,United States,Idaho,43.720178,-111.097411
船見台スキー場, Funamidai Ski Area,Japan,Hokkaido Prefecture,42.587003,140.727752
Untersberg,Austria,Salzburg,47.717341,13.005044
Iraty,France,Pyrénées-Atlantiques,43.036713,-1.035032
,Slovakia,Banska Bystrica,48.835704,20.152050
ちくさ高原スキー場, Chikusa Highland Ski resort,Japan,Hyogo Prefecture;Okayama Prefecture,35.217729,134.387274
,Russia,Murmansk,69.016082,33.135154
Lachtal,Austria,Styria,47.247778,14.366667
Chrysso Elafi,Greece,Central Macedonia,40.541106,22.020052
Artesina,Italy,Cuneo,44.243447,7.750032
Oberhelfenschwil,Switzerland,Saint Gallen,47.352470,9.114363
,Italy,Udine,46.510102,12.672938
Kaunertaler Gletscher,Austria;Italy,Bolzano/Bozen;Tyrol,46.865679,10.707502
Wispile – Gstaad,Switzerland,Bern,46.449787,7.292911
Bourg-Saint-Pierre,Switzerland,Valais,45.960511,7.210252
,Russia,Moscow Oblast,56.301954,38.255973
La Colle Saint Michel,France,Alpes-de-Haute-Provence,44.065246,6.597398
,Norway,Nordland,67.384502,15.363977
,United States,Vermont,44.243819,-72.524345
Le Markstein,France,Haut-Rhin,47.928729,7.028283
Grapa SKI Czarna Góra,Poland,Lesser Poland Voivodeship,49.385718,20.117990
,Canada,Ontario,46.457880,-80.965789
Markstein-Grand Ballon,France,Haut-Rhin,47.912958,7.057303
Wasi Cross Country Ski Club,Canada,Ontario,46.202884,-79.315109
,United States,Idaho,46.766052,-116.188016
Jedlová,Czechia,Ústecký,50.863576,14.572739
Höchsten,Germany,Baden-Württemberg,47.819765,9.405054
,Belarus,Minsk,53.939679,27.499241
Ramsau am Dachstein,Austria,Styria,47.430788,13.630818
,Austria,Salzburg,47.772118,13.233913
,Finland,Northern Savonia,63.756783,27.006857
,United States,Oregon,42.900745,-122.309474
Brénod,France,Ain,46.061658,5.603966
,Sweden,Jamtland,62.040818,14.367254
,Germany,Baden-Württemberg,48.705171,8.430975
Champorcher,Italy,Valle D'Aosta,45.613131,7.579976
,Germany,Saxony,50.487722,12.595443
Brülisau,Switzerland,Appenzell Innerrhoden,47.294734,9.451080
Seefeld - Rosshütte,Austria,Tyrol,47.335008,11.220780
Diavolezza-Lagalb,Switzerland,Graubunden,46.427585,9.976309
Baguales Mountain Reserve,Argentina,Rio Negro,-41.506356,-71.316187
YMCA Camp du Nord Winter Trails,United States,Minnesota,47.982984,-91.969490
,United States,Washington,47.333697,-120.566856
,China,Yunnan,26.056080,102.824201
Porcupine Gulch,United States,Colorado,39.665202,-105.880753
Buena Vista Ski Area,United States,Minnesota,47.658788,-94.877418
Chokai Okojo Land (鳥海オコジョランドスキー場),Japan,Akita Prefecture,39.168705,140.126917
,Finland,Pirkanmaa,61.364659,22.891794
Rucaski,Italy,Cuneo,44.753038,7.219276
Great Bear Recreation Park,United States,South Dakota,43.582100,-96.664967
Big Aspen Trail,United States,Minnesota,47.682342,-92.587827
Спортивный курорт Чекерил,Russia,Udmurt,56.793344,53.051349
,United States,New York,44.182329,-73.959700
Gurtis,Austria,Vorarlberg,47.197368,9.625288
,Norway,Vestland,60.363781,5.991851
Hlinsko,Czechia,Pardubice,49.752687,15.899460
Monte Bondone,Italy,Trento,46.038534,11.057644
,Canada,Saskatchewan,53.915731,-106.088449
,Finland,Lapland,67.555641,24.249982
,United States,Colorado,39.521693,-106.168771
,Norway,Troms og Finnmark,70.480513,28.080120
,Czechia,South Bohemian,49.480847,14.853627
,Slovakia,Trenciansky kraj,48.742976,18.196966
白山一里野温泉スキー場, SAM Hakusan Ichirino Ski Resort,Japan,Ishikawa Prefecture,36.263003,136.711660
,Norway,Innlandet,61.690621,9.054758
,Russia,Moscow Oblast,55.936492,37.721264
,Sweden,Jamtland,62.677952,12.762932
,Norway,Vestfold og Telemark,59.271784,9.683407
Skaneateles Ski Club,United States,New York,42.915641,-76.331892
The Homestead Ski Area,United States,Virginia,37.995021,-79.819375
,Germany,Baden-Württemberg,48.525743,9.637157
,Norway,Trøndelag,64.462142,12.139852
,Germany,Baden-Württemberg,49.038440,9.415387
,France,Drôme,44.886580,5.409571
Schladming Dachstein,Austria,Salzburg;Styria,47.386025,13.698784
,Russia,Moscow Oblast,55.177961,37.607507
,United States,Minnesota,47.519867,-92.157210
,United States,Utah,41.774222,-111.737262
,Russia,Moscow Oblast,55.610855,36.481732
,Germany,Bavaria,47.789234,11.751675
,Germany,North Rhine-Westphalia,51.743219,9.269712
,Finland,Southern Ostrobothnia,63.417416,23.356903
,Sweden,Jamtland,63.002638,14.352988
Skigebiet Seeberg / Seewiesen,Austria,Styria,47.624858,15.287108
Sylvan Point Trail,United States,Minnesota,47.226120,-93.555610
金谷山スキー場, Kanayasan Ski Area,Japan,Niigata Prefecture,37.103379,138.223572
Pylypets,Ukraine,Zakarpattia,48.658157,23.280359
Nurtau,Kazakhstan,Shyghys Qazaqstan,50.212727,82.694667
,Russia,Smolensk,54.195559,33.318133
,Estonia,Lääne-Viru,59.330888,26.353189
Goderdzi Mountain Resort,Georgia,Ajaria,41.626636,42.499419
Brown Deer Park Ski Trails,United States,Wisconsin,43.154555,-87.951051
Brandywine Ski Resort,United States,Ohio,41.283222,-81.555858
,Germany,North Rhine-Westphalia,51.268114,7.476160
,Canada,Quebec,45.843168,-74.091220
Lemberga Hūte,Latvia,Ventspils,57.374358,21.548884
,Sweden,Ostergotland,58.415006,15.577584
Hamamasu Village (浜益村民スキー場),Japan,Hokkaido Prefecture,43.577877,141.421132
,Norway,Trøndelag,63.293950,10.570026
Wolzenalp,Switzerland,Saint Gallen,47.228258,9.156785
,United States,Colorado,40.065448,-105.899204
Stary Groń,Poland,Silesian Voivodeship,49.716137,18.919969
,Canada,Quebec,48.818600,-67.516377
,Russia,Altai,51.923248,84.981715
,Canada,Alberta,53.454538,-117.814146
,Austria,Styria,47.351046,15.495982
,Romania,Maramureş County,47.609530,24.767585
Zincton,Canada,British Columbia,50.037632,-117.209961
,Sweden,Jamtland,62.928038,13.662620
Slavske - Pohar,Ukraine,Lviv,48.851363,23.462137
Myoko Tsubo (妙高坪岳スキー場),Japan,Niigata Prefecture,36.918797,138.180075
Fiddlehead Mountain,Canada,Ontario,45.288777,-79.263268
Korkeakangas,Finland,Pirkanmaa,61.252025,24.086061
,United States,Oregon,43.115100,-122.201522
Mont Royal,Canada,Quebec,45.500403,-73.593909
Alta Sierra Ski Resort,United States,California,35.710034,-118.559311
Mount Abram,United States,Maine,44.374733,-70.710316
,Estonia,Harju,59.336908,24.586318
,Norway,Trøndelag,64.658241,12.244287
Skidry Park,Argentina,Buenos Aires,-34.159901,-58.960190
Gaschney 360,France,Haut-Rhin,48.036644,7.040018
,Germany,Hesse,50.782194,8.467457
Pârtia de schi Rarău, Rarău Ski Resort,Romania,Suceava,47.476279,25.561643
,Russia,Sverdlovsk,57.029972,61.405718
Sheffield Ski Village,United Kingdom,Sheffield,53.398457,-1.477944
Colere,Italy,Bergamo,45.977122,10.048969
Gspon,Switzerland,Valais,46.226158,7.907945
,Norway,Troms og Finnmark,69.720575,29.936348
,Germany,Bavaria,48.745793,13.806316
Granier,France,Savoie,45.578320,6.651904
,Sweden,Dalarna,60.391177,15.605595
Baierbrunn Langlaufloipe,Germany,Bavaria,48.024761,11.477362
Altayskiye Alpy,Kazakhstan,Shyghys Qazaqstan,49.945617,83.007391
,Czechia,Liberec,50.915444,15.072830
Verthemex (Vacheresse),France,Savoie,45.615895,5.803899
Schmiedhornlift,Austria,Salzburg,47.788721,13.251820
旭岳, Asahidake,Japan,Hokkaido Prefecture,43.655862,142.815977
,Latvia,Carnikavas;Ādaži,57.113534,24.296111
Firpark Ski Centre,United Kingdom,Clackmannanshire,56.156731,-3.738703
Domaine Nordique de Ventron,France,Vosges,47.911466,6.861974
Langlaufen Reutte,Austria,Tyrol,47.466978,10.686413
,Norway,Troms og Finnmark,69.287762,19.434009
,Canada,Alberta,53.566441,-113.368008
Frost Ridge,United States,New York,43.020439,-77.954382
Berwang,Austria,Tyrol,47.418525,10.745155
,Austria,Styria,47.482317,15.879861
Авальман (Avalman),Russia,Altai,53.283725,83.765437
Sugarbush Resort,United States,Vermont,44.148173,-72.908087
Lake Kegonsa State Park,United States,Wisconsin,42.978543,-89.235159
,Finland,Southern Ostrobothnia,63.285141,22.835416
,United States,Pennsylvania,40.469863,-78.205763
,Sweden,Vastra Gotaland,57.855168,12.388453
,Sweden,Vasterbotten County,64.274687,21.032651
Hesperus Ski Area,United States,Colorado,37.296787,-108.057278
,Norway,Trøndelag,63.518604,10.892543
Takino (滝野スノーワールド),Japan,Hokkaido Prefecture,42.913287,141.384686
みやぎ蔵王七ヶ宿スキー場, Miyagi Zao Shichikashuku,Japan,Miyagi Prefecture,37.996072,140.375118
Ski Saint-Bruno,Canada,Quebec,45.555781,-73.331693
,United States,Wyoming,43.583439,-110.241884
Sportgastein,Austria,Salzburg,47.056677,13.069555
,Poland,Silesian Voivodeship,49.529994,19.224998
,Norway,Innlandet,60.003450,12.143666
白樺2in1スキー場, Shirakaba 2 in 1,Japan,Nagano Prefecture,36.094878,138.259083
,Canada,Saskatchewan,54.010500,-106.205460
Sentier des caps (accueil Charlevoix),Canada,Quebec,47.284332,-70.637069
AfriSki,Lesotho,Butha-Buthe,-28.819094,28.722093
Naganuma (北長沼スキー場),Japan,Hokkaido Prefecture,43.038693,141.743962
Šibeniční vrch,Czechia,Central Bohemian,49.938043,14.720910
,Norway,Trøndelag,63.171169,10.099857
,France,Savoie,45.721170,6.551493
Twin Hearth / Aspen,Canada,Ontario,43.996458,-80.000381
,United States,Michigan,44.269489,-85.375903
,Russia,Leningrad,61.062224,30.176609
,Finland,Northern Ostrobothnia,64.843113,25.678253
Ski Tatyr,Kyrgyzstan,Chuy,42.662722,74.660364
Marmot Basin,Canada,Alberta,52.796962,-118.104070
Foppolo-Carona,Italy,Bergamo,46.038275,9.778726
Schießstandlift Flirsch,Austria,Tyrol,47.150947,10.408276
,United States,Utah,39.602316,-111.413981
,Germany,Bavaria,47.805404,12.691269
,Italy,Bolzano/Bozen,46.832538,10.506498
,Sweden,Vastra Gotaland,58.987817,12.234456
Site du Meix Musy,France,Doubs,47.036768,6.671782
Whitefish Mountain Resort,United States,Montana,48.494633,-114.344921
Sonnenkopf,Austria,Vorarlberg,47.116353,10.063881
,Austria,Lower Austria;Styria,47.515631,16.116572
,Czechia,Vysocina,49.539170,15.931719
Wildalmlifte,Austria,Salzburg,47.664107,12.631146
Gulmarg Ski Resort area Phase 2,India,Jammu and Kashmir,34.025642,74.353788
Pernink - Pod nádražím,Czechia,Karlovy Vary,50.364384,12.777890
Rusel,Germany,Bavaria,48.874087,13.085060
Clearwater Demonstration Forest Recreation Site,Canada,British Columbia,51.671795,-119.961328
Hoch Hylkedal,Denmark,Southern,55.476163,9.431308
Ormbergsbacken,Sweden,Norrbotten,65.604887,22.187261
,Norway,Møre and Romsdal,62.605489,7.671848
Haglebu,Norway,Viken,60.345068,9.189909
,Norway,Møre and Romsdal,62.452917,6.453981
,Greenland,Kommuneqarfik Sermersooq,64.184398,-51.708963
,Norway,Trøndelag,63.290891,10.689885
,Sweden,Varmland,59.419194,13.657959
Skiarena Fačkovské sedlo,Slovakia,Trenciansky kraj;Zilina,48.961732,18.605416
Langdon Beck,United Kingdom,Durham,54.688320,-2.257519
Kimberley Nordic Centre,Canada,British Columbia,49.682053,-116.007602
Two Home (二居スキー場),Japan,Niigata Prefecture,36.847557,138.782196
Radvanice,Czechia,Hradec Králové,50.568700,16.043104
Ski-Tonka,United States,Minnesota,44.980282,-93.642612
,Finland,Northern Ostrobothnia,64.829286,25.379322
,United States,Oregon,44.400193,-121.889664
Queyras - Ceillac,France,Hautes-Alpes,44.654148,6.795917
Лыжная база Орловка, Ski base Orlovka,Kyrgyzstan,Chuy,42.717605,75.582741
Říčky v Orlických horách,Czechia,Hradec Králové,50.225739,16.460438
Ski Haus Ternell,Belgium,Liège,50.561712,6.138291
Font d'Urle - Chaud Clapier,France,Drôme,44.922648,5.351215
,Finland,Tavastia Proper,60.895685,24.723052
Colline des Bains,France,Isère,45.065624,5.551219
Ski Manderfeld,Belgium;Germany,Liège;Rhineland-Palatinate,50.327149,6.325469
,Czechia,Ústecký,50.590303,13.478704
富士見パノラマリゾート, Fujimi Panorama Resort,Japan,Nagano Prefecture,35.910302,138.198830
长白山和平滑雪场,China,Jilin,42.286640,128.190613
,Canada,Quebec,46.071192,-74.239627
Liabakken,Norway,Oslo,59.965883,10.932144
,Serbia,Zlatiborski upravni okrug,43.888769,19.557848
Zagroń,Poland,Silesian Voivodeship,49.574066,18.905671
Crimson Ridge Golf Course,Canada,Ontario,46.574072,-84.371202
,Latvia,Jekabpils,56.484976,25.861304
Kananaskis Lakes Cross Country Ski Trails,Canada,Alberta;British Columbia,50.696811,-115.115690
Lärchenhof,Austria,Tyrol,47.579092,12.503983
,United States,Washington,46.064181,-121.491924
,Russia,Arkhangelsk,64.520850,40.657781
,Norway,Innlandet,62.585654,10.940691
,Czechia,South Moravian,49.343928,16.399951
箱館山スキー場, Hakodateyama Ski Resort,Japan,Shiga Prefecture,35.438259,135.985428
Betania,Georgia,Tbilisi,41.668556,44.642018
Wanlong Bayi,China,Beijing,39.868827,116.147307
Laguiole,France,Aveyron;Cantal,44.669263,2.924906
Hochfelln,Germany,Bavaria,47.764930,12.566213
Blue Mountain Resort,United States,Pennsylvania,40.816429,-75.511839
,Finland,Lapland,67.557712,24.233741
,Russia,Karelia,62.203527,34.328574
,Czechia,Hradec Králové,50.160621,16.551450
Station de Sports d'Hiver du Haut-Folin,France,Nièvre;Saône-et-Loire,47.009248,4.033228
天下森スキー場, Tengamori Ski Area, てんがもりすきーじょう,Japan,Akita Prefecture,39.159766,140.618620
Maiszinken,Austria,Lower Austria,47.861063,15.075030
,Sweden,Dalarna,60.507195,15.383729
Becker Hill,United States,Utah,41.252855,-111.843460
,Czechia,Hradec Králové,50.696779,15.789300
,Finland,Northern Savonia,62.881625,27.644115
,Sweden,Vasterbotten County,63.911289,19.737035
Pigeon Mountain,Canada,Alberta,51.028818,-115.246668
Mount Norquay,Canada,Alberta,51.206219,-115.605371
Morioka Highland (盛岡ハイランドスキー場),Japan,Iwate Prefecture,39.675037,141.075151
Trnava-Luhy,Czechia,Zlín,49.317545,17.857436
писта Офелиите,Bulgaria,Sofiya,42.599274,23.234125
La Colmiane,France,Alpes-Maritimes,44.063551,7.224409
Breitenbergbahn,Germany,Bavaria,47.554179,10.569907
,Canada,Saskatchewan,52.101785,-106.691955
,France;Italy,Cuneo;Hautes-Alpes,44.690508,6.884374
,Russia,Novosibirsk,54.935286,82.929650
音威富士スキー場, Otoineppu Otoifuji, 音威富士滑雪场,Japan,Hokkaido Prefecture,44.721329,142.276888
Yildiz Dagi,Turkey,Sivas,40.136403,36.937683
Saint Mary's University Ski Trails,United States,Minnesota,44.038693,-91.691943
Mount Hermon,Israel,Northern,33.308376,35.773353
Wendy's Slope,United States,New Hampshire,43.745305,-71.683216
Gitschenen – Isenthal,Switzerland,Uri,46.899101,8.501481
,Canada,Quebec,46.297586,-74.554117
,Russia,Novosibirsk,54.998392,82.997948
Stade Lou Jeanmonnot,France,Doubs,46.795288,6.372764
,Czechia,Moravian-Silesian,49.658981,18.316561
Tsubetsu (津別スキー場),Japan,Hokkaido Prefecture,43.598353,144.180481
Mittenwald Riedboden,Austria;Germany,Bavaria;Tyrol,47.411344,11.256000
,Canada,Quebec,46.400380,-70.606448
Oberwald - Hungerberg,Switzerland,Valais,46.532886,8.357677
Yunishigawa Onsen (前黒山スキー場),Japan,Tochigi Prefecture,36.959957,139.588441
Tochio (とちおファミリースキー場),Japan,Niigata Prefecture,37.437560,139.039289
,Norway,Trøndelag,64.273335,11.113944
,Norway,Troms og Finnmark,69.019077,19.401750
Whitetail Woods Regional Park,United States,Minnesota,44.687807,-93.083944
Hornberg,Germany,Baden-Württemberg,48.746547,9.860653
Bridger Bowl,United States,Montana,45.817984,-110.912260
Chełmowa Góra,Poland,Lubelskie,50.537350,23.222659
Hillberg Ski Area,United States,Alaska,61.274362,-149.817044
武义千丈岩滑雪场,China,Zhejiang,28.756488,119.891955
,United Kingdom,Cardiff,51.492115,-3.239456
Sport Dolina,Poland,Silesian Voivodeship,50.402982,18.858687
羽黒山スキー場, Hagurosan Ski Area,Japan,Yamagata Prefecture,38.694782,139.986929
Ашатли (Ashatly),Russia,Perm,56.842990,55.990637
Wakabuna Kogen (わかぶな高原スキー場),Japan,Niigata Prefecture,38.058452,139.628679
,Finland,Pirkanmaa,61.162244,23.657151
Villard de Lans - Corrençon,France,Isère,45.022271,5.554017
,Italy,L'Aquila,41.976113,13.277356
伊ノ沢市民スキー場, Inosawa Sky Slopes, いのさわしみんすきーじょう, Inosawa Shimin Sukījō,Japan,Hokkaido Prefecture,43.747540,142.332008
Ossipee Mountain,United States,New Hampshire,43.760123,-71.353712
Gautefall skisenter,Norway,Vestfold og Telemark,59.059460,8.722941
Mt Otsego,United States,New York,42.787008,-74.924226
,Russia,Moscow City,55.615470,37.566711
Yamaha Resort Tsumagoi (ヤマハリゾートつま恋),Japan,Shizuoka Prefecture,34.765109,138.041608
Horal,Czechia,Zlín,49.374438,18.391457
Batawa,Canada,Ontario,44.177033,-77.599611
,United States,New York,42.949652,-75.837948
Payolle,France,Hautes-Pyrénées,42.941878,0.285696
Hobetsu (穂別町),Japan,Hokkaido Prefecture,42.762551,142.129364
,Kazakhstan,Almaty,43.272762,77.344047
Skalité-Serafínov,Slovakia,Zilina,49.500622,18.967205
Horohasan (保呂羽山スキー場),Japan,Akita Prefecture,39.361821,140.305225
,Russia,Tatarstan,55.759184,49.213555
Zhaojin,China,Shaanxi,35.067944,108.644288
Горный Воздух (Gorny Vozdukh Mountain Air),Russia,Sakhalin,46.953752,142.788729
49° North Mountain Resort,United States,Washington,48.293722,-117.561484
,Norway,Viken,60.231662,9.535658
Biocel Zlatník,Czechia,Moravian-Silesian,49.536818,18.502362
,Finland,Satakunta,61.390922,21.621949
松花湖滑雪场, Songhua Lake Ski Resort,China,Jilin,43.676275,126.617798
Passy - Plaine Joux,France,Haute-Savoie,45.952855,6.749976
,Finland,Southern Savonia,61.466769,27.259258
Kongstind,Norway,Nordland,68.249757,14.533385
,Russia,Tula,54.247683,37.763133
Twins Valley,Australia,New South Wales,-36.482589,148.343582
,Bulgaria,Blagoevgrad,42.146118,23.776564
Schratten Flühli,Switzerland,Lucerne,46.879273,8.013647
,Finland,Southern Savonia,61.581225,27.591912
,Norway,Innlandet;Viken,60.324812,10.522613
Norwich University,United States,Vermont,44.139179,-72.655120
青岛金山滑雪场,China,Shandong,36.616158,120.727892
Väsjöbacken,Sweden,Stockholm,59.453824,17.973351
,Norway,Møre and Romsdal,62.459277,7.005879
,Sweden,Vasterbotten County,65.829885,15.138804
Trije Kralji,Slovenia,Drava,46.437750,15.457250
,Germany,Bavaria,49.497043,10.745121
,United States,Alaska,60.214883,-149.342196
,Germany,Saxony,50.528211,12.868512
,Sweden,Vasterbotten County,64.083335,20.182054
Salmonberry Hill,United States,Alaska,61.074953,-146.134317
Sankt Englmar (Grün, Pröller),Germany,Bavaria,49.009501,12.842331
Kjølen Sportcenter,Norway;Sweden,Varmland;Viken,59.484938,11.748061
Tabagan,Kazakhstan,Almaty,43.214251,77.095416
Kamisunagawadake Kokusai (上砂川岳国際),Japan,Hokkaido Prefecture,43.462611,142.021174
Centro Fondo Gallio,Italy,Trento;Vicenza,45.937559,11.555566
Funpark,Czechia,Liberec,50.737068,15.010978
,Finland,Northern Ostrobothnia,64.272023,24.803911
King Pine,United States,New Hampshire,43.864838,-71.088828
Paul Smith VIC,United States,New York,44.442605,-74.271870
Chalet a Gobet,Switzerland,Vaud,46.565879,6.691457
Eastover,United States,Massachusetts,42.372480,-73.255806
Scanno,Italy,L'Aquila,41.902249,13.879097
,Norway,Rogaland,58.728386,6.365268
Schwarzenlifte Eschach,Germany,Bavaria,47.708870,10.197390
Baiernrain - Linden Loipe,Germany,Bavaria,47.899578,11.608000
Riverside Hills,United States,Iowa,43.386743,-94.835057
,United States,Alaska,61.553067,-148.951922
Mount Itasca,United States,Minnesota,47.283995,-93.448913
,China,Inner Mongolia,41.194367,113.171782
Joupiska,Finland,Southern Ostrobothnia,62.782162,22.804094
,Austria,Salzburg,47.328399,13.190075
,Finland,Central Finland,62.177507,25.658959
Nordisches Skizentrum Schlinig,Italy,Bolzano/Bozen,46.713406,10.461088
,Germany,Baden-Württemberg,47.786204,8.239835
,United States,Idaho,43.629619,-111.221525
,Sweden,Jamtland,63.462181,14.072528
Raunigwiese,Austria,Carinthia,46.865423,13.319978
Сафед Дара, Safed Dara,Tajikistan,Karategin,38.854761,69.001451
,Norway,Trøndelag,62.738611,11.134078
,Italy,Trento,46.145157,11.797914
,Finland,Lapland,67.436803,26.702805
,Estonia,Põlva,58.045338,27.053520
,Italy,Pistoia,44.080323,10.834626
Espace Liberté,France;Switzerland,Haute-Savoie;Valais,46.269595,6.811665
,Norway,Innlandet,62.278596,11.755527
,Switzerland,Thurgau,47.423487,8.913311
Hemlingbybacken,Sweden,Gavleborg,60.650525,17.169932
Feuerberg,Germany,Bavaria,50.350427,9.948819
ГЛЦ Металлург-Магнитогорск,Russia,Bashkortostan,53.590154,58.572205
Arizona Snowbowl,United States,Arizona,35.329158,-111.697743
,Germany,Baden-Württemberg,47.976341,8.171545
Frei alpinsenter,Norway,Møre and Romsdal,63.047539,7.776039
Snow Valley Ski Resort,Canada,Ontario,44.408389,-79.791593
Taivalvaaran Hiihtokeskus,Finland,Northern Ostrobothnia,65.564535,28.199482
天定山滑雪场,China,Jilin,43.880441,125.596893
Karpacz / Śnieżka,Poland,dolnoslaskie,50.768889,15.729533
,Russia,Chuvash,56.125575,47.472291
La Corbatière,Switzerland,Neuchatel,47.066638,6.850484
志賀高原 焼額山スキー場, Shiga Kogen Yakebitaiyama Ski Area, 焼額山スキー場,Japan,Nagano Prefecture,36.751108,138.515056
,Sweden,Vasternorrland,62.283407,17.386836
,Russia,Sverdlovsk,56.832194,60.047041
Čeřínek,Czechia,Vysocina,49.373798,15.426882
,Croatia,Karlovacka,45.247003,15.004127
Plein air Charlesbourg,Canada,Quebec,46.908210,-71.295291
,Switzerland,Neuchatel,47.070984,6.870471
,Norway,Rogaland,59.450876,5.342259
Copper Peak Ski Jump Park,United States,Michigan,46.599191,-90.087774
Ibukiyama (伊吹山),Japan,Shiga Prefecture,35.395226,136.390643
Innisfail,Canada,Alberta,52.035281,-113.967018
Buffalo Ski Club,United States,New York,42.676692,-78.697442
Casaccia,Switzerland,Graubunden,46.393578,9.666089
,Norway,Møre and Romsdal,61.993498,5.634217
,Finland,Kymenlaakso,60.946318,26.641969
,Finland,Northern Ostrobothnia,64.347502,24.395882
,Austria,Upper Austria,47.570246,13.526895
長井市道照寺平スキー場, Doshojidaira Ski Area,Japan,Yamagata Prefecture,38.091454,139.978414
,Russia,Volgograd,50.775879,42.080017
,Germany,Baden-Württemberg;Bavaria,47.756216,10.107759
Schwengimatt,Switzerland,Bern;Solothurn,47.290307,7.674587
,Hungary,Gyor-Moson-Sopron,47.658084,16.536975
Marshall Mountain,United States,Montana,46.920021,-113.906937
,Norway,Nordland,65.501485,12.386285
Area sciistica Pian del Falco,Italy,Arezzo;Forli'-Cesena,43.864498,11.734009
翠云山银河滑雪场,China,Hebei,40.997330,115.307451
Czarny Groń,Poland,Lesser Poland Voivodeship,49.788565,19.375612
,Norway,Vestfold og Telemark,59.312510,8.430658
,United States,Utah,41.710597,-111.847839
,Ukraine,Lviv,49.585524,24.057970
Chestnut Ridge,United States,New York,42.722047,-78.745793
,Norway,Trøndelag,63.282739,9.925972
,Germany,Baden-Württemberg,47.802032,7.778213
Zwardoń - Myto,Poland,Silesian Voivodeship,49.510118,18.968707
Table Mountain Regional Park,Canada,Saskatchewan,52.812193,-108.604097
,United States,Michigan,46.550523,-87.409230
,Finland,Satakunta,61.104297,21.527491
Asahiyama (旭山市民スキー場),Japan,Hokkaido Prefecture,43.766170,142.485346
,Germany,Baden-Württemberg,48.494785,8.236344
,Finland,Kainuu,64.217183,27.767334
,Austria,Styria,47.481336,13.959253
Lyžařský vlek Filip,Czechia,Liberec,50.728485,15.253182
宝台樹スキー場, Hodaigi Ski Resort,Japan,Gunma Prefecture,36.833315,139.080918
,United States,Wyoming,43.492561,-110.898242
SnowWorld Amsterdam,Netherlands,North Holland,52.449550,4.678600
Battle Creek Regional Park,United States,Minnesota,44.935604,-93.016929
Montebello arena, Montebello ski resort,Norway,Vestfold og Telemark;Viken,59.619732,10.093972
Alpe Cainallo,Italy,Lecco,45.985915,9.364929
Ски центар Копаоник, Ski Center Kopaonik,Serbia,Mitrovica;Rasinski upravni okrug;Raska,43.294354,20.830288
Kaprun - Kitzsteinhorn/Maiskogel,Austria,Salzburg,47.218197,12.695758
,Slovakia,Presov,49.381265,20.353096
Stoos,Switzerland,Schwyz,46.972167,8.664900
,United States,New York,44.178327,-74.783317
Sauris,Italy,Udine,46.464231,12.683283
Leysin (Les Mosses, La Lecherette),Switzerland,Vaud,46.395192,7.102111
,United States,Idaho,44.341783,-111.460261
,Ukraine,Lviv,49.627423,24.021811
,Ukraine,Ivano-Frankivs'k,48.726368,23.641938
Alpure Peaks,New Zealand,Canterbury Region,-43.935484,170.879846
Thumersbach,Austria,Salzburg,47.325010,12.822951
Centre de Ski Le Relais,Canada,Quebec,46.935688,-71.296007
Granite Gorge Ski Area,United States,New Hampshire,42.968827,-72.212438
,Russia,Sakha,58.625004,125.381046
Les Bossons,France,Haute-Savoie,45.897326,6.844440
Skiareál Špička,Czechia,Hradec Králové,50.627646,15.661662
Ski areál Struhy,Czechia,Liberec,50.587092,15.175712
Kodaira (古平家族旅行村スキー場),Japan,Hokkaido Prefecture,43.257694,140.658204
,Russia,Chuvash,56.096818,47.236798
Kappl,Austria,Tyrol,47.070206,10.357983
,Italy,Bergamo,45.844454,9.933662
Whitecap Mountain,United States,Wisconsin,46.407084,-90.400336
,Poland;Slovakia,Lesser Poland Voivodeship;Presov,49.357646,21.034451
skiareál U Čápa,Czechia,Liberec,50.738778,15.348050
Estancia La Esperanza,Argentina,Rio Negro,-41.236318,-71.163342
,Sweden,Dalarna,60.878511,15.144866
金银滩冰上乐园滑雪场,China,Qinghai,36.871875,101.023073
,United States,Wyoming,43.508515,-110.986088
Skarslia Ski- og Akesenter,Norway,Viken,60.687461,8.286249
,United States,Wisconsin,42.720666,-88.226869
,Russia,Moscow Oblast,55.699853,38.225673
Vrådal Panorama,Norway,Vestfold og Telemark,59.301885,8.432781
South Wilts Ski Club,United Kingdom,Wiltshire,51.142470,-2.013930
,Italy,Valle D'Aosta,45.760903,7.773984
Tweedsmuir Ski Club,Canada,British Columbia,52.536649,-125.847565
大别山南武当滑雪场,China,Hubei,31.094991,115.790915
大鰐温泉スキー場 国際エリア, Owani Onsen Ski Resort International Area,Japan,Aomori Prefecture,40.502739,140.571088
ホワイトピアたかす, WhitePIA Takasu,Japan,Gifu Prefecture,35.951720,136.938067
上野々スキー場, Uenono Ski Area,Japan,Miyagi Prefecture,38.733671,140.713550
Tanglwood Ski Area (Formerly Paper Birch),United States,Pennsylvania,41.415955,-75.160814
,Sweden,Kronoberg,56.650311,14.522037
Ski Juwel - Reith im Alpbachtal,Austria,Tyrol,47.403797,11.877762
那拉提哈茵赛滑雪场,China,Xinjiang Uyghur,43.278322,84.026912
,Norway,Vestfold og Telemark,59.342949,8.488458
,Sweden,Gavleborg,61.730093,17.074216
Snowboard World Heights (北志賀ハイツスキー場, Kitashiga Heights),Japan,Nagano Prefecture,36.798289,138.454428
,Estonia,Harju,59.432689,24.803157
烟台勃朗鲁东滑雪场,China,Shandong,37.513161,121.344090
Glomfjord Alpinsenter,Norway,Nordland,66.820391,13.959306
,Finland,Pirkanmaa,61.553232,22.775430
Heini-Klopfer-Skiflugschanze,Germany,Bavaria,47.375131,10.270059
Wapiti Valley,Canada,Saskatchewan,53.234527,-104.456671
,Norway,Innlandet,61.821968,11.735179
Escholzmatt - Marbach - Bumbach,Switzerland,Bern;Lucerne,46.874605,7.906016
Ski Martock,Canada,Nova Scotia,44.935072,-64.169640
SNØ Oslo,Norway,Oslo;Viken,59.949048,10.955353
,Italy,Trento,46.244915,10.848326
,Norway,Viken,60.145384,11.377233
Nikko Shobukehama (日光菖蒲ヶ浜スキー場),Japan,Tochigi Prefecture,36.754242,139.447729
,Norway,Troms og Finnmark,69.513252,17.864964
,Finland,Lapland,66.107043,28.253068
Nishikawa Chomin (西川町民スキー場),Japan,Yamagata Prefecture,38.438298,140.127155
Centre Vorlage,Canada,Quebec,45.644856,-75.937061
Kačenčina sjezdovka,Czechia,Hradec Králové,50.371290,16.336273
,United States,Vermont,43.547615,-72.786867
Kartalkaya,Turkey,Bolu,40.585966,31.809815
,Norway,Innlandet,60.380051,12.168922
Jasna Low Tatras,Slovakia,Banska Bystrica;Zilina,48.949172,19.589130
やわたハイランド１９１リゾート, Yawata Highland 191 Resort,Japan,Hiroshima Prefecture;Shimane Prefecture,34.693887,132.155307
Laurentian Ski Hill,Canada,Ontario,46.335015,-79.432082
,Norway,Agder,58.881611,7.870624
Høgås alpinsenter,Norway,Vestfold og Telemark,59.513955,10.228929
Happy Jack,United States,Wyoming,41.254388,-105.422058
Reiteralm,Austria,Salzburg;Styria,47.372454,13.599086
,Norway,Møre and Romsdal,62.186385,6.072555
,United States,Wisconsin,46.775675,-90.896851
Steckenberg,Germany,Bavaria,47.608639,11.021398
蔵王温泉スキー場, Zao Onsen Ski Resort,Japan,Yamagata Prefecture,38.160364,140.409870
,Finland,Satakunta,61.531557,21.823922
,Canada,Alberta,53.552180,-113.461136
,Finland,Ostrobothnia,63.139498,22.265187
Nickel Plate Cross-Country Ski Trails Recreation Site,Canada,British Columbia,49.374132,-119.969915
,United Kingdom,Sunderland,54.879899,-1.412751
Ål skisenter,Norway,Viken,60.664159,8.523537
,United States,West Virginia,39.627991,-79.867434
Sauerlach,Germany,Bavaria,47.975237,11.647940
,United States,Alaska,61.595641,-148.998437
,Germany,Bavaria,48.774767,13.730614
,Finland,Uusimaa,60.736066,25.431799
,United States,Vermont,43.125624,-72.945577
,Sweden,Vasterbotten County,64.514516,20.634025
Hörnli,Switzerland,Saint Gallen,47.311685,9.210841
,Norway,Viken,60.020358,9.996501
Station de Sport d'Hiver du Haut Folin,France,Saône-et-Loire,46.992834,4.019902
Geto Kogen,Japan,Iwate Prefecture,39.238306,140.897375
Bansko,Bulgaria,Blagoevgrad,41.782094,23.452182
Mendel,Italy,Trento,46.400644,11.205914
Woodbury Ski Area,United States,Connecticut,41.589831,-73.255781
,Norway,Troms og Finnmark,69.384352,19.278680
,United States,Wisconsin,46.174811,-91.135256
,Russia,Moscow City,55.653828,37.675770
,Romania,Bistrita-Nasaud,47.232062,25.009469
,Slovakia,Kosice,48.894122,20.891263
,Russia,Moscow Oblast,55.796614,37.065135
Wraith Hill,United States,Montana,46.173575,-113.210099
Crystal Ridge (Rock Snowpark),United States,Wisconsin,42.920418,-88.016281
Newmilns Snow & Sports Complex,United Kingdom,East Ayrshire,55.610201,-4.324805
,Germany,Baden-Württemberg,48.405137,8.220560
,Norway,Vestfold og Telemark,59.289331,8.101114
Simpsio,Finland,Southern Ostrobothnia,62.957508,22.939642
,Germany,Baden-Württemberg,48.529308,9.605905
,Finland,Lapland,67.423410,24.506448
Park City Mountain Resort,United States,Utah,40.656901,-111.537859
Magic Mountain Resort,United States,Idaho,42.186111,-114.285454
となみ夢の平スキー場, Tonami Yumenotaira Ski Ground,Japan,Toyama Prefecture,36.585210,137.019746
,Sweden,Kalmar,57.906166,16.403639
Monarch Mountain,United States,Colorado,38.516870,-106.344275
Igrišta olimpijski centar,Bosnia and Herzegovina,Republic of Srpska,44.151584,18.922799
,Finland,Pirkanmaa,61.885426,23.651491
Lučivná,Slovakia,Presov,49.045843,20.149143
Závažná Poruba - Opalisko,Slovakia,Zilina,49.041493,19.639727
Kasprowy Wierch,Poland,Lesser Poland Voivodeship,49.236635,19.978466
,Finland,Pirkanmaa,61.445244,23.743474
,Norway,Troms og Finnmark,69.676660,18.765447
Innsbruck USA,United States,New York,42.031444,-75.935762
Val-Mauricie,Canada,Quebec,46.520930,-72.761757
,Germany,North Rhine-Westphalia,51.220262,8.285994
,Russia,Tatarstan,55.847430,49.329802
,Norway,Nordland,67.036390,15.218176
いぶきの里スキー場, Ibukinosato Ski Area,Japan,Okayama Prefecture,35.165178,133.407095
,Czechia,Vysocina,49.382094,15.431423
Kronberg,Switzerland,Appenzell Innerrhoden,47.298009,9.344724
Meßstetten,Germany,Baden-Württemberg,48.163821,8.956826
Station touristique Val Saint-Côme,Canada,Quebec,46.275367,-73.876167
,United States,Idaho,44.518125,-116.054470
,Norway,Vestland,61.351423,7.167469
Kewaunee County Winter Park,United States,Wisconsin,44.460312,-87.559018
Ski Gugel,Slovakia,Kosice,48.850730,20.401200
,Norway,Viken,59.691239,10.491439
毕棚沟滑雪场,China,Sichuan,31.323280,102.954037
,Austria,Styria,47.456229,13.937054
Tylicz-Ski,Poland,Lesser Poland Voivodeship,49.384917,21.000401
,Norway,Troms og Finnmark,69.394526,18.220923
Kunlun Ski Field,China,Inner Mongolia,40.753251,109.800599
Maniva,Italy,Brescia,45.833336,10.400378
,Norway,Vestland,61.885598,6.806611
,Russia,Vladimir,56.226442,41.257023
La Bresse Brabant,France,Vosges,47.987158,6.865583
Mammoth Mountain,United States,California,37.640130,-119.019104
,Finland,Uusimaa,60.371322,25.744105
,Germany,Bavaria,47.592002,10.545815
Gstaad - Wasserngrat,Switzerland,Bern,46.462934,7.319322
Hätzingen,Switzerland,Glarus,46.957123,9.036849
Mount Buller,Australia,Victoria,-37.147378,146.438174
Blackhawk Ski Club,United States,Wisconsin,43.085364,-89.569253
,Sweden,Stockholm,59.632825,17.706952
Todtnauberg,Germany,Baden-Württemberg,47.852770,7.943648
,Germany,Baden-Württemberg,47.848644,8.965513
Skigebiet Hauereck - St. Kathrein am Hauenstein,Austria,Styria,47.513490,15.694687
,Russia,Murmansk,68.953468,33.174064
Kessellifte (Inzell),Germany,Bavaria,47.761195,12.724829
,Austria,Styria,46.828913,15.126762
Märchenwiese/Plankogel (Gaberl),Austria,Styria,47.112203,14.916172
High Wallowas,United States,Oregon,45.277166,-117.207191
Reina Trase,Latvia,Krimuldas,57.179067,24.821008
,Canada,Prince Edward Island,46.268254,-63.424665
,Austria,Vorarlberg,47.318647,9.979223
Red River Ski Area,United States,New Mexico,36.700769,-105.408669
sjezdovka Severka,Czechia,Hradec Králové,50.449372,15.723564
Tsubame Onsen (燕温泉スキー場),Japan,Niigata Prefecture,36.900829,138.143920
,Norway,Møre and Romsdal,62.381104,7.574465
Torsbustaden alpinsenter,Norway,Trøndelag,63.683339,11.308286
,Finland,North Karelen,63.102970,29.780997
Vergio,France,Haute-Corse,42.285711,8.888478
,Russia,Bashkortostan,54.326569,59.358308
Trysil,Norway,Innlandet,61.310000,12.315000
駒ヶ根スキーリゾート, Komagane Ski Resort,Japan,Nagano Prefecture,35.739660,137.887091
Rostovo,Bosnia and Herzegovina,Central Bosnia,44.104583,17.567954
,Switzerland,Graubunden,46.787021,9.249128
Tiffindell,South Africa,Eastern Cape,-30.650307,27.926400
静之湖滑雪场,China,Beijing,40.250508,116.429541
Riksgränsen,Norway;Sweden,Nordland;Norrbotten,68.415435,18.113684
,Switzerland,Neuchatel,47.043928,6.800056
,Sweden,Vastra Gotaland,58.597945,13.418121
Highlands of Olympia,United States,Wisconsin,43.088148,-88.479911
Alshan Alpine,China,Inner Mongolia,47.169385,119.949950
Ylläs Ski Resort, Ylläsjärvi,Finland,Lapland,67.555591,24.237035
Hervanta,Finland,Pirkanmaa,61.461516,23.850821
Järabacken,Sweden,Jonkoping,57.766066,14.236611
San Bernadino - Pian Cales,Switzerland,Graubunden,46.463024,9.196898
St. Margrethenberg,Switzerland,Saint Gallen,46.978240,9.505245
Reitingerlift (Weißkirchen/Reisstraße),Austria,Styria,47.152099,14.794915
Oddsskarð,Iceland,Austurland,65.066643,-13.899814
,Poland,Podkarpackie,49.745176,21.820959
,Norway,Møre and Romsdal,62.159618,6.266901
Feldenmaas,Switzerland,Zurich,47.299216,8.468886
,Germany,Baden-Württemberg,47.785787,7.773266
Mio Mountain,United States,Michigan,44.643911,-84.148793
,Sweden,Dalarna;Jamtland,62.066476,13.226995
Buttermilk Resort,Canada,Ontario,46.768352,-84.351482
,Estonia,Valga,58.017662,25.935902
Sewall Woods Conservation Area,United States,New Hampshire,43.582561,-71.229079
Парковая гора,Russia,Sakhalin,46.972431,142.755861
,Finland,Northern Ostrobothnia,63.977772,25.780923
Sonnenberg,Germany,Lower Saxony,51.756541,10.517903
East Peak Resort,United States,Alaska,61.134722,-146.164056
Celjska koca,Slovenia,Savinja,46.193820,15.277043
巾山スキー場, Habayama Ski Area,Japan,Akita Prefecture,39.221767,140.017629
,Germany,Thuringia,50.568579,11.140980
,Estonia,Harju,59.436385,24.614617
稲川スキー場スベロッタ, Inakawa Ski Area Suberotta,Japan,Akita Prefecture,39.164906,140.540225
Tettegouche State Park,United States,Minnesota,47.347355,-91.259166
Hafjell,Norway,Innlandet,61.236917,10.467924
,Norway,Viken,60.170288,9.006533
Армхи (Armkhi),Russia,Ingushetia,42.811762,44.707967
,Sweden,Vastra Gotaland,57.699266,12.473528
,Russia,Moscow Oblast,55.509389,36.705001
Skagahøgdi skisenter,Norway,Viken,60.710570,8.897785
Kiwanis Hill,United States,Wisconsin,43.836601,-88.848195
Sampeyre,Italy,Cuneo,44.576930,7.181471
,Norway,Troms og Finnmark,70.443183,28.521269
栂池高原, Tsugaike Kogen,Japan,Nagano Prefecture,36.756543,137.851537
Ilgaz Kayak Merkezi, Ilgaz Ski Resort,Turkey,Cankiri;Kastamonu,41.067658,33.732755
,United States,Wisconsin,46.322031,-91.226342
Cannonsburg Ski Area,United States,Michigan,43.052100,-85.503612
Schigebiet Forsteralm,Austria,Lower Austria;Upper Austria,47.891539,14.759817
,Russia,Mari El,56.596377,47.914785
,Czechia,Zlín,49.259390,18.068685
L'Alpe du Grand Serre,France,Isère,45.007778,5.845611
Piękna Góra,Poland,Warmian-Masurian Voivodeship,54.282239,22.286120
,Germany,Bavaria,47.401229,10.151144
North End Ski Trails,United States,Wisconsin,46.173994,-91.276360
,Canada,Quebec,45.933290,-74.333165
Pocono Ranch Lands Ski Mountain,United States,Pennsylvania,41.163402,-74.961218
Ski Annaberg,Czechia,Moravian-Silesian,50.071594,17.385751
,Russia,Sverdlovsk,56.896068,60.493564
,Norway,Vestland,59.883973,6.629509
Winterwelt Rehefeld,Germany,Saxony,50.726553,13.696076
Saint George,Switzerland,Vaud,46.522836,6.262985
Long Mountain,United States,Indiana,39.185167,-86.253791
,Norway,Vestfold og Telemark,59.477847,9.011418
Ski Dubovica,Slovakia,Presov,49.110969,20.944990
Králíky,Slovakia,Banska Bystrica,48.735975,19.016038
Ski Club Of Ireland,Ireland,Dublin,53.219508,-6.183547
,Germany,Baden-Württemberg,48.119602,8.854253
Scott’s Cobble,United States,New York,44.245491,-73.934727
Vaset,Norway,Innlandet,60.986122,8.967651
Coppervale,United States,California,40.345506,-120.904230
Stewart,Canada,British Columbia,55.951742,-129.987205
Pontresina,Switzerland,Graubunden,46.491292,9.908760
Ricken,Switzerland,Saint Gallen,47.249176,9.034216
よませ温泉スキー場, Yomase Onsen Ski Area,Japan,Nagano Prefecture,36.787154,138.412988
,Finland,Lapland,67.579412,24.204336
,Norway,Troms og Finnmark,70.054681,28.088613
Nemrut Kayak Merkezi,Turkey,Bitlis,38.581295,42.267555
,Sweden,Dalarna,60.799603,15.400418
Royal Mountain,United States,New York,43.083621,-74.507132
,Germany,Lower Saxony,51.715705,10.614328
,Sweden,Dalarna,60.657794,15.760930
,United States,Colorado,40.380295,-106.719886
,United States,Utah,41.874765,-111.741360
,Czechia,Hradec Králové,50.699350,15.670191
Nevada Nordic,United States,Nevada,39.292298,-119.920884
,Norway,Vestfold og Telemark,59.852010,8.671111
Elk Ridge,United States,Arizona,35.214841,-112.192769
Dorukkaya,Turkey,Bolu,40.595417,31.799858
,United States,Wyoming,43.816242,-110.205671
Granlibakken Ski Resort,United States,California,39.154358,-120.153780
Madrisa,Switzerland,Graubunden,46.911458,9.873671
南郷スキー場, Aizukogen Nango Ski Area,Japan,Fukushima Prefecture,37.260460,139.556917
,Norway,Trøndelag,62.974351,9.421884
,Finland,North Karelen,62.369130,29.534900
,Sweden,Halland,56.523431,13.311066
Espace Haute Maurienne Vanoise,France,Savoie,45.260835,6.845974
信州松本 野麦峠スキー場, Shinshu-Matsumoto Nomugitoge Ski Resort,Japan,Nagano Prefecture,36.047949,137.723725
,Germany,Thuringia,50.514534,10.918184
پیست اسکی تاریک دره, Tarik Darreh Ski Resort,Iran,Hamadan,34.717802,48.437901
,Czechia,Vysocina,49.441440,15.571483
,Norway,Innlandet,60.474214,12.235717
,Denmark,North Jutland,56.844847,9.860994
,Czechia,Ústecký,50.954058,14.565587
,Finland,Uusimaa,60.419536,24.321855
Oslo Skisenter,Norway,Oslo,59.955307,10.808182
,Slovakia,Zilina,49.253435,19.509606
Leirskallen skisenter,Norway,Oslo,59.858882,10.828605
COS OPO Zakopane,Poland,Lesser Poland Voivodeship,49.280444,19.967718
,United States,Michigan,45.004872,-84.743389
,Sweden,Uppsala,59.951357,17.714624
Šerlišský mlýn,Czechia,Hradec Králové,50.325208,16.369151
Schilifte Molln,Austria,Upper Austria,47.880794,14.255980
L'Orient,Switzerland,Vaud,46.596311,6.242375
Hawksnest Snow Tubing,United States,North Carolina,36.143586,-81.824197
Олимпик Парк (Olympic Park),Russia,Bashkortostan,54.737360,56.030312
Nest Of Eagles,United States,Wisconsin,45.834720,-91.785235
,Germany,Saxony-Anhalt,51.687159,10.848151
Tramelan,Switzerland,Bern,47.206658,7.085739
,Norway,Innlandet,61.018214,10.602760
,Russia,Moscow Oblast,55.965283,38.013871
Biancoia,Italy,Vicenza,45.824615,11.632494
Raccoon River,United States,Iowa,41.561173,-94.228771
,United States,Colorado,38.978726,-107.018975
Klíny,Czechia,Ústecký,50.628112,13.565579
,Norway,Innlandet,61.343366,10.998184
Pine Top,Canada,Ontario,48.529917,-89.127000
Ski Minnewaska,United States,New York,41.729305,-74.237280
,Austria,Styria,47.599801,14.283053
La Poya (Chamonix),France,Haute-Savoie,46.017117,6.915644
,Sweden,Gavleborg,60.640130,17.177549
Pierścienica – Kielce,Poland,Świętokrzyskie Voivodship,50.840556,20.602937
,Russia,Chelyabinsk,55.154279,59.826835
Ski Cigeľ,Slovakia,Trenciansky kraj,48.700198,18.654933
,United States,Alaska,61.787685,-149.206224
,Sweden,Vasternorrland,62.434276,15.489937
,Finland,Paijanne Tavastia,61.020266,25.701785
Sisorarfiit Skiliften,Greenland,Kommuneqarfik Sermersooq,64.189207,-51.657028
,Norway,Vestfold og Telemark,59.823377,7.196227
,Russia,Tatarstan,55.755758,52.373951
Francisco Jerman,Argentina,Tierra del Fuego,-54.809943,-68.365265
Järvsöbacken,Sweden,Gavleborg,61.715589,16.149293
Skiarena Karlov,Czechia,Moravian-Silesian;Olomouc,50.015582,17.289501
Пухтолова гора (Pukhtolova Gora),Russia,Saint Petersburg,60.231441,29.684914
オグナほたかスキー場, Oguna Hotaka Ski Area,Japan,Gunma Prefecture,36.782765,139.164403
Tennessee Pass,United States,Colorado,39.351306,-106.310645
양지파인리조트, Yangji Pine Ski Resort,South Korea,Kyeongki-Do,37.210423,127.297858
Le Chazelet,France,Hautes-Alpes,45.056335,6.281347
,Canada,Quebec,46.598709,-70.462952
Abalı Kayak Merkezi,Turkey,Van,38.263719,43.208842
Горки,Russia,Oryol,53.089222,36.061348
Ski centar Durmitor Savin kuk,Montenegro,Zabljak,43.119318,19.091366
,Germany,Baden-Württemberg,48.065541,8.016974
Réallon,France,Hautes-Alpes,44.587989,6.349815
Family Park DIMBO,Poland,Lesser Poland Voivodeship,49.405289,20.932293
Preggrabenhöhe,Austria,Styria,47.278312,14.981753
Gwynne Valley,Canada,Alberta,52.984950,-113.216176
Ilgaz,Turkey,Kastamonu,41.077770,33.731392
,Canada,Quebec,46.023992,-74.300417
赤沢スキー場, Akasawa Ski Area,Japan,Gunma Prefecture,36.731682,138.828062
Alpine Valley,United States,Ohio,41.528607,-81.261304
,Switzerland,Valais,46.535169,8.348186
Marquette Mountain,United States,Michigan,46.508333,-87.420000
Modriach-Winkel Hoislifte,Austria,Styria,46.945561,15.078414
Dynamite Hill,United States,New York,43.659082,-73.796936
InPiste,United Kingdom,Central Bedfordshire,51.847712,-0.402169
,Russia,Oryol,53.289884,36.623408
,Finland,Uusimaa,60.532326,24.717723
Valmorel,France,Savoie,45.450618,6.427665
,Switzerland,Valais,46.234815,8.011760
Campo Felice - Rocca di Cambio,Italy,L'Aquila,42.217303,13.478783
Breckenridge,United States,Colorado,39.478449,-106.060574
,Canada,Ontario,46.345165,-79.497059
Borovets,Bulgaria,Sofia,42.237973,23.595673
,Russia,Moscow City,55.821591,37.483241
,Norway,Innlandet,61.067824,10.520280
Долина (Dolina),Russia,Orenburg,51.506222,57.350152
,Norway,Vestland,60.276760,6.400654
,Russia,Moscow Oblast,56.012629,37.923530
Čičmany,Slovakia,Zilina,48.946043,18.530520
,Slovakia,Kosice;Presov,48.908591,22.199057
,Sweden,Vasternorrland,62.807140,17.851761
,Czechia;Poland,Hradec Králové;dolnoslaskie,50.677497,16.313816
,United States,Pennsylvania,41.719171,-77.883721
Adelboden - TschentenAlp,Switzerland,Bern,46.501018,7.552126
紫花岭滑雪场,China,Liaoning,41.736252,124.125270
Fun Valley,United States,Iowa,41.565082,-92.572625
Bussang Larcenaire,France,Vosges,47.900241,6.857083
福井和泉スキー場, Fukui Izumi Ski Resort,Japan,Fukui Prefecture,35.936775,136.686245
Bingöl Hasarek,Turkey,Bingol,38.886958,40.288754
Пужалова гора (Puzhalova gora),Russia,Vladimir,56.200357,42.684906
,Norway,Innlandet,61.929220,11.046968
Ski Broadmoor,United States,Colorado,38.764959,-104.847400
,Finland,Pirkanmaa,61.386996,24.506104
Meråker alpinsenter,Norway,Trøndelag,63.451672,11.689261
Mount Southington Ski Area,United States,Connecticut,41.581286,-72.927811
Lake Elmo Nordic Center Trails,United States,Minnesota,44.975774,-92.895352
Sappee,Finland,Pirkanmaa,61.390695,24.509462
,Canada,Quebec,45.924707,-74.068052
Buşteni,Romania,Prahova,45.419495,25.524952
,Norway,Trøndelag,63.991878,10.412179
Горнолыжный склон ТРЦ Вейпарк,Russia,Moscow Oblast,55.856341,37.393031
,Norway,Viken,60.767656,8.846883
Sandia Peak Ski Area,United States,New Mexico,35.201395,-106.423353
Tomahawk Ski Bowl,United States,Oregon,42.446895,-122.105656
Kommatti,Finland,Lapland,67.431793,26.733096
Berg Yogo (ベルク余呉スキー場),Japan,Shiga Prefecture,35.691163,136.166228
Trestle Ridge,Canada,Ontario,48.788234,-87.108364
Beijing Yuyang Resort,China,Beijing,40.074466,117.141923
Sno Rovers Cross Country Ski Trails,United States,Maine,45.639828,-68.547328
,Austria,Salzburg,47.408163,12.897526
,Czechia,Liberec,50.802097,15.233212
日光湯元温泉スキー場, Nikko Yumoto Onsen Ski Park,Japan,Tochigi Prefecture,36.804864,139.414092
,Poland,Lesser Poland Voivodeship,49.527357,21.316118
,Norway,Agder,58.141983,7.714030
,Finland,Central Finland,62.218965,24.392120
Surnadal alpinsenter,Norway,Møre and Romsdal,62.962313,8.665097
Заборовье,Russia,Tver,57.357020,34.365993
,Poland,Lubelskie,51.970467,22.789410
,Sweden,Gavleborg,61.621432,15.969589
,Switzerland,Saint Gallen,47.085489,9.286021
Skigebiet / Rodelgebiet Laubendorf,Germany,Bavaria,49.496970,10.746258
Eastman Cross Country,United States,New Hampshire,43.505227,-72.111218
,Russia,Nizhny Novgorod,55.307585,42.222271
Mount Lemmon Ski Valley,United States,Arizona,32.445738,-110.780487
Mt. Eustis,United States,New Hampshire,44.297151,-71.775767
,Austria,Styria,47.256797,14.832334
Skiareál Kunčice,Czechia,Olomouc,50.188050,16.935490
,Italy,Trento,46.365283,11.649278
,Italy,Trento,46.028543,10.732721
Science Centre cross country ski trails,Canada,Saskatchewan,50.432238,-104.595251
,Russia,Karelia,64.597791,30.598596
,Finland,Kymenlaakso;Paijanne Tavastia,60.918833,26.200714
,Austria,Tyrol,47.463714,12.225380
Ski Mystic Deer Mountain,United States,South Dakota,44.308433,-103.818442
Oak Hill,United States,Arizona,35.261583,-112.010857
Športcentrum Oščadnica,Slovakia,Zilina,49.432677,18.883038
Tatrapoma F Ťaskovka,Slovakia,Zilina,49.451541,19.459866
,Russia,Kirov,58.861350,50.882847
Hallingskarvet skisenter,Norway,Viken,60.641565,8.021175
Kläppen,Sweden,Dalarna,61.019989,13.362840
,Germany,Baden-Württemberg,48.743849,8.662143
Hatley Pointe,United States,North Carolina,35.950229,-82.509651
,Slovakia,Zilina,49.037474,18.628373
Emery Park,United States,New York,42.716246,-78.588467
Chopok Juh,Slovakia,Banska Bystrica;Zilina,48.936623,19.590317
,Norway,Troms og Finnmark,69.749821,30.299904
,Russia,Mari El,56.615279,48.015939
,Finland,Central Finland,62.408791,25.619195
Finnsnes Skiklubb,Norway,Troms og Finnmark,69.244298,18.032854
Les Rousses,France;Switzerland,Doubs;Jura;Vaud,46.495120,6.080590
Winterset,United States,Wisconsin,45.241068,-88.086576
Yellowknife Community Trails,Canada,Northwest Territories,62.453867,-114.389305
Oriavchyk,Ukraine,Lviv,48.972756,23.300025
,Norway,Vestland,60.311186,5.471802
,Russia,Udmurt,56.900362,53.242956
پیست اسکی سهند, Sahand Ski Resort,Iran,Azarbayjan-e Sharqi,37.752899,46.514493
,Norway,Møre and Romsdal,63.152116,8.094932
,United States,Maine,44.666563,-67.671585
Buckskin Hills Ski + Tubing Hill,United States,Utah,40.478911,-109.431592
Bungalow Hill,United States,Colorado,40.071531,-106.107077
Mont Orford,Canada,Quebec,45.313941,-72.229042
,Latvia,Rezekne,56.498708,27.316354
,Norway,Innlandet,62.089079,9.182685
Zirog,Italy,Bolzano/Bozen,46.967200,11.491200
Hlubočky,Czechia,Olomouc,49.627951,17.404722
Lourtier,Switzerland,Valais,46.050701,7.268312
Wakasu Kogen Oya (若杉高原大屋スキー場),Japan,Hyogo Prefecture,35.282464,134.589570
Domaine Autrans - Méaudre,France,Isère,45.148794,5.528727
Keewatin,Canada,Saskatchewan,52.722830,-105.102425
Rolla View,United States,North Dakota,48.878758,-99.673312
弓长岭滑雪场,China,Liaoning,41.129446,123.416771
,Germany,Bavaria,49.400130,11.878919
Lech/Zürs,Austria,Vorarlberg,47.194394,10.124438
Ski Valley,United States,Rhode Island,42.000054,-71.411229
,Italy,Belluno,46.463246,12.484825
,Norway,Trøndelag,63.524593,9.069935
,Canada,Alberta,51.143082,-115.543474
Brantberget,Sweden,Vasterbotten County,63.839481,20.310196
Pike Lake Unit Ski Trails,United States,Wisconsin,43.316662,-88.304499
,Russia,Samara,53.382244,50.270288
,Austria,Lower Austria,47.874566,15.171058
Pilatus,Switzerland,Lucerne;Nidwalden,47.002515,8.259557
ハチ北高原スキー場, Hachi Kita Ski Area,Japan,Hyogo Prefecture,35.400318,134.541353
Agnasbacken,Sweden,Vasterbotten County,63.839460,19.261969
Gohrersberg – Kreuzthal,Germany,Baden-Württemberg;Bavaria,47.720817,10.119948
Osmelakowa Dolina,Poland,dolnoslaskie,50.280969,16.535158
,Canada,Quebec,48.552271,-78.228782
,Norway,Nordland,66.039779,13.756547
Mont-Sainte-Anne,Canada,Quebec,47.082151,-70.918848
,Finland,North Karelen,62.331733,29.840075
Selwyn Snow Resort,Australia,New South Wales,-35.908596,148.452187
Mingyuedao,China,Heilongjiang,47.409477,123.898676
,Bosnia and Herzegovina,Republic of Srpska,44.119518,18.900343
,France,Lozère,44.379807,3.854778
,Switzerland,Graubunden,46.622432,9.750472
,Germany,Saxony,50.500502,12.951987
Deep Creek,United States,Montana,45.907345,-113.114848
,Germany,Baden-Württemberg,48.165116,8.663886
Velká Úpa,Czechia,Hradec Králové,50.697171,15.768571
Абзаково (Abzakovo),Russia,Bashkortostan,53.814222,58.627672
Otsego Club,United States,Michigan,45.032076,-84.650946
Baili,Latvia,Beverinas;Valmiera,57.534467,25.468901
Gramado Snowland (Serra Gaúcha),Brazil,Rio Grande Do Sul,-29.394023,-50.920520
,Norway,Rogaland,59.653514,6.278693
,Norway,Trøndelag,63.607738,8.722771
,Finland,North Karelen,62.629586,29.657448
,France,Doubs,47.071121,6.547002
,Norway,Møre and Romsdal,62.703211,7.501979
Tenderfoot Mountain,United States,Colorado,38.767198,-105.148344
,Slovakia,Kosice,48.784782,21.517834
Huff Hills Ski Resort,United States,North Dakota,46.625713,-100.724834
,Estonia,Rapla,59.113314,24.822379
Fortress Mountain Resort,Canada,Alberta,50.817414,-115.218528
わかさ氷ノ山スキー場, Wakasa Hyonosen Ski Resort, Wakasa hyōnosen sukī-ba,Japan,Tottori Prefecture,35.348961,134.491349
,Germany,Hesse,50.246141,8.416094
,Finland,Northern Ostrobothnia,64.099105,24.450057
竜王スキーパーク, Ryuoo Ski Park, Ryūō sukī pāku,Japan,Nagano Prefecture,36.781085,138.468806
پیست اسکی پولادکف, Pooladkaf Ski Resort,Iran,Fars,30.370416,51.907181
,Finland,Lapland,66.762328,28.770690
Snow Forest,United States,California,34.233430,-116.914423
,Canada,Quebec,48.158434,-66.212058
,Russia,Ivanovo,57.264493,41.039119
Seaver Hill,United States,Vermont,43.672318,-72.449470
,Germany,Lower Saxony,51.812727,10.530062
志賀高原 寺小屋スキー場, Shiga Kogen Terakoya Ski Area,Japan,Nagano Prefecture,36.729363,138.527179
,Norway,Agder,58.275907,8.003732
Hochlitten-Riefensberg,Austria;Germany,Bavaria;Vorarlberg,47.507394,9.982460
Estación de esquí de Valdezcaray,Spain,La Rioja,42.253447,-2.971257
,Germany,Hesse,51.316500,9.366770
,Russia,Moscow Oblast,55.732394,37.983581
Pohénégamook en Montagne,Canada,Quebec,47.486077,-69.245155
,United States,Colorado,37.838775,-107.882103
Ośrodek Narciarski Klepki - Wisła Malinka,Poland,Silesian Voivodeship,49.633772,18.924912
Mount Valhalla Ski Trails,United States,Wisconsin,46.725711,-91.048486
,Canada,Manitoba,49.848970,-97.131195
Centre de plein air familiale Richelieu,Canada,Quebec,47.665235,-68.893999
,Germany,Baden-Württemberg,47.743016,9.798878
Red Lodge Mountain,United States,Montana,45.187898,-109.358548
,Norway,Innlandet,60.940983,11.785480
Echigo Hillside (国営越後丘陵公園),Japan,Niigata Prefecture,37.428069,138.750555
Laklouk,Lebanon,Mount Lebanon,34.127189,35.850823
,Norway,Vestland,60.966442,5.706160
,Russia,Murmansk,68.991461,33.088608
,United States,Idaho,48.268659,-116.614741
何家沟滑雪场,China,Liaoning,40.198469,122.232650
,Canada,Quebec,45.870776,-73.210755
Discovery Ski Area,United States,Montana,46.265024,-113.251085
,Sweden,Jamtland,63.255873,14.426041
,Finland,Pirkanmaa,61.402856,23.045771
石鎚スキー場ピクニック園地, Ishizuchi SKi & Snowbaord Resort,Japan,Ehime Prefecture,33.795253,133.131108
,Norway,Trøndelag,64.851490,11.612992
,Sweden,Stockholm,59.380504,18.134019
Willingen,Germany,Hesse;North Rhine-Westphalia,51.287435,8.596007
La Trélasse,Switzerland,Vaud,46.451420,6.104811
Nakamiyori Onsen (中三依ファミリースキー場),Japan,Tochigi Prefecture,36.984986,139.699935
Kiyokawa Kogen (清川高原スキー場),Japan,Niigata Prefecture,37.691826,139.438387
Tandådalen,Sweden,Dalarna,61.174878,13.014015
Ski Callaghan,Canada,British Columbia,50.165510,-123.165894
Les Pléiades,Switzerland,Vaud,46.477986,6.913259
Aktiven skiheis,Norway,Vestland,60.377143,6.006510
,Austria,Carinthia,46.920707,14.794250
,Sweden,Dalarna,60.137000,15.191963
開田高原マイアスキー場, Mia Ski Resort,Japan,Nagano Prefecture,35.929339,137.515092
,Sweden,Vastra Gotaland,58.484381,11.693449
桐庐生仙里滑雪场,China,Zhejiang,29.995218,119.247441
グランドサンピア猪苗代リゾートスキー場, Grand Sunpia Inawashiro Resort Hotel,Japan,Fukushima Prefecture,37.583890,140.060231
,Sweden,Jonkoping,57.433572,15.188831
Żółwik,Poland,dolnoslaskie,50.779118,15.730372
富良野スキー場, Furano ski resort, ふらのスキー場,Japan,Hokkaido Prefecture,43.333060,142.339841
Ski Pancíř,Czechia,Plzeň,49.167117,13.238848
,Japan,Nagano Prefecture,36.644627,137.855050
,Norway,Trøndelag,63.111000,10.742121
Monte Nerone,Italy,Pesaro E Urbino,43.561110,12.513704
八千穂高原スキー場, Yachiho Kōgen Ski Resort,Japan,Nagano Prefecture,36.070344,138.378298
Hidden Valley Ski Resort,Canada,Alberta,49.653727,-110.265029
三島町営スキー場, Mishima Choei,Japan,Fukushima Prefecture,37.462940,139.636806
Спортивно-розважальний комплекс Савич-парк,Ukraine,Ternopil,49.565457,25.629160
Matsunoyama Onsen (松之山温泉スキー場),Japan,Niigata Prefecture,37.050128,138.600943
藤原スキー場, Fujiwara Snow&Spa Resort,Japan,Gunma Prefecture,36.851526,139.068999
Karkogel - Abtenau,Austria,Salzburg,47.555649,13.348906
Serra da Estrela,Portugal,Castelo Branco;Guarda,40.327437,-7.615782
Zinkenlifte – Dürrnberg (Hallein),Austria;Germany,Bavaria;Salzburg,47.656346,13.092756
Skilift Lößnitz,Germany,Saxony,50.614548,12.742315
,Sweden,Varmland,59.495683,14.161071
Wintergreen Ski and Hiking Trail,United States,Wisconsin,45.896840,-90.320255
,Czechia,Hradec Králové,50.659814,15.883854
Supervallée,France,Vosges,47.996003,6.896093
,Finland,Northern Savonia,63.731327,27.023925
,Sweden,Norrbotten,65.312518,21.284965
Ski Saguenay,Canada,Quebec,48.157281,-70.386379
Bulkley Valley Nordic Centre,Canada,British Columbia,54.734686,-127.227150
Méaudre,France,Isère,45.122520,5.508535
Scheidegg,Austria;Germany,Bavaria;Vorarlberg,47.568952,9.825532
Hardscrabble,United States,Wisconsin,45.486674,-91.637392
Berkshire Snow Basin,United States,Massachusetts,42.488682,-72.964454
Ski Snowpeak,United States,Pennsylvania,40.547852,-77.248993
,Germany,Baden-Württemberg,49.405726,8.984541
,Finland,Uusimaa,60.422019,25.104398
,Sweden,Halland,57.552396,12.254781
,Russia,Moscow Oblast,55.671422,39.311471
,Finland,Northern Ostrobothnia,64.352136,26.252876
,Norway,Trøndelag,63.270827,10.138368
,Germany,Baden-Württemberg,48.926264,9.738543
,Belarus,Minsk,53.847662,27.626763
,Italy,Bolzano/Bozen,46.563264,11.566058
Tory Mountain,United States,West Virginia,38.879007,-79.517841
Ringerudsetra skitrekk,Norway,Viken,60.400739,9.998463
,United States,Alaska,59.140677,-135.369378
Plateau de Solaison,France,Haute-Savoie,46.029622,6.420481
Fort Kent Outdoor Center,United States,Maine,47.236765,-68.595794
,Canada,Quebec,45.956996,-74.340016
,Russia,Moscow Oblast,56.034920,37.836350
奥只見丸山スキー場, Okutadami Maruyama Ski Resort,Japan,Niigata Prefecture,37.159949,139.234442
Sandskigebiet Monte Kaolino,Germany,Bavaria,49.532391,11.966302
,Austria,Carinthia,46.557989,14.246272
Parque de Nieve Batea Mahuida,Argentina,Neuquen,-38.833949,-71.221177
,Norway,Vestfold og Telemark,59.179724,9.589007
,Russia,Moscow City;Moscow Oblast,55.878554,37.394269
Big Bam Ski Hill,Canada,British Columbia,56.130054,-120.731335
,Finland,Uusimaa,60.638761,25.254365
,Norway,Troms og Finnmark,69.635201,19.571202
,Austria,Tyrol,47.285423,11.769083
Ski Signal de Botrange,Belgium,Liège,50.495025,6.087228
Monte Catria,Italy,Pesaro E Urbino,43.479608,12.693939
Aichelberglifte Karlstift,Austria,Lower Austria,48.594781,14.746756
Jakobshorn,Switzerland,Graubunden,46.781258,9.834963
,Sweden,Stockholm,59.294650,18.153475
Gubałówka,Poland,Lesser Poland Voivodeship,49.298424,19.945389
,China,Tianjin,40.112829,117.373023
,Czechia;Poland,dolnoslaskie,50.292652,16.504622
Oak Highlands,United States,Iowa,42.751211,-92.477363
,Norway,Agder,58.518217,8.626124
Західний реабілітаційно-спортивний центр Національного комітету спорту інвалідів України, Заходні рэабілітацыйна-спартыўны цэнтр Нацыянальнага камітэта спорту інвалідаў Украіны, Western Rehabilitation and Sport Center of the National Sports Committee for the Disabled of Ukraine,Ukraine,Lviv,49.035128,22.932497
,Norway,Agder,58.685548,8.669778
,Russia,Oryol,52.927987,35.971175
Javornik,Slovenia,Gorizia,45.891765,14.078704
,Germany,North Rhine-Westphalia,50.750519,8.113193
Riserva Bianca,Italy,Cuneo,44.165837,7.574984
Hallsta Ski,Sweden,Vasternorrland,63.160869,17.237147
,Canada,British Columbia,59.802704,-135.020807
Guzet-Neige,France,Ariège,42.770108,1.307492
,Norway,Viken,59.857467,10.114895
,Czechia,South Moravian,48.851964,17.603295
,Russia,Moscow City,55.635497,37.556177
,Russia,Kostroma,57.792165,40.967611
,Slovakia,Banska Bystrica;Zilina,48.856348,19.020945
,China,Guangxi Zhuang,26.141675,110.901381
Mont Chilly,Canada,Quebec,45.915104,-76.746223
Hoya del Chingue,Argentina,Santa Cruz,-50.389524,-72.327416
,Russia,Altai,51.977720,84.990263
Earl Bales Park Ski and Snowboard Centre,Canada,Ontario,43.753150,-79.430938
,North Korea,South P'yŏngan,39.194464,126.825330
,Switzerland,Valais,46.205115,7.164753
,Norway,Trøndelag,62.856358,10.335104
,Czechia,South Moravian;Vysocina,49.509620,16.405829
Rofan Seilbahn,Austria,Tyrol,47.434393,11.757220
,Germany,Bavaria,47.858969,10.911940
Sella Ciampigotto - Casera Razzo,Italy,Belluno,46.486076,12.585972
Mont Tremblant Resort, Station Mont Tremblant,Canada,Quebec,46.217422,-74.570353
U Sachovy Studanky,Czechia,Zlín,49.417873,18.339718
Beaver Valley (Fruitvale),Canada,British Columbia,49.098270,-117.537120
,Norway,Møre and Romsdal,62.866938,7.176541
,Finland,Kymenlaakso,60.586150,27.157794
Ski Juwel - Oberau (Wildschönau),Austria,Tyrol,47.442402,12.051842
Χιονοδρομικό Κέντρο Λαϊλιά, Lailias Ski Centre,Greece,Central Macedonia,41.262654,23.603090
Skidbacke,Sweden,Norrbotten,65.787183,21.765276
Whitemud,Canada,Alberta,53.502157,-113.559692
,Switzerland,Appenzell Ausserrhoden,47.436832,9.541786
Snova Shinyokohama (スノーヴァ新横浜),Japan,Kanagawa Prefecture,35.524545,139.658991
Χιονοδρομικό Κέντρο Καλαβρύτων, Kalavrita Ski Resort,Greece,Western Greece,37.996927,22.194326
Butterpot Cross Country Ski Trails,Canada,Newfoundland and Labrador,47.382537,-53.044878
Cerro Catedral,Argentina,Rio Negro,-41.164513,-71.460223
,Germany,Bavaria,47.778494,12.315648
Avers,Switzerland,Graubunden,46.436098,9.553529
,Finland,Uusimaa,60.135068,24.439115
South Farm Lake Ski Trails,United States,Minnesota,47.887765,-91.684029
Leitariegos,Spain,Asturias;Leon,42.989092,-6.416371
,Russia,Novosibirsk,54.850761,83.141081
,Russia,Moscow City,55.685496,37.817895
Skiarena Karlov - Olomoučák,Czechia,Moravian-Silesian,50.024184,17.268556
,Czechia,Liberec,50.710264,15.485248
,Latvia,Grobinas,56.538573,21.170415
,Germany,Bavaria,48.993342,13.227523
Powder Puff,United States,New Mexico,36.707547,-105.421951
,Italy,Como,45.892351,9.217273
,Norway,Trøndelag,63.979840,10.223527
,Switzerland,Aargau,47.487209,7.928409
Grand Lake Nordic Center,United States,Colorado,40.247922,-105.858758
Mount Utatsu (卯辰山スキー場),Japan,Ishikawa Prefecture,36.572999,136.678128
,France,Doubs,47.075106,6.322366
Whitecourt Ski Club,Canada,Alberta,54.031906,-115.719509
,Russia,Moscow City;Moscow Oblast,55.269343,37.421090
Schatzalp/Strela,Switzerland,Graubunden,46.803343,9.819152
Abandoned Ski Sector, Secteur du Ski Abandonné,Canada,Quebec,49.286138,-68.167018
Cerro Perito Moreno,Argentina,Rio Negro,-41.786929,-71.582836
西岭雪山滑雪场,China,Sichuan,30.700370,103.186177
Scuol Motta Naluns,Switzerland,Graubunden,46.817884,10.266710
Hilltop Ski Area,United States,Alaska,61.141203,-149.739318
,Finland,Lapland,68.122870,28.186789
,Russia,Ryazan,54.909610,41.268012
,Germany,Hesse;North Rhine-Westphalia,50.872883,8.292133
Bristol Pit,Canada,Northwest Territories,62.463337,-114.410623
Navarino Hills,United States,Wisconsin,44.610329,-88.585178
,Norway,Viken,59.932544,9.836195
Homewood Ski Area,United States,California,39.078191,-120.169056
,Norway,Møre and Romsdal,62.031511,6.769011
Basenbergabacken,Sweden,Sodermanland,59.072190,15.921868
,Russia,Ivanovo,57.031193,40.858421
Бумажник,Russia,Perm,58.147830,56.426508
Уктус (Uktus),Russia,Sverdlovsk,56.772249,60.644592
塔山滑雪场,China,Shandong,37.510909,121.395594
,Norway,Trøndelag,63.297633,10.463413
Woods Valley,United States,New York,43.299116,-75.380327
,Estonia,Harju,59.508258,24.836639
Osrodek Bystre,Poland,Podkarpackie,49.315863,22.270627
,Austria,Upper Austria,47.712615,14.332493
Shichinohe Town (七戸町営スキー場),Japan,Aomori Prefecture,40.698390,141.099714
,Norway,Viken,59.694513,11.298927
,Germany,Saxony,50.634160,13.215397
Bridal Veil,Canada,British Columbia,49.163216,-121.781522
,Norway,Troms og Finnmark,69.116846,18.137103
雫石スキー場, Shizukuishi Ski Resort,Japan,Iwate Prefecture,39.782996,140.920049
Ravensberg - Bad Sachsa,Germany,Lower Saxony;Saxony-Anhalt;Thuringia,51.621184,10.533160
Windblown Cross Country Skiing and Snowshoeing,United States,New Hampshire,42.774958,-71.901003
Hartenrod,Germany,Hesse,50.749490,8.454666
,Finland,Lapland,68.651070,27.572791
,Germany,Hesse,50.472740,8.518667
,Norway,Troms og Finnmark,69.562178,18.289323
Münsingen,Germany,Baden-Württemberg,48.397752,9.494681
,United States,Wyoming,42.819154,-108.720258
,Germany,North Rhine-Westphalia,51.212965,8.608140
,Norway,Viken,60.202358,10.956777
,United States,Oregon,45.305475,-121.701148
Springenboden,Switzerland,Bern,46.616413,7.577201
霍林河滑雪场,China,Inner Mongolia,45.587804,119.565618
金沢市営医王山スキー場, Kanazawa Municipal Ski Resort,Japan,Ishikawa Prefecture,36.526232,136.751994
Hakusan Nakamiya Onsen (白山中宮温泉スキー場),Japan,Ishikawa Prefecture,36.276300,136.686665
,Switzerland,Bern,46.477370,7.350739
,Sweden,Vasterbotten County,64.576358,18.669726
Les Gets-Morzine,France,Haute-Savoie,46.157650,6.686843
,Switzerland,Valais,46.399377,7.778748
,Norway,Vestfold og Telemark,59.572903,8.224808
,Finland,Uusimaa,60.521415,25.166567
Hanson Hills,United States,Michigan,44.645452,-84.753256
,Norway,Agder,59.085652,7.419224
Rockwood Ski Club,Canada,New Brunswick,45.299464,-66.064997
,Czechia,Hradec Králové,50.706196,15.643759
Ax 3 Domaines,France,Ariège,42.677389,1.802705
Nechako Valley Sporting Association Trail System,Canada,British Columbia,54.031802,-124.100807
Wagon Wheel Resort,United States,Illinois,42.438910,-89.076735
Skihütte Mertens,Belgium,Liège,50.435152,6.329078
泾川天池滑雪场,China,Gansu,35.326706,107.315189
Měděnec - Alšovka,Czechia,Ústecký,50.422683,13.134069
Cowboy Hill,United States,Colorado,37.264013,-107.964395
,Czechia;Poland,Hradec Králové;dolnoslaskie,50.495114,16.293018
Mariborsko Pohorje,Slovenia,Drava,46.510579,15.553563
,Switzerland,Bern;Jura,47.207768,7.015169
あさひプライムスキー場, Asahi Prime Ski Area,Japan,Nagano Prefecture,36.117117,137.830477
Black's Grove Park,United States,Minnesota,46.454925,-95.205464
,United States,Washington,48.827907,-118.414480
八雲町営スキー場, Yakumo Choei Ski Area,Japan,Hokkaido Prefecture,42.212979,140.233640
Mt. Fuji,United States,Wisconsin,42.617611,-88.420683
,Switzerland,Zug,47.167442,8.593843
Ludwigsstadt,Germany,Bavaria,50.482960,11.384230
,Norway,Vestfold og Telemark,58.922827,8.746118
Tau Samaly,Kazakhstan,Ongtustik Qazaqstan,42.163853,70.087110
Vernár - Studničky,Slovakia,Presov,48.924194,20.255908
青岛北宅滑雪场,China,Shandong,36.213322,120.505665
,Austria,Salzburg,47.713405,13.177122
Soláň,Czechia,Zlín,49.395558,18.254557
,United States,Maine,43.868837,-69.937740
Pod Wangiem,Poland,dolnoslaskie,50.780004,15.727344
,Finland,Northern Ostrobothnia,63.871035,24.882027
Petit Chamonix,Canada,Quebec,47.974869,-66.956005
Nigorigo Onsen (濁河温泉スキー場),Japan,Gifu Prefecture,35.934147,137.443745
Furutangen skisenter,Norway,Innlandet,61.371481,11.803670
,Norway,Innlandet,61.293532,10.176976
,Russia,Tatarstan,56.193687,50.879189
,Russia,Perm,57.440903,56.968896
南天湖滑雪场,China,Chongqing,29.588071,107.814301
Monschau-Rohren,Germany,North Rhine-Westphalia,50.553679,6.278253
,Finland,Southwest Finland,60.456575,22.408405
,United States,Wyoming,43.474833,-110.745989
,Norway,Nordland,65.815351,13.260142
,Germany,Bavaria,47.802051,12.645467
Ski klub Prácheň,Czechia,Liberec,50.768158,14.500919
,United States,New York,43.232269,-77.566298
Tumlin Sport Ski,Poland,Świętokrzyskie Voivodship,50.958112,20.566461
,Sweden,Vasterbotten County,63.907148,19.796348
,Norway,Trøndelag,63.728956,10.727396
Ski Lysá,Slovakia,Presov,49.161037,21.134135
Crystal Mountain,United States,Michigan,44.522479,-85.995356
Kiviõli Adventure Centre Snow Park,Estonia,Ida-Viru,59.363732,26.952724
,Canada,British Columbia,50.981067,-118.199113
Wisp Resort,United States,Maryland,39.548481,-79.372554
Skiareál Čerťák,Czechia,Moravian-Silesian,49.998087,17.328774
Stok narciarski,Poland,Greater Poland,52.982406,16.939318
Stari Vrh,Slovenia,Upper Carniola,46.175070,14.186344
,Canada,Manitoba,50.996648,-100.061578
Shirakawa Kogen (白河高原),Japan,Fukushima Prefecture,37.144628,140.014639
,Russia,Leningrad,60.493196,30.149617
Hengrove lesiure domes,United Kingdom,Bristol,51.414361,-2.585975
Arapahoe East,United States,Colorado,39.697678,-105.242629
Ски Центар Михајово, Ski Center Mihajlovo,North Macedonia,Kavadarci Municipality,41.186431,22.065182
,Germany,Bavaria,47.708647,11.722576
Kartala,Bulgaria,Blagoevgrad,42.031173,23.356633
,Germany,Baden-Württemberg;Bavaria,47.838854,10.102882
,Finland,Tavastia Proper,60.727309,24.698757
Mount Washington Valley Ski Touring & Snowshoe Foundation,United States,New Hampshire,44.064389,-71.128173
Ski Morin Heights,Canada,Quebec,45.899074,-74.274036
石打丸山スキー場, Ishiuchi Maruyama Ski Resort,Japan,Niigata Prefecture,36.970817,138.793777
Gloucester Ski and Snowboard Centre,United Kingdom,Gloucestershire,51.834831,-2.222917
Yunomaru (湯の丸スキー場),Japan,Gunma Prefecture;Nagano Prefecture,36.427655,138.420501
,Russia,Kirov,58.746604,50.147713
Baraque des Bouviers,France,Lozère,44.751705,3.529679
,Russia,Sakhalin,47.032019,142.065817
IUP College Lodge,United States,Pennsylvania,40.632649,-79.182640
Antagnod,Italy,Valle D'Aosta,45.821871,7.683236
Flambeau Hills Trails,United States,Wisconsin,45.808921,-90.720668
Vilches,Chile,Del Maule,-35.554854,-70.963612
Weißsee Gletscherwelt,Austria,Salzburg,47.139638,12.626021
,Russia,Kaluga,54.599099,36.129865
,Norway,Troms og Finnmark,68.784309,16.465071
Hochbärneck,Austria,Lower Austria,47.924291,15.208280
Notchview,United States,Massachusetts,42.511165,-73.027543
,Finland,Lapland,67.560378,24.248284
,Canada,Quebec,45.631684,-73.809061
Col des Aravis,France,Savoie,45.872240,6.465025
,Norway,Viken,60.274604,9.412943
,Latvia,Riga,56.936014,24.085223
Borsafüred,Romania,Maramureş County,47.615222,24.784614
,Germany,Baden-Württemberg,48.847911,9.869353
Stevens Pass Ski Area,United States,Washington,47.737573,-121.090430
,United States,Ohio,40.159206,-83.199187
Sir Sam's,Canada,Ontario,45.127710,-78.484982
Buscat Ski Resort,Romania,Cluj,46.531387,23.277031
Revelstoke Mountain Resort,Canada,British Columbia,50.963080,-118.118999
,Finland,Tavastia Proper,60.756305,24.810035
,Norway,Nordland,67.350381,15.546228
,Russia,Moscow Oblast,55.921822,37.488041
Ski Santa Fe, Santa Fe, Q38555,United States,New Mexico,35.791761,-105.790648
Gunset Ski Bowl,United States,New York,42.861842,-75.018318
かもい岳国際スキー場, Kamoidake Kokusai,Japan,Hokkaido Prefecture,43.519636,142.008551
,Russia,Nizhny Novgorod,56.268236,43.920030
Lone Lake Ski Club,United States,Minnesota,44.899325,-93.428743
アップかんなべ, UP Kannabe Ski Resort,Japan,Hyogo Prefecture,35.504525,134.678504
Château-d'Oex,Switzerland,Vaud,46.473997,7.134176
Rendezvous trails,United States,Montana,44.658153,-111.109028
Mountain View Recreation Area Ski Trails,United States,Minnesota,46.798962,-95.770113
Paggaio,Greece,East Macedonia and Thrace,40.911735,24.105752
Zieleniec,Poland,dolnoslaskie,50.335379,16.386526
,United States,West Virginia,37.533307,-80.987907
,Sweden,Gavleborg,61.709763,16.315494
,Germany,North Rhine-Westphalia,51.087072,8.044618
Pârtia de schi Veresvirág, Veresvirág sípálya,Romania,Harghita,46.642468,25.497289
,Austria,Tyrol,47.075345,11.413684
Sparwood,Canada,British Columbia,49.751237,-114.903216
Благодать (Blagodat),Russia,Altai,51.983853,84.950341
Genzesuki (ゲンゼスキー場),Japan,Kyoto Prefecture,35.390703,134.942102
,Czechia,South Bohemian,49.063220,15.244405
Les Mosses,Switzerland,Vaud,46.403939,7.099159
,Norway,Vestfold og Telemark,59.127367,9.843252
,Norway,Nordland,65.659877,13.495101
,Ukraine,Ivano-Frankivs'k,48.236386,25.105958
휘닉스 평창, Pheonix Park,South Korea,Kangwon-Do,37.580095,128.321849
,Italy,Bolzano/Bozen,46.942304,12.065709
Skilift Treisberg,Germany,Hesse,50.292298,8.442964
Nové Hamry - U řeky,Czechia,Karlovy Vary,50.360049,12.714348
Ohlstadt Loipe,Germany,Bavaria,47.628809,11.229714
梅园滑雪场,China,Jiangsu,31.315719,119.791205
Yad Moss,United Kingdom,Westmorland and Furness,54.733839,-2.351933
Puigmal 2900,France;Spain,Girona;Pyrénées-Orientales,42.392098,2.072234
,Finland,Uusimaa,60.286401,24.164802
Vsacký cáb,Czechia,Zlín,49.374317,18.096237
,Russia,Moscow Oblast,56.386678,38.132970
,Norway,Innlandet,61.675103,10.087551
志賀高原 西館山スキー場, Shiga Kogen Nishidateyama Ski Area,Japan,Nagano Prefecture,36.728535,138.501170
Le Pilat,France,Loire,45.367053,4.527721
,Norway,Agder,58.440682,7.939730
Dundret / Gallivare,Sweden,Norrbotten,67.104060,20.640564
,Finland,Southern Ostrobothnia,62.756909,23.066465
Waterville Valley Resort Nordic,United States,New Hampshire,43.961571,-71.503911
Starý Smokovec,Slovakia,Presov,49.138073,20.213687
Snowshoe Mountain,United States,West Virginia,38.414292,-79.996011
Ski Bezovec,Slovakia,Trenciansky kraj,48.664183,17.961822
,United States,Michigan,42.550449,-83.634125
,Russia,Irkutsk,51.991902,103.986006
,Germany,Saxony,50.507368,12.943898
,Croatia,Bjelovarsko-bilogorska,45.588228,17.311976
,Finland,Southwest Finland,60.528459,22.555228
Юрманка (Urmanka),Russia,Novosibirsk,54.596362,84.092806
Dole pri Litiji,Slovenia,Central Sava,46.026830,15.022577
Monte Fumaiolo,Italy,Forli'-Cesena,43.793162,12.078665
,Germany,Bavaria,47.599261,9.870691
Muntele Mic,Romania,Caras-Severin,45.361855,22.476537
,Russia,Udmurt,56.746476,53.299925
Mauna Kea,United States,Hawaii,19.821135,-155.473881
Snoasis (Hidden Valley),Canada,Saskatchewan,50.788263,-104.516459
,United States,Washington,47.614826,-120.662614
Cuchara Mountain Resort,United States,Colorado,37.344187,-105.129777
Porté-Puymorens,France,Pyrénées-Orientales,42.550726,1.800747
,Finland,Uusimaa,60.131255,24.461370
Palisades Tahoe Alpine Meadows,United States,California,39.154306,-120.238234
,Germany,Baden-Württemberg,48.619942,8.197760
,United States,Vermont,43.042017,-72.953416
Campo di Giove,Italy,Chieti;L'Aquila,42.000279,14.089039
Gesundaberget,Sweden,Dalarna,60.876948,14.519137
Jiugongshan,China,Hubei,29.397024,114.661320
Intervale Center,United States,Vermont,44.501180,-73.210067
Pine Basin,United States,Idaho,43.523714,-111.327252
Clearwater Ski Hill,Canada,British Columbia,51.634600,-120.018851
,Germany,Bavaria,49.085172,11.169582
,Italy,Bolzano/Bozen,46.633481,11.924518
Wintersportschule Krimml,Austria,Salzburg,47.232786,12.154392
Los Arenales,Chile,De La Araucania,-38.427730,-71.453226
龙岗山滑雪场（规划）,China,Jilin;Liaoning,41.620174,125.428343
,Czechia,Olomouc,49.982029,17.081466
,Finland,North Karelen,63.241033,29.265402
Hausberglift - Waidring,Austria,Tyrol,47.582456,12.564385
,Russia,Khanty-Mansi,61.106258,72.627741
,Norway,Nordland,67.272705,15.437798
Skigebiet Leutasch - Katzenkopflift,Austria,Tyrol,47.362586,11.163796
,Norway,Viken,59.180020,11.129309
CPA Haute Gaspesie,Canada,Quebec,49.097644,-66.518869
,Norway,Vestland,61.202586,6.817950
Mount Dalou,China,Guizhou,28.473496,106.986222
Col de Turini/​Camp d'Argent,France,Alpes-Maritimes,43.989586,7.403996
Kampenwand,Germany,Bavaria,47.766709,12.328223
Nutt Hill,United States,Wisconsin,43.750045,-87.989548
Przełęcz Sokola,Poland,dolnoslaskie,50.660743,16.469790
Švýcárna,Czechia,Olomouc,50.100523,17.213016
町営只見スキー場, Tadami Ski Area,Japan,Fukushima Prefecture,37.348006,139.308301
Chiwawa Sno-Park,United States,Washington,47.808572,-120.667853
Wilern,Switzerland,Valais,46.360900,8.183228
Devil's Thumb,United States,Colorado,39.967796,-105.782912
Too Ashuu,Kyrgyzstan,Chuy,42.314040,73.813380
,United States,Wyoming,43.757116,-110.934508
,Slovakia,Zilina,49.103490,18.889255
Kvilda,Czechia,South Bohemian,49.016281,13.577209
えんがるロックバレースキー, Engaru Rock Valley,Japan,Hokkaido Prefecture,44.018071,143.496423
Domaine Alpin du Col d'Ornon,France,Isère,45.021591,5.977442
Argyll Park,Canada,Alberta,53.506401,-113.462849
Russian Jack Trail System,United States,Alaska,61.206261,-149.788477
,Finland,Southern Ostrobothnia,62.717485,22.628910
,Canada,Quebec,46.009693,-74.084710
Bobcat Ski Center,United States,New York,42.224831,-74.743938
,Russia,Perm,59.386119,56.889460
Гамовская,Russia,Perm,57.851390,56.073057
Ameliówka,Poland,Świętokrzyskie Voivodship,50.902025,20.789232
Simmelsberg,Germany,Hesse,50.434445,9.941314
Hochkogel,Austria,Tyrol,47.474440,12.510000
,Germany,Rhineland-Palatinate,50.674701,7.919470
,Czechia,South Bohemian,48.713353,14.724179
,Iceland,Northeast,66.063609,-18.653399
,Austria,Vorarlberg,46.967909,10.070871
,Slovakia,Banska Bystrica,48.585499,19.757061
,Russia,Leningrad,59.975779,30.596288
Manogami (馬ノ神スキー場),Japan,Aomori Prefecture,40.821304,140.559679
,United States,Vermont,43.435691,-72.752337
,Czechia,Olomouc,49.655710,16.825710
,Austria,Styria,47.425742,15.757588
Hohe Winde,Switzerland,Solothurn,47.347920,7.593658
室蘭市だんパラスキー場, Muroran-shi Ski Area,Japan,Hokkaido Prefecture,42.418022,141.002894
,Sweden,Vasternorrland,62.279846,17.043045
Gantrisch - Gurnigel,Switzerland,Bern,46.724125,7.452759
Toggenburg Ski Center,United States,New York,42.825813,-75.964065
Purnu,Finland,Paijanne Tavastia,61.731894,25.876468
,Finland,Northern Ostrobothnia,64.273457,23.970069
Dent de Vaulion – Le Morez,Switzerland,Vaud,46.681365,6.355849
Mt. Shasta Ski Park,United States,California,41.327341,-122.200772
,Norway,Viken,60.170157,11.220947
Big Bar Cross Country Ski Trails,Canada,British Columbia,51.165365,-121.577600
Edhsliften,Sweden,Jamtland,63.484846,13.194698
,Norway,Møre and Romsdal,62.545316,8.963410
車山高原SKYPARKスキー場, Kurumayama Kogen SKYPARK,Japan,Nagano Prefecture,36.104275,138.206369
Skigebiet Spitzenberg und Köpfle,Germany,Baden-Württemberg,47.802141,8.029614
Cerro Bayo,Argentina,Neuquen,-40.751511,-71.603103
Yaoshan,China,Henan,33.780097,112.267202
,Finland,Central Finland,62.389521,26.451536
Mt. McSauba,United States,Michigan,45.335249,-85.245619
,Estonia,Saare,58.509499,23.056581
スプリングバレー泉高原スキー場, Spring Valley Izumi Kogen,Japan,Miyagi Prefecture,38.418436,140.717277
临沂市茶山滑雪场,China,Shandong,35.283404,118.390042
Fridabacken,Sweden,Vastmanland,60.078891,15.891870
Isaberg (Hestra),Sweden,Jonkoping,57.434388,13.619172
,Canada,Ontario,45.029178,-74.806526
Farchant,Germany,Bavaria,47.522271,11.120511
Les Sherman Park cross country ski trails,Canada,Saskatchewan,50.440725,-104.636793
Camp Ethan Allen,United States,Vermont,44.476482,-72.944798
Orsa Grönklitt,Sweden,Dalarna,61.213228,14.541410
Mt. Chinguacousy Ski and Snowboard Hill,Canada,Ontario,43.728368,-79.725088
まかど温泉スキー場, Makado Onsen,Japan,Aomori Prefecture,40.871330,141.063794
,Norway,Vestland,61.435346,7.425716
,Norway,Viken,59.657021,10.649747
Skiliftkarussell Winterberg,Germany,North Rhine-Westphalia,51.190576,8.507999
Euthal,Switzerland,Schwyz,47.091942,8.823149
,United States,Wisconsin,46.108226,-91.355987
,Norway,Nordland,67.060801,15.999297
,Belarus,Haradzyenskaya Voblasts',53.763907,23.864901
,Sweden,Vasterbotten County,63.864332,20.319566
Ski Cloudcroft,United States,New Mexico,32.950649,-105.707819
,Sweden,Vasternorrland,62.652289,16.659250
Skiareál Mariánky,Czechia,Karlovy Vary,49.973012,12.716349
Saint Grée di Viola,Italy,Cuneo,44.267423,7.952799
,Germany,Baden-Württemberg,48.994425,9.759819
,Finland,Kymenlaakso,60.889322,26.635618
,United States,Wisconsin,43.043361,-89.427487
Renåfjellet alpinsenter,Norway,Innlandet,61.711668,11.300135
Horben,Switzerland,Aargau;Lucerne,47.222413,8.318432
Nipika,Canada,British Columbia,50.616578,-115.794182
Rusiń-Ski,Poland,Lesser Poland Voivodeship,49.357157,20.100725
,Finland,South Karelia,61.056444,28.220413
Viking Valley,United States,Minnesota,46.161278,-95.737073
Kungsbygget,Sweden,Halland,56.369009,13.167904
Sjezdovka na Vysoké,Czechia,Plzeň,49.796800,12.615982
,Austria,Upper Austria,48.562299,14.254247
,Austria,Tyrol,46.863920,12.807884
Skiareál Vurmovka,Czechia,Liberec,50.684146,15.501467
,Norway,Troms og Finnmark,70.416963,28.162307
,Finland,Lapland,67.558193,24.246834
Hot Go Dazzling Sport World,China,Liaoning,41.883561,123.728302
,Ukraine,Kharkiv,50.040799,36.296835
,Italy,Chieti,41.999950,14.088370
King Ridge,United States,New Hampshire,43.380536,-71.981735
Skicentrum Žiar-Dolinky,Slovakia,Zilina,49.134254,19.681085
,United States,Alaska,61.684652,-150.068346
,Poland,Podlaskie,54.043225,22.977189
Gatrisch - Selital,Switzerland,Bern,46.744262,7.392336
Skiareál Pyšná,Czechia,Ústecký,50.550244,13.435180
Miinohara (三井野原スキー場),Japan,Shimane Prefecture,35.086933,133.110964
,Germany,Bavaria,50.278221,12.125025
,Russia,Leningrad,59.903715,31.013046
Timberline Mountain,United States,West Virginia,39.036520,-79.396844
,Hungary,Budapest,47.436751,19.175228
,Norway,Møre and Romsdal,63.011950,8.631979
Orlické Záhoří,Czechia,Hradec Králové,50.284732,16.440840
,Slovakia,Trenciansky kraj,48.735307,17.576692
,Italy,Nuoro,40.071999,9.290117
,Slovakia,Zilina,49.365167,18.902927
,United States,Alaska,60.957347,-149.167458
,Norway,Vestfold og Telemark,59.016697,9.731751
Station de ski du Mont Stoneham,Canada,Quebec,47.030427,-71.393153
,Norway,Innlandet,61.244566,10.442738
Ryterski Raj,Poland,Lesser Poland Voivodeship,49.485695,20.652018
,Norway,Troms og Finnmark,69.366847,18.027629
,Ukraine,Ivano-Frankivs'k,48.723532,23.669655
,Norway,Møre and Romsdal,62.208629,7.152735
,Norway,Troms og Finnmark,69.098019,17.756952
Arêches Beaufort,France,Savoie,45.661902,6.544616
,Russia,Moscow Oblast,56.131006,38.118899
,Austria,Upper Austria,48.546486,14.616392
Club de ski de Beauce,Canada,Quebec,46.369319,-70.926361
,Finland,Central Finland,62.275401,25.438091
Saskadena Six,United States,Vermont,43.663041,-72.547793
,Germany,Baden-Württemberg,48.589687,8.459999
Ёлочка,Russia,Perm,58.098664,56.282923
Wapiti,Canada,British Columbia,50.022447,-114.945824
Ragged Mountain Resort,United States,New Hampshire,43.480771,-71.844026
,Russia,Moscow City,55.555287,37.579843
,Norway,Trøndelag,62.660371,9.283376
Montebello Trail,United States,Minnesota,47.488702,-94.904772
Ski Podjavorník,Slovakia,Trenciansky kraj,49.296712,18.338925
Centre Castor,Canada,Quebec,46.909797,-71.460282
,China,Xinjiang Uyghur,46.136969,82.943719
Staller Sattel,Austria,Tyrol,46.899040,12.220162
Troják,Czechia,Zlín,49.353675,17.814520
,Finland,Southern Savonia,61.709282,27.234188
,Slovenia,Littoral–Inner Carniola,45.648437,14.529574
,Russia,Krasnodar,43.639101,40.311272
,Germany,Bavaria,50.338219,9.937978
,Slovakia,Zilina,49.026705,19.740353
,Norway,Trøndelag,63.742762,11.763491
Brush Creek Cross-Country Ski Trail System,United States,Wyoming,41.339624,-106.499074
,Switzerland,Ticino,46.478954,8.768250
Rokko Mountain (六甲山スノーパーク),Japan,Hyogo Prefecture,34.767629,135.242587
Saint Honoré 1500 - La Chaud,France,Isère,44.971473,5.821231
Solbergsbacken,Sweden,Vasternorrland,63.797051,17.636918
Aletsch Arena,Switzerland,Valais,46.400287,8.075779
La Ruchère-St-Christophe,France,Isère,45.408676,5.796840
Šerkov,Slovakia,Zilina,49.343429,18.796927
,Norway,Troms og Finnmark,68.976530,18.388815
,United States,Utah,40.753227,-111.598218
Bromberg Alm,Germany,Bavaria,47.727660,11.042000
,Finland,Northern Ostrobothnia,64.313063,24.832742
Alto del Padre,Chile,Del Maule,-35.034494,-70.500469
Tisovets,Ukraine,Lviv,48.992155,23.295198
箕輪スキー場, Minowa Ski Resort,Japan,Fukushima Prefecture,37.651210,140.261897
,Ukraine,Zakarpattia,48.906985,22.483271
,Bulgaria,Sofiya,42.588341,23.312203
,Sweden,Gavleborg,61.736719,17.061607
Logan Lake Trails,Canada,British Columbia,50.511987,-120.799092
Ski areál Opálená,Czechia,Moravian-Silesian,49.567261,18.309612
Haruwen,Argentina,Tierra del Fuego,-54.733500,-67.902010
,Norway,Trøndelag,64.114864,11.371590
Mt. Bachelor,United States,Oregon,43.993883,-121.682948
Гора,Russia,Perm,58.184179,56.289389
Wyciągi Baca,Poland,Lesser Poland Voivodeship,49.616724,19.514074
Camelback Mountain Resort,United States,Pennsylvania,41.048034,-75.354203
Дивный (Divnyi),Russia,Krasnoyarsk,55.948470,92.371155
,Finland,Paijanne Tavastia,61.218589,26.056415
Timberline Lodge Ski Area,United States,Oregon,45.323395,-121.716432
,Russia,Sakha,56.669967,124.748058
Allenheads,United Kingdom,Northumberland,54.801965,-2.216299
,Finland,Lapland,68.067139,23.974345
,Russia,Voronezh,51.387829,39.012463
Crescent Hills,United States,Iowa,41.394373,-95.862077
,Norway,Troms og Finnmark,69.156716,18.650907
,Finland,Kymenlaakso,60.896642,26.692872
,Germany,Bavaria,49.572162,11.380024
,Norway,Innlandet,61.389145,8.811463
,Russia,Perm,59.700123,56.789428
Active Backwoods Retreat Ski Trails,United States,Michigan;Wisconsin,46.413458,-90.153731
Uvdal alpinsenter (Senteret),Norway,Viken,60.295007,8.525904
Holzkirchen,Germany,Bavaria,47.882967,11.681728
,United States,New York,41.199986,-74.119477
Jug Mountain Ranch Winter Trails,United States,Idaho,44.836019,-116.021889
Hronec (vlek Majer),Slovakia,Banska Bystrica,48.781338,19.548643
,Norway,Møre and Romsdal,62.764697,8.526952
,Russia,Sverdlovsk,56.406389,61.906115
,Norway,Møre and Romsdal;Vestland,61.924903,6.631017
,Norway,Innlandet,61.976252,7.812522
,Norway,Vestland,60.561511,5.980001
Fulufjellet alpinsenter,Norway,Innlandet,61.391267,12.754086
,Austria,Burgenland,47.073558,16.191406
Taos Ski Valley,United States,New Mexico,36.577859,-105.450991
,Russia,Kirov,59.307204,50.777795
Ålen skisenter,Norway,Trøndelag,62.831028,11.293913
Mt. Olympus,New Zealand,Canterbury Region,-43.181992,171.628504
,Finland,Pirkanmaa,61.513932,23.029423
,Canada,Quebec,46.030750,-74.139034
Ballon d'Alsace,France,Haut-Rhin;Territoire de Belfort,47.806936,6.852440
,Finland,Central Finland,62.114924,25.641551
,Italy,Bolzano/Bozen,46.774172,11.765259
Station de ski du Schnepfenried,France,Haut-Rhin,47.983238,7.045691
,Sweden,Kalmar,57.889263,16.164057
,United States,Wisconsin,46.053006,-91.121605
Kunimidaira (国見平スキー場),Japan,Iwate Prefecture,39.052319,140.968543
,Canada,Nova Scotia,45.608327,-63.535087
,Switzerland,Graubunden,46.615008,10.359056
Langlaufen Lechtal,Austria,Tyrol,47.299113,10.463286
,Sweden,Gavleborg,60.716753,17.196030
Thollon-les-Mémises,France,Haute-Savoie,46.380046,6.722340
,Russia,Moscow Oblast,56.064753,37.650617
,Norway,Trøndelag,63.821776,9.869363
Abondance,France,Haute-Savoie,46.282666,6.727230
Ski Snow Arena - Druskininkai,Lithuania,Alytus,54.032439,23.960667
Sno-Shoe Hollow,United States,Wyoming,42.723718,-110.919363
Mount Snow,United States,Vermont,42.962532,-72.910243
,Romania,Hunedoara,45.330391,23.291399
,Norway,Vestfold og Telemark,59.799612,8.321513
,Finland,Kymenlaakso,60.695780,26.993761
,Slovakia,Banska Bystrica,48.618420,19.639216
,Norway,Vestfold og Telemark,59.731578,8.107441
SławicSki Raj,Poland,Lesser Poland Voivodeship,50.314631,20.087724
,Germany,Saxony,50.652683,13.178405
,Germany,Bavaria,47.875900,10.410592
Burke Mountain Resort,United States,Vermont,44.581885,-71.905670
,Norway,Viken,59.598959,10.452707
Słotwiny Arena,Poland,Lesser Poland Voivodeship,49.431344,20.933838
Horseshoe Prairie Nordic Ski Area,United States,Oregon,45.712381,-118.044801
Embach,Austria,Salzburg,47.286802,12.994054
Les Monts d'Olmes,France,Ariège,42.836134,1.744168
ハンターマウンテン塩原スキー場, Hunter Mountain Shiobara Ski Area,Japan,Tochigi Prefecture,36.930795,139.762632
Mt Tom,United States,Vermont,43.637349,-72.525430
Kupres, Čajuša, AdriaSki,Bosnia and Herzegovina,West Bosnia,43.942506,17.181346
Prali,Italy,Turin,44.875301,7.054921
,United States,Minnesota;North Dakota,46.866109,-96.778207
Eagle Cap,United States,Oregon,45.308262,-117.224025
Covington Ski Hill,United States,Michigan,46.544606,-88.557830
Ski Watatic,United States,Massachusetts,42.703806,-71.890272
,United States,Colorado,38.080113,-107.767992
,Germany,Thuringia,50.698544,10.725946
,Hungary,Heves,47.866454,20.007414
,Switzerland,Saint Gallen,46.916139,9.448814
,Norway,Vestfold og Telemark,59.622961,7.952050
Val Pelouse,France,Savoie,45.420628,6.162897
,Finland,Southwest Finland,60.414912,22.220642
Disentis/Mustér,Switzerland,Graubunden,46.703330,8.806472
Sloreasen Alpinbakke,Norway,Oslo,59.847555,10.792411
Hirtenteich,Germany,Baden-Württemberg,48.787770,9.989544
,Finland,Pirkanmaa,61.501315,23.921922
Powderhouse Hill Ski Area,United States,Maine,43.236085,-70.802366
Vergio,France,Haute-Corse,42.285183,8.888798
Einsiedeln,Switzerland,Schwyz,47.120259,8.728682
Газпром, Gazprom,Russia,Krasnodar,43.683848,40.316870
桃花冲滑雪世界,China,Anhui;Hubei,30.965842,116.053649
Bendix Woods,United States,Indiana,41.669273,-86.492207
,Russia,Leningrad,60.464907,30.250606
Bormio Ski,Italy,Sondrio,46.450722,10.387843
Horní Kouty - Radvanov,Czechia,South Bohemian,49.511839,14.843062
Mont Lac-Vert,Canada,Quebec,48.355852,-71.606677
Brixen Plose - Plose di Bressanone, Brixen Plose, Plose di Bressanone,Italy,Bolzano/Bozen,46.687161,11.709436
,Czechia,Karlovy Vary,50.403155,12.937624
,Italy,Bolzano/Bozen,46.785134,11.429773
Mont Villa Saguenay,Canada,Quebec,48.547484,-71.630825
,Norway,Viken,60.251000,11.245767
,Germany,Bavaria,47.837602,12.669511
Montrose Ski Bowl / Spruce Run,United States,Pennsylvania,41.817768,-75.886065
Domaine Nordique Peisey-Vallandry,France,Savoie,45.524104,6.793923
Hirvensalon Hiihtokeskus,Finland,Southwest Finland,60.416150,22.226078
,France,Hautes-Alpes,44.810464,6.510204
Porters Ski Area,New Zealand,Canterbury Region,-43.270769,171.632693
,,,62.435087,6.212159
,Germany,Baden-Württemberg,48.847934,10.328854
,Germany,Saxony,51.160577,13.822820
,Sweden,Vasterbotten County,63.845585,20.276362
,Canada,Alberta,51.808139,-114.646094
,Norway,Trøndelag,63.367884,10.696221
Skihang Tüppel,Germany,North Rhine-Westphalia,51.425120,8.365094
Sur Lyand,France,Ain,45.950374,5.763899
,Norway,Innlandet,61.171972,8.702884
Ski Cape Smokey,Canada,Nova Scotia,46.624436,-60.425509
ヤマボクワイルドスノーパーク, YAMABOKU Wild Snow Park,Japan,Nagano Prefecture,36.673192,138.462740
,Norway,Trøndelag,64.576774,12.473664
Ski Telgárt,Slovakia,Banska Bystrica,48.846635,20.213255
,Russia,Bashkortostan,53.905043,58.514037
モヤヒルズ, Moya Hills,Japan,Aomori Prefecture,40.733858,140.796474
Chapleau Ski Hill,Canada,Ontario,47.848447,-83.422537
Lermoos Grubigstein,Austria,Tyrol,47.388231,10.861882
西夏风情园滑雪场,China,Ningxia Hui,38.483529,106.032821
,Germany,Saxony-Anhalt,51.779480,10.719881
Hanušovice - Vysoká,Czechia,Olomouc,50.120386,16.882873
Friherrenberg,Switzerland,Schwyz,47.126130,8.762407
Gullbotn,Norway,Vestland,60.405418,5.633729
Schöneck,Germany,Saxony,50.388305,12.342986
,Turkey,Erzurum,39.905616,40.841223
,Czechia,Karlovy Vary,50.382790,12.509806
Tschiertschen,Switzerland,Graubunden,46.808467,9.595879
Degersheim,Switzerland,Appenzell Ausserrhoden;Saint Gallen,47.362724,9.198267
Amden Mattstock,Switzerland,Saint Gallen,47.162673,9.147163
,Finland,Pirkanmaa,61.279165,23.535365
,Norway,Innlandet,60.850426,10.796041
五家山滑雪场,China,Jilin,43.751677,126.714095
Laax,Switzerland,Glarus;Graubunden,46.847069,9.215945
,Austria,Vorarlberg,47.129968,10.055836
,Sweden,Vastmanland,59.388186,15.858976
Happy Valley,Canada,Alberta,51.099045,-114.258205
,Norway,Troms og Finnmark,69.588214,19.240037
Cold Hollow Mountain,United States,Vermont,44.800840,-72.692070
Lyžařský vlek Visalaje,Czechia,Moravian-Silesian,49.516143,18.529991
Alpental,United States,Washington,47.442481,-121.432635
Горнолыжная база Актюз, Aktyz Mountain Resort,Kyrgyzstan,Chuy,42.884395,76.152209
,Russia,Novgorod,58.409353,33.330809
Yeti Skicentrum,Belgium,Brussels,50.822126,4.274901
,Russia,Amur,55.161566,124.740981
Lyžařský vlek Stráň Čistá Voda,Czechia,Hradec Králové,50.687787,15.573639
Haukkavuoren ulkoilu- ja luontomatkailukeskus,Finland,Kymenlaakso,60.717093,26.410965
Cataloochee Ski Area,United States,North Carolina,35.559197,-83.092057
Crystal Mountain,United States,Washington,46.934822,-121.490190
,Finland,Uusimaa,60.126099,24.473154
,Germany,Bavaria,49.019184,13.124759
Hundfjället,Sweden,Dalarna,61.173328,12.964673
Kaustinen,Finland,Central Ostrobothnia,63.537675,23.701390
Vercorin,Switzerland,Valais,46.238570,7.527984
Yuzawa (湯沢市湯沢スキー場),Japan,Akita Prefecture,39.153742,140.513074
Hohenpeißenberg Loipen,Germany,Bavaria,47.805646,10.996799
Val d'Aveto,Italy,Genova;Piacenza,44.554553,9.485449
,Belarus,Minsk,53.895427,27.668022
Granite Peak Ski Area,United States,Wisconsin,44.924737,-89.684795
Brentonico,Italy,Trento,45.781646,10.925691
Bunker Hills Regional Park,United States,Minnesota,45.208936,-93.286431
,Ukraine,Ivano-Frankivs'k,48.430699,24.531353
Hochwurzen,Austria,Styria,47.378155,13.648503
Leutwil,Switzerland,Aargau,47.307733,8.166099
Mount Glenorkey,Canada,Manitoba,49.885455,-100.115662
La Givrine,Switzerland,Vaud,46.462337,6.120644
Domaine nordique des Moises,France,Haute-Savoie,46.271984,6.468233
,Norway,Innlandet,62.212434,10.450544
Phalen Park Golf Course,United States,Minnesota,44.988222,-93.061921
Rondane Skianlegg,Norway,Innlandet,61.804981,9.678711
Bretton Woods Ski Area,United States,New Hampshire,44.254378,-71.464235
Ski centrum Drozdovo,Slovakia,Banska Bystrica,48.425947,18.550929
Hillside Cross Country Ski Trails,United States,Alaska,61.140688,-149.780731
Highway OO Trailhead,United States,Wisconsin,46.108512,-91.293275
TJ Radegast Sihly,Czechia,Moravian-Silesian,49.533623,18.515846
Jöchelspitze,Austria,Tyrol,47.270539,10.373728
,Norway,Trøndelag,64.310361,12.645641
Biberg (Saalfelden),Austria,Salzburg,47.422280,12.813492
Michaywe,United States,Michigan,44.950312,-84.653349
かぐらエリア, Kagura Area,Japan,Niigata Prefecture,36.868635,138.727501
,Norway,Rogaland,59.420800,5.299006
Lesko-Ski,Poland,Podkarpackie,49.446747,22.317738
Горнолыжный комплекс Мальская долина,Russia,Pskov,57.756749,27.824052
Pebble Creek,United States,Idaho,42.773756,-112.151682
,United States,Alaska,59.751456,-151.264555
,Germany,Bavaria,49.967903,11.847112
Trestle Valley,United States,North Dakota,48.231266,-101.402097
Heiden,Switzerland,Appenzell Ausserrhoden,47.433571,9.532140
Fajtův kopec,Czechia,Vysocina,49.360718,16.027175
,Germany,Baden-Württemberg,48.569431,9.714154
,Latvia,Rezeknes,56.538594,27.310196
,Russia,Moscow Oblast,55.538644,38.854301
,Switzerland,Vaud,46.467385,6.948209
Vögelsberg - Wattens,Austria,Tyrol,47.274873,11.591502
Спин-Спорт (Spin-Sport),Russia,Samara,53.471525,49.380172
,Russia,Yaroslavl,57.452974,39.752489
Sea to Sky Gondola,Canada,British Columbia,49.671364,-123.130110
,Austria,Tyrol,47.212064,12.002532
Termas del Campanario (Cerro Azul),Chile,Del Maule,-35.648648,-70.820618
ノーザンアークリゾート, Northern Arc Resort,Japan,Hokkaido Prefecture,43.871175,143.920419
Hiihtokeskus Ukkohalla,Finland,Kainuu,64.740079,28.254288
,Russia,Primorsky,43.365011,133.485555
Mont Brillant,Canada,Quebec,46.905797,-71.453828
,Czechia,South Moravian,48.850139,17.540555
Skiaréna R3,Czechia,Olomouc,50.190231,17.067593
Polana Szymoszkowa,Poland,Lesser Poland Voivodeship,49.298199,19.924638
,Finland,Pirkanmaa,61.950243,24.197769
Hidden Valley,United States,Missouri,38.534894,-90.654411
Ski Cove,United States,Pennsylvania,40.905923,-76.172762
,Germany,Baden-Württemberg,48.521843,8.254622
,Sweden,Norrbotten,65.893842,23.151254
Samerberg Nordic,Germany,Bavaria,47.773656,12.220149
Bremelau,Germany,Baden-Württemberg,48.337027,9.549454
,Russia,Leningrad,59.936574,32.315049
,Finland,Tavastia Proper,60.744126,24.774835
Ormes Peak,United States,Colorado,38.951399,-104.933510
Montage Mountain Ski Area,United States,Pennsylvania,41.353526,-75.664993
Le Marchairuz,Switzerland,Vaud,46.535763,6.219593
Стожок (Stozhok),Russia,Sverdlovsk,57.110652,60.266894
,Russia,Perm,57.919230,55.310106
Brüsti – Attinghausen,Switzerland,Uri,46.846037,8.602540
,Russia,Samara,53.482697,49.452720
Källviksbacken,Sweden,Dalarna,60.570864,15.627747
Little Prairie Community Forest Ski Trails,Canada,British Columbia,55.736535,-121.624238
,Austria,Salzburg,47.870517,13.252867
横向温泉スキー場, Yokomuki Onsen Ski Area,Japan,Fukushima Prefecture,37.659238,140.257898
Mountain High,United States,California,34.370053,-117.689526
,Norway,Viken,60.037325,9.630296
Rakanzan Highland (らかん高原),Japan,Yamaguchi Prefecture,34.348782,132.053180
,United States,Minnesota,46.800753,-92.110142
Énergie CMB,Canada,Quebec,46.323166,-72.626442
Notre Dame du Pré,France,Savoie,45.510554,6.594926
,Russia,Novosibirsk,54.900434,83.092609
Les Breuleux,Switzerland,Bern,47.191317,7.017995
Wendelstein,Germany,Bavaria,47.697808,12.015328
,United States,Maine,45.569634,-69.336988
Blue Knob,United States,Pennsylvania,40.294022,-78.557577
Snowsun Horný Vadičov,Slovakia,Zilina,49.284635,18.895644
Forest Springs,United States,Wisconsin,45.357281,-90.220935
,Norway,Møre and Romsdal,63.037192,8.047849
Skiliftkarussell Winterberg,Germany,North Rhine-Westphalia,51.192123,8.512320
,Finland,Ostrobothnia,63.678211,22.666815
,Canada,Alberta,51.414900,-116.212051
Jay Cooke State Park,United States,Minnesota,46.647066,-92.340376
,Germany,Baden-Württemberg,47.834448,9.349773
,Germany,Bavaria,47.781164,12.363575
,Canada,Quebec,48.292854,-79.135462
Ski centrum Mraznica,Slovakia,Kosice,48.854540,20.560288
,Norway,Møre and Romsdal,62.003215,6.605665
,United States,Minnesota,46.710667,-95.760369
Watles,Italy,Bolzano/Bozen,46.707601,10.496433
,North Macedonia,Mavrovo and Rostusa Municipality,41.695146,20.789657
Zlatá Olešnice,Czechia,Liberec,50.711599,15.356732
会津高原 高畑スキー場, Aizu Kogen Takahata,Japan,Fukushima Prefecture,37.093739,139.455412
Centre de plein air Les sources joyeuses,Canada,Quebec,47.627152,-70.215737
,Germany,Bavaria,47.721711,12.110778
Pocono Manor,United States,Pennsylvania,41.099178,-75.357714
Saint-Maurice-sur-Moselle,France,Vosges,47.831135,6.841049
Les Signaraux,France,Isère,44.933519,5.738895
Entracque,Italy,Cuneo,44.233105,7.398467
Arłamów,Poland,Podkarpackie,49.589592,22.625625
黒伏高原スノーパーク　ジャングル・ジャングル, Kurobushi Kogen Snow Park Jangle Jungle,Japan,Yamagata Prefecture,38.435048,140.545512
,Finland,Paijanne Tavastia,60.847925,25.313549
,Ukraine,Ivano-Frankivs'k,48.299055,24.576571
,Sweden,Dalarna,60.265022,15.948661
神鹿滑雪场,China,Heilongjiang,45.308494,127.357534
Holiday Mountain,Canada,Manitoba,49.235405,-98.695459
Prkenný Důl - Bret,Czechia,Hradec Králové,50.642438,15.905770
,Czechia,Central Bohemian,49.656769,14.889689
,United States,Colorado,40.347943,-106.827748
,Austria,Lower Austria,47.891412,15.723273
Rauma skisenter,Norway,Møre and Romsdal,62.597279,7.655039
,Czechia,Karlovy Vary,50.375041,12.958421
,Norway,Innlandet,60.938949,11.977242
Lauenen,Switzerland,Bern,46.417344,7.317285
Kirpichiki (Кирпичики),Russia,Kamchatka,53.061128,158.680773
,Finland,Southwest Finland,60.561047,22.460616
,Norway,Innlandet,60.178229,11.974257
Snow Bowl,United States,New Jersey,41.011511,-74.553437
,Norway,Innlandet,60.997686,9.627391
,Czechia,Vysocina,49.563824,15.632080
Kostelec,Czechia,Hradec Králové,50.250309,16.408142
,Russia,Leningrad,60.339549,30.505038
Alex,France,Haute-Savoie,45.878894,6.231997
,France,Doubs,46.657121,6.133367
Ski staza Aleksandar club,Serbia,Grad Beograd,44.778704,20.428077
,Switzerland,Glarus,46.919131,9.175598
Magney-Snively Ski Trail,United States,Minnesota,46.695261,-92.242639
Domobianca,Italy,Verbano-Cusio-Ossola,46.098446,8.238705
,Germany,Baden-Württemberg,47.735917,8.060409
Concord Resort,United States,New York,41.668167,-74.645491
,France,Hautes-Alpes,44.749929,6.540074
PocoNorth,United States,Pennsylvania,41.483891,-75.224075
,Sweden,Vasterbotten County,64.007454,20.369417
Heavenly Ski Resort,United States,Nevada,38.940583,-119.913773
,Norway,Troms og Finnmark,70.029010,23.535525
Holy Cross Trail,United States,Wisconsin,45.812401,-90.384414
View Ridge,United States,Wisconsin,44.388915,-88.687917
Åkersjöns Skidbacke,Sweden,Jamtland,63.778215,14.020094
Склон НПП «Звезда»,Russia,Moscow Oblast,55.555035,38.027933
Okoppe Town (興部町営スキー場),Japan,Hokkaido Prefecture,44.457527,143.112697
Winter Sport World (Penrith Indoor Ski),Australia,New South Wales,-33.755459,150.673199
Kudowa Zdrój,Poland,dolnoslaskie,50.455003,16.260531
Skigebiet Spitzingsee - Tegernsee,Germany,Bavaria,47.654893,11.894902
,United States,Washington,48.581005,-120.623998
,Canada,Quebec,46.321900,-74.513664
Niseko Weiss (ニセコワイス スキー場),Japan,Hokkaido Prefecture,42.906121,140.665736
La Baule,France,Loire-Atlantique,47.285813,-2.360107
Mürren/Schilthorn,Switzerland,Bern,46.567607,7.882011
,Slovakia,Presov,49.269346,20.247487
,Norway,Nordland,66.061435,12.893719
Otis Mountain,United States,New York,44.191236,-73.600974
Crater Lake Ski Bowl,United States,Oregon,42.906847,-122.142092
Tower Mountain,United States,Michigan,43.169583,-85.263133
Horní Radouň - Čihadlo,Czechia,South Bohemian,49.250169,14.995368
Qinhuang Road resort,China,Hebei,38.046008,114.171774
پیست اسکی کاکان, Kakan Ski Resort,Iran,Kohgiluyeh va Buyer Ahmad,30.669630,51.725346
,Russia,Moscow Oblast,55.617389,38.220833
,Germany,Bavaria,50.012841,11.838646
Tauplitz / Bad Mitterndorf,Austria,Styria,47.581036,13.979482
,Sweden,Vasternorrland,62.479170,16.341518
,Norway,Agder,58.761246,8.509805
Rockport Park Ski Trails,United States,Wisconsin,42.667619,-89.063245
,Switzerland,Bern,47.216361,7.217970
,United States,Minnesota,47.660509,-96.094110
오투리조트, O2 Resort,South Korea,Kangwon-Do,37.172381,128.937091
Bukovica,Slovenia,Upper Carniola,46.200222,14.238611
トマム スキー場, Tomamu Ski Resort,Japan,Hokkaido Prefecture,43.072798,142.619276
Ośrodek Narciarski NartRaj,Poland,Lubelskie,51.147984,23.421929
,Netherlands,Drenthe,52.842830,6.730988
,United States,Colorado,37.394220,-107.538332
,Germany,Baden-Württemberg,48.144147,8.189496
大明山滑雪场,China,Zhejiang,30.026243,118.990673
Whitnall Park Ski Trails,United States,Wisconsin,42.919456,-88.034283
,Germany,Saxony,50.865657,13.673277
Obudojevica,Serbia,Zlatiborski upravni okrug,43.723082,19.691522
Luž,Czechia,Liberec,50.841073,14.650629
,United States,New York,44.605720,-75.189664
,Norway;Sweden,Innlandet,61.400626,12.706453
,Switzerland,Valais,45.932433,7.094504
Ankenes Alpinanlegg,Norway,Nordland,68.413223,17.390517
,Norway,Innlandet,61.779587,11.042210
,Sweden,Gavleborg,61.715329,16.982690
,Germany,Baden-Württemberg,47.694050,7.901087
Nannestad Skisenter,Norway,Viken,60.266638,11.021200
Skigebiet Damüls-Mellau-Faschina,Austria,Vorarlberg,47.300945,9.883736
,Germany,North Rhine-Westphalia,51.129303,8.368015
Nowa Morawa,Poland,dolnoslaskie,50.241119,16.901682
,Poland,Łódź Voivodeship,51.769110,19.408492
,Canada,Quebec,46.067323,-74.322752
,Norway,Troms og Finnmark,70.270959,28.119821
Schmoll Lifte,Austria,Styria,47.615506,15.791802
黄家沟滑雪场,China,Liaoning,42.061947,121.605266
Weinebene,Austria,Carinthia;Styria,46.833855,15.008327
Hrádok,Slovakia,Zilina,49.052258,18.865384
Birkebeineren Ski- og Skiskytterstadion,Norway,Innlandet,61.135751,10.507551
Park Szczęśliwice,Poland,Mazowieckie,52.205928,20.956251
Sport Arena Myślenice,Poland,Lesser Poland Voivodeship,49.802707,19.948554
,Norway,Nordland,66.873441,13.799600
,Norway,Agder,58.481741,8.876216
浙东第一尖滑雪场,China,Zhejiang,29.407737,121.239928
,Austria,Salzburg,47.610593,13.211765
,Norway,Innlandet,60.953854,9.998997
Hochoetz-Kühtai,Austria,Tyrol,47.211646,10.954632
Campgaw Mountain Ski Area,United States,New Jersey,41.059620,-74.197176
,Slovenia,Littoral–Inner Carniola,45.766713,14.513149
,Finland,Kymenlaakso,60.836846,26.597867
Lassen,United States,California,40.448711,-121.535997
Pista slittini e bob,Italy,Modena,44.286330,10.667344
,United States,Ohio,41.210249,-81.517222
Tianshan Tianchi,China,Xinjiang Uyghur,43.971007,88.061840
Gitschberg Jochtal, Rio Pusteria,Italy,Bolzano/Bozen,46.839340,11.649592
,Sweden,Jamtland,63.185878,14.696460
,Sweden,Norrbotten,68.329082,22.154724
Azuma (あづまスキー場),Japan,Fukushima Prefecture,37.756438,140.292861
,Czechia,Ústecký,50.689473,13.625801
,Russia,Arkhangelsk,61.113284,43.410828
Achensee Loipen,Austria,Tyrol,47.428790,11.737969
Crabbe Mountain Ski Resort,Canada,New Brunswick,46.123285,-67.109533
Łysa Góra,Poland,dolnoslaskie,50.965596,15.812371
Voss Resort Fjellheisar,Norway,Vestland,60.653502,6.401933
Leysin,Switzerland,Vaud,46.366585,7.024235
,Switzerland,Valais,46.082105,7.778255
Brickyard Mountain,United States,New Hampshire,43.609917,-71.468511
Ussita - Frontignano,Italy,Macerata,42.917939,13.154171
Big Air Fukuoka (ビッグエア福岡),Japan,Fukuoka Prefecture,33.604545,130.397319
Mottarone,Italy,Verbano-Cusio-Ossola,45.884076,8.449637
Shiraki (白木ヶ峰スキー場),Japan,Gifu Prefecture,36.412834,137.188828
Val Comelico - Padola,Italy,Belluno;Bolzano/Bozen,46.622453,12.455616
西山滑雪场,China,Beijing,40.031548,116.151225
Beskid Sport Arena,Poland,Silesian Voivodeship,49.721197,19.003294
Горбова,Ukraine,Chernivtsi,48.202900,26.186530
Hallamshire Ski Club (Ringinglow site),United Kingdom,Sheffield,53.352911,-1.562659
,United States,Idaho,46.851501,-116.742494
Pod Durbaszką,Poland,Lesser Poland Voivodeship,49.390163,20.535147
,Sweden,Halland,57.500078,12.226509
Alvaneu,Switzerland,Graubunden,46.674281,9.640928
Ski Mont Avalanche,Canada,Quebec,45.967566,-74.347474
,United States,Wyoming,43.669736,-110.173631
Valmalenco Bernina,Italy,Sondrio,46.295877,9.868848
Chautauqua Mesa,United States,Colorado,39.996920,-105.285442
,Czechia,Hradec Králové,50.548065,15.921278
Prutz,Austria,Tyrol,47.083717,10.666625
徐州督工山滑雪场,China,Jiangsu,34.464915,117.557390
,Finland,Uusimaa,60.228617,24.051367
,United States,Colorado,37.961856,-107.951626
,Finland,Kymenlaakso,61.061477,26.460937
,Sweden,Vasternorrland,62.470800,17.143654
,Finland,Southern Savonia,62.083270,28.934175
,United States,Pennsylvania,39.891624,-79.487683
Nara,Switzerland,Ticino,46.464288,8.888248
,Russia,Moscow Oblast,55.932948,37.883263
Stoderzinken,Austria,Styria,47.455716,13.812734
Little Annie,United States,Colorado,39.127530,-106.814232
,Russia,Moscow Oblast,56.034778,37.796155
,Germany,Thuringia,50.854841,10.470478
,United States,Oregon,43.710500,-121.317929
The Hills,Canada,British Columbia,51.737332,-121.321337
Domaine Nordique Haute-Joux Combe Noire,France,Doubs;Jura,46.764600,6.160978
,Norway,Trøndelag,64.954821,13.131082
,Finland,Kymenlaakso,61.056148,26.707148
Storrs Hill Ski Area,United States,New Hampshire,43.634040,-72.252490
,United States,California,39.201707,-120.129659
Yellowknife Ski Club,Canada,Northwest Territories,62.471863,-114.372268
,Sweden,Jamtland,63.573574,15.322235
,Finland,Tavastia Proper,61.025223,24.476695
Estación de Esquí y Montaña de Sierra Nevada,Spain,Granada,37.078061,-3.388040
Nová Paka - Máchovka,Czechia,Hradec Králové,50.493149,15.505932
Piani di Bobbio - Valtorta Skiarea,Italy,Bergamo;Lecco,45.963551,9.488901
Las Leñas,Argentina,Mendoza,-35.150000,-70.083333
Hochzeiger,Austria,Tyrol,47.157823,10.774674
,Finland,Satakunta,61.094034,21.866428
,Finland,Central Ostrobothnia,63.849271,23.078075
,Canada,Saskatchewan,53.232603,-105.728742
Song Mountain Resort,United States,New York,42.771599,-76.160483
Xueshijie,China,Beijing,40.263485,116.198634
Radusa,Bosnia and Herzegovina,Central Bosnia,43.880321,17.486102
Wexl Arena,Austria,Lower Austria,47.577298,16.018177
际华园室内滑雪场,China,Chongqing,29.688781,106.827783
Camurac,France,Ariège;Aude,42.774153,1.923809
Gateway Parks,United States,Idaho,43.686031,-116.396416
Chain of Lakes Ski Trails,United States,Minnesota,44.959377,-93.316807
Iso-Syote,Finland,Northern Ostrobothnia,65.625463,27.606428
Söchering Loipe,Germany,Bavaria,47.737678,11.223328
,Norway,Vestfold og Telemark,59.456320,8.933897
Mount Hays,Canada,British Columbia,54.287124,-130.319588
,United States,Michigan,44.858313,-86.051599
Brambrüesch,Switzerland,Graubunden,46.820217,9.510425
Area Sciistica Pian del Poggio Monte Chiappo,Italy,Alessandria;Pavia;Piacenza,44.689091,9.205329
Lac Blanc,France,Haut-Rhin;Vosges,48.136612,7.084551
Dalečín,Czechia,Vysocina,49.589380,16.236866
Golijska,Serbia,Morava,43.353834,20.255545
Ounasvaaran laskettelukeskus (Totto), Ounasvaara Ski Resort (Totto),Finland,Lapland,66.504204,25.803901
Faqra,Lebanon,Mount Lebanon,33.981261,35.810032
Heumöderntal - Treuchtlingen,Germany,Bavaria,48.956191,10.896802
,Russia,Karelia,61.693262,34.044736
,Bulgaria,Stara Zagora,42.736021,25.399593
,Norway,Troms og Finnmark,69.440499,20.133675
,United States,California,36.749195,-118.971579
,Russia,Moscow City,55.806409,37.675000
Alpl,Austria,Styria,47.502870,15.639490
Skilift Elbach,Germany,Bavaria,47.738800,11.960664
,United States,Vermont,44.743514,-72.406018
L'areilladou,France,Ardèche,44.795636,4.316615
,Germany,Bavaria,49.497328,10.746833
,Czechia,Zlín,49.409377,18.106190
Sylvan Hill,United States,Wisconsin,44.986929,-89.607453
,Russia,Penza,53.219947,45.087041
,United States,Washington,47.741968,-121.104618
Cherry Peak Ski Area,United States,Utah,41.925196,-111.753950
,Finland,Pirkanmaa,61.419473,23.696247
,Russia,Chelyabinsk,54.647255,58.900511
Ski La Réserve,Canada,Quebec,46.282061,-74.186778
Estación Invernal y de Montaña San Isidro (Sector Saliencias),Spain,Asturias;Leon,43.061471,-5.380854
Chrea,Algeria,Blida,36.429263,2.883328
,Norway,Troms og Finnmark,69.323014,18.553272
Knyken Skisenter,Norway,Trøndelag,63.262123,9.737723
Sulzberg,Austria,Vorarlberg,47.521585,9.908827
Bumbach,Switzerland,Bern,46.804957,7.886035
,Sweden,Vastra Gotaland,57.859558,12.290116
Balderschwang – Hochschelpen/​Riedberger Horn,Austria;Germany,Bavaria;Vorarlberg,47.457257,10.110409
,Slovakia,Banska Bystrica;Kosice,48.851419,20.272795
,Finland,Southern Ostrobothnia,62.861552,24.216964
,Canada,Quebec,46.737514,-72.503597
,Canada,Quebec,46.346811,-74.208893
Canterbury Farms,United States,Massachusetts,42.309746,-73.094668
Foncine / Chaux-Neuve,France,Doubs;Jura,46.640647,6.087912
COS Szczyrk,Poland,Silesian Voivodeship,49.695370,19.024739
,Finland,Central Finland,62.616109,25.708110
Capreol Ski HIll,Canada,Ontario,46.705793,-80.931859
,Norway,Troms og Finnmark,70.045372,28.029807
Bieszczad Ski Wańkowa,Poland,Podkarpackie,49.502271,22.468992
La Forclaz VD,Switzerland,Vaud,46.348399,7.067488
,Austria,Salzburg,47.669048,13.129678
Kissing Bridge,United States,New York,42.600636,-78.657177
Makov - Kasárne,Czechia;Slovakia,Zilina;Zlín,49.326100,18.378239
Эльбрус, Elbrus,Russia,Kabardino-Balkar,43.283682,42.461607
Better Ski & Board Centre,United Kingdom,Hertfordshire,51.789312,-0.213431
,Norway,Viken,59.560110,11.342981
,Norway,Troms og Finnmark,68.914032,17.159746
Mont Carmel,Canada,Quebec,46.496561,-72.626753
Berghalde - Penzburg,Germany,Bavaria,47.758356,11.385080
Mount McKay Ski Area,Canada,Ontario,48.335281,-89.300166
Bernbeuren Loipe,Germany,Bavaria,47.741892,10.775850
Ski Dallas,United States,Colorado,38.104221,-107.956359
,Czechia,Vysocina,49.380188,15.534607
Ironton Park Cross-Country Ski Area,United States,Colorado,37.936211,-107.675310
Prato Selva,Italy,Teramo,42.523613,13.491143
,Belarus,Homyel'skaya Voblasts',52.029907,29.259512
Luisino údolí,Czechia,Hradec Králové,50.661223,15.632072
,Finland,Southern Ostrobothnia,63.166340,22.862802
,United States,California,37.163841,-119.195911
GrandValira,Andorra;France,Canillo;Encamp;Pyrénées-Orientales,42.549440,1.669475
,Russia,Komi,63.599795,53.843883
,Sweden,Dalarna,60.218394,15.201721
Royal Gorge Cross Country Ski Resort,United States,California,39.313466,-120.389192
Estación de Esquí de Manzaneda,Spain,Ourense,42.265685,-7.297550
Hartman,Czechia,Hradec Králové,50.377687,16.312161
,Georgia,Samtskhe-Javakheti,41.746636,43.525091
,Norway,Trøndelag,63.104877,8.367965
Cormaranche en Bugey,France,Ain,45.950609,5.615966
Горная Саланга (Gornaya Salanga),Russia,Kemerovo,55.126517,88.538586
,Russia,Amur,50.381091,127.613435
Ellegglifte – Faistenoy,Germany,Bavaria,47.631146,10.442708
,Austria,Upper Austria,48.434728,14.287934
Parque Recreativo de Nieve El Llano,Argentina,Neuquen,-37.219529,-70.623635
,Poland,Lesser Poland Voivodeship,49.649278,20.281899
,Germany,Saxony,50.551739,13.021298
Les Arcs,France,Savoie,45.570652,6.806837
,Russia,Samara,53.494371,49.853411
,Sweden,Jamtland,63.519860,13.831032
Mount Eyak Ski Area,United States,Alaska,60.551696,-145.739920
,United States,Idaho;Wyoming,43.555604,-111.071113
,Russia,Moscow Oblast,55.859095,39.023908
,Germany,Baden-Württemberg,48.096035,8.200215
Nevados de Chillán (Formerly Termas de Chillán),Chile,Del Bio-Bio,-36.909848,-71.423142
Estación Invernal Fuentes de Invierno,Spain,Asturias;Leon,43.056620,-5.396880
Ascou,France,Ariège,42.727377,1.965161
Altes Almhaus,Austria,Styria,47.083547,14.927115
上ノ国町営湯ノ岱スキー場, Kaminokuni Chomin Ski Area,Japan,Hokkaido Prefecture,41.749742,140.252838
,Russia,Moscow City;Moscow Oblast,55.729484,37.902477
Jumbo Mountain Resort,Canada,British Columbia,50.407642,-116.560135
,United States,Maine,44.478968,-70.871010
Santa Caterina,Italy,Sondrio,46.401607,10.490040
,Germany,Baden-Württemberg,48.178099,8.966169
,Finland,Pirkanmaa,61.335580,22.915649
,Norway,Innlandet,62.014972,7.616645
池の平温泉スキー場, Ikenotaira Onsen Ski Resort,Japan,Niigata Prefecture,36.872934,138.157502
,Latvia,Saulkrastu,57.252726,24.406958
Sovereign Lake Nordic Club,Canada,British Columbia,50.361996,-119.105725
,Austria,Salzburg,47.400971,12.887264
Wildkogel,Austria,Salzburg,47.276503,12.298619
,United States,New York,42.897889,-75.771382
Kompleks Narciarski Biały Krzyż,Poland,Silesian Voivodeship,49.666221,18.960981
Montagnes de Lans,France,Isère,45.112000,5.616508
Obersaxen,Switzerland,Graubunden,46.733838,9.130409
Akdağ Kayak Merkezi,Turkey,Samsun,40.872981,35.914112
,Germany,North Rhine-Westphalia,51.298444,8.376977
Saint-Cergue,Switzerland,Vaud,46.444282,6.152703
,Czechia;Poland,Hradec Králové;dolnoslaskie,50.476204,16.347881
,Finland,Pirkanmaa,61.061278,23.649089
Les Entremonts,France,Savoie,45.461489,5.881308
ホワイトワールド尾瀬岩鞍, White World Oze Iwakura,Japan,Gunma Prefecture,36.820497,139.210933
Bruncu Spina,Italy,Nuoro,40.018844,9.303120
Laurel Mountain Ski Resort,United States,Pennsylvania,40.166335,-79.167945
,United States,Utah,38.480243,-109.255758
Stok narciarski Szopowe,Poland,Lubelskie,50.517026,23.063028
,Finland,Southern Ostrobothnia,63.244988,22.822755
Jarrier – La Tuvière,France,Savoie,45.285764,6.301497
Aillon-Margériaz,France,Savoie,45.637918,6.050839
Hesselbacher Gletscher,Germany,North Rhine-Westphalia,50.883924,8.350998
AE Wilson Park cross country ski trails,Canada,Saskatchewan,50.463269,-104.676104
Tazawa Plateau Assurusuki (田沢湖高原アッスルスキー場),Japan,Akita Prefecture,39.779848,140.763646
,Czechia,Liberec,50.709538,15.160968
,Austria;Italy,Bolzano/Bozen;Tyrol,46.891700,12.207481
Cerro Mirador,Chile,De Magallanes y Antartica Chilena,-53.161182,-71.026096
Čertovica - STIV,Slovakia,Zilina,48.907184,19.735451
Svatá Anna,Czechia,Vysocina,49.721153,15.682057
Bardonecchia,Italy,Turin,45.054940,6.696918
Trapp Family Lodge,United States,Vermont,44.473732,-72.752651
Borno,Italy,Brescia,45.923412,10.176503
Gomadingen,Germany,Baden-Württemberg,48.381400,9.388488
Gressoney-Saint-Jean,Italy,Valle D'Aosta,45.753002,7.829998
Top of the World Ski Hill,Canada,Ontario,45.394495,-78.998019
,Norway,Nordland,66.838332,13.797243
Горнолыжный комплекс Лисья гора,Russia,Moscow Oblast,55.785489,37.950282
,Russia,Komi,63.846460,57.292052
,Switzerland,Appenzell Ausserrhoden,47.309231,9.280518
,Norway,Troms og Finnmark,69.662794,30.045107
スキーリゾート天栄, Ski Resort Tenei,Japan,Fukushima Prefecture,37.267131,139.977452
Stacja Narciarska Cieńków,Poland,Silesian Voivodeship,49.626940,18.934106
,Finland,Pirkanmaa,61.557353,22.810264
,Russia,Moscow City,55.574525,37.541986
たんばらスキーバーク, Tambara Ski Park,Japan,Gunma Prefecture,36.784200,139.082349
,Germany,Baden-Württemberg,48.675475,10.115688
,Russia,Moscow Oblast,55.380422,37.495350
,China,Hunan,28.440268,114.186042
,Norway,Viken,60.034827,11.068015
Skigebiet Ramsau - Hirscheck,Germany,Bavaria,47.628076,12.907471
Wing Hollow (Ski Wing),United States,New York,42.148387,-78.523922
,Latvia,Vecpiebalgas,57.102264,25.781919
美幌町リリー山スキー場, Bihoro Lily Yama Ski Area,Japan,Hokkaido Prefecture,43.842900,144.090686
,Sweden,Dalarna,60.438956,15.485286
,Norway,Viken,59.598267,11.225860
Beskidek,Poland,Silesian Voivodeship,49.716815,19.017618
Aiguille du Midi (Chamonix),France,Haute-Savoie,45.895750,6.914027
,Germany,Bavaria,49.404034,11.635468
,Russia,Moscow Oblast,55.887055,37.831572
Walterswil,Switzerland,Bern,47.112291,7.786484
Jølster Skisenter,Norway,Vestland,61.473743,6.091629
,Norway,Viken,60.260074,10.659282
,Norway,Nordland,65.904664,13.835664
,Russia,Altai,53.306819,83.749312
Shimokawacho (下川町スキー場),Japan,Hokkaido Prefecture,44.294501,142.639520
Axalp,Switzerland,Bern,46.715826,8.041488
,Norway,Troms og Finnmark,69.568229,20.202606
Klausberg - Monte Chiusetta, Klausberg, Monte Chiusetta,Italy,Bolzano/Bozen,46.982273,11.983775
,Norway,Innlandet,62.545616,10.294368
곤지암스키장, Konjiam Resort,South Korea,Kyeongki-Do,37.333825,127.288004
Eldora,United States,Colorado,39.939864,-105.591787
Ørsta skisenter,Norway,Møre and Romsdal,62.157176,6.281710
Longzhu Erlongshan,China,Heilongjiang,45.721420,127.402371
,Norway,Innlandet,61.341918,10.087346
Sundance Resort,United States,Utah,40.381251,-111.589267
Skilift Altenberg,Germany,Saxony,50.761061,13.754983
Alto Campoo,Spain,Cantabria,43.034803,-4.357178
,Russia,Orenburg,51.219145,58.558378
,Canada,Ontario,45.154239,-78.877279
,Sweden,Sodermanland,59.348817,16.513116
Bessans,France,Savoie,45.323558,6.998401
,Norway,Innlandet,61.150760,10.381457
,Russia,Moscow Oblast,55.774721,37.989205
Чепеларе, Tschepelare, Chepelare, Tchepelare, Čepelare, Cepelare,Bulgaria,Smolyan,41.701838,24.671327
Misina- Pecs,Hungary,Baranya,46.104650,18.221808
Wilhelmsfeld,Germany,Baden-Württemberg,49.480820,8.771128
Le Brassus,Switzerland,Vaud,46.574255,6.219090
,Norway,Vestfold og Telemark;Viken,59.634513,10.339498
Washburn Lake Solitude Area Ski Trail,United States,Minnesota,46.854863,-93.969557
,Norway,Vestfold og Telemark,59.333120,9.100792
Centro Ski Pucón,Chile,De La Araucania,-39.391966,-71.961225
Vogel,Slovenia,Upper Carniola,46.265234,13.822192
今庄365スキー場, Imajo 365,Japan,Fukui Prefecture,35.721369,136.142235
,Poland,Podkarpackie,49.836386,21.520876
,Norway,Vestland,60.422004,5.777525
,Norway,Agder,58.423499,8.072501
,Russia,Kamchatka,54.720110,158.587352
,Switzerland,Schwyz,46.973197,8.678305
Mt. Shasta Ski Bowl,United States,California,41.362010,-122.202092
Krasiya - КРАСИЯ,Ukraine,Zakarpattia,48.935239,22.667046
Cari,Switzerland,Ticino,46.501225,8.821507
Upper Gunflint Ski Trails,United States,Minnesota,48.086206,-90.775337
,Canada,Ontario,45.469768,-75.582887
,United States,New York,43.056720,-77.527029
,Germany,Saxony,50.518134,12.498724
Steigalia skitrekk,Norway,Trøndelag,63.096751,9.688880
,Finland,Northern Ostrobothnia,64.285915,24.949189
,Lithuania,Vilnius,54.680649,25.239548
William G. Lunney Lake Farm County Park,United States,Wisconsin,43.029752,-89.332241
,Russia,Vladimir,55.648084,40.678176
,Norway,Trøndelag,63.348700,10.384084
Hovfjället,Sweden,Varmland,60.283056,12.966667
,Sweden,Vasterbotten County,65.180516,18.780926
,Russia,Moscow Oblast,54.904479,37.503845
Kolåsen,Sweden,Jamtland,63.750387,12.965375
,United States,New York,43.999850,-74.154790
,Norway,Nordland,68.440048,17.479439
,Germany,Baden-Württemberg,47.961698,8.377131
,Russia,Kamchatka,52.914490,158.234172
Braunwald,Switzerland,Glarus,46.950741,8.992013
陇东滑雪场,China,Gansu,35.436578,107.634644
Ծաղկաձոր լեռնադահուկային առողջարան, Tsaghkadzor Ski resort,Armenia,Kotayk',40.531658,44.674291
Hoodoo Ski Area,United States,Oregon,44.405389,-121.879157
,Russia,Moscow City;Moscow Oblast,55.978724,37.230274
Uludağ Kayak Merkezi,Turkey,Bursa,40.103992,29.132888
Tréminis,France,Isère,44.740552,5.780599
Kokava - Línia,Slovakia,Banska Bystrica,48.589889,19.733681
Kolorowa,Poland,dolnoslaskie,50.774534,15.753002
Druogno,Italy,Verbano-Cusio-Ossola,46.127635,8.427159
Belchen,Germany,Baden-Württemberg,47.821076,7.841179
,Russia,Belgorod,50.560902,36.593048
Skizentrum Worriken,Belgium,Liège,50.420768,6.228081
,Czechia,Moravian-Silesian,49.879935,17.439208
U Karla,Czechia,Hradec Králové,50.681506,15.781971
,Finland,Tavastia Proper,61.200974,25.142507
,Norway,Troms og Finnmark,68.693736,17.969401
,Ukraine,Kyiv,50.368896,30.517500
Winter Park Resort,United States,Colorado,39.867230,-105.779117
,United States,Alaska,60.974114,-149.098298
Ski Park Rajcza,Poland,Silesian Voivodeship,49.503833,19.105677
,Norway,Innlandet;Trøndelag,62.484899,11.234705
,Norway;Sweden,Dalarna;Innlandet,62.070590,12.303187
,Switzerland,Graubunden,46.645320,10.271240
ムイカスノーリゾート, Muica Snow Resort,Japan,Niigata Prefecture,37.073107,138.839193
,Sweden,Stockholm,59.367259,18.076262
密苑云顶乐园, Yunding Resort Secret Garden, 云顶滑雪公园,China,Hebei,40.949090,115.418134
,Canada,Saskatchewan,50.347623,-101.724146
,Germany,Hesse,51.271937,8.656876
,Finland,Northern Ostrobothnia,65.304017,25.649610
,Finland,Kymenlaakso,60.853407,26.723925
,Russia,Chelyabinsk,55.111616,59.577326
Krzyżowa Góra,Poland,Warmian-Masurian Voivodeship,54.118829,20.565649
Sommet Edelweiss,Canada,Quebec,45.641458,-75.850145
Willoughby State Forest,United States,Vermont,44.710221,-72.041502
,Norway,Troms og Finnmark,69.440143,17.469744
,Germany,Saxony,50.446679,12.631290
,United States,Alaska,64.866593,-147.632277
Viking Nordic Center,United States,Vermont,43.226330,-72.783979
Laajavuori,Finland,Central Finland,62.255701,25.695280
,Sweden,Vastmanland,60.101145,16.536912
William Hawrelak Park,Canada,Alberta,53.533294,-113.540783
,Georgia,Samtskhe-Javakheti,41.744821,43.536409
Горнолыжная база Каракол, Ski resort Karakol,Kyrgyzstan,Ysyk-Kol,42.398903,78.475314
,Norway,Møre and Romsdal,62.793951,8.785435
汝州龙凤山滑雪场,China,Henan,34.264472,112.930869
,Slovakia,Zilina,48.964819,19.572464
Indian Mountain,United States,Colorado,39.245881,-105.724311
Emily Resort,Ukraine,Lviv,49.814758,24.116209
,Norway,Vestfold og Telemark,59.319986,8.467408
Snow Valley Peer Ski & Snowboardcentre,Belgium,Limburg,51.123485,5.469305
,Slovakia,Trenciansky kraj,48.895557,18.527641
,Estonia,Harju,59.437586,24.688196
峰の原高原スキー場, Minenohara Kogen,Japan,Nagano Prefecture,36.558110,138.354360
Stump Sprouts XC Ski Center & Guest Lodge,United States,Massachusetts,42.592491,-72.956605
,Norway,Nordland,67.065612,14.962628
Minnedosa Ski Valley,Canada,Manitoba,50.316372,-99.881816
Kněžický,Czechia,Hradec Králové,50.636125,15.603688
,Canada,Quebec,45.933943,-74.115450
,United States,Colorado,39.030563,-107.990372
Burgfelden,Germany,Baden-Württemberg,48.233590,8.942772
,Italy,Verbano-Cusio-Ossola,46.420664,8.414064
Brunni-Haggenegg,Switzerland,Schwyz,47.047862,8.696742
,Romania,Harghita,46.379347,25.831546
,France,Haute-Savoie,46.069573,6.639077
,Germany,Bavaria,48.020115,11.827200
Böttingen,Germany,Baden-Württemberg,48.097502,8.809134
,Russia,Karelia,61.761541,34.350798
,United States,Wyoming,43.452821,-110.162260
,Poland,Podkarpackie,49.838955,21.522717
Camp Mercier,Canada,Quebec,47.232100,-71.221930
东北亚滑雪场,China,Liaoning,42.039368,123.720018
,Germany,Baden-Württemberg,48.667617,8.458157
Andes Tower Hills,United States,Minnesota,45.852679,-95.613072
八达岭滑雪场,China,Beijing,40.345795,115.951422
,Canada,British Columbia,49.742286,-125.316375
Skiareál Pařez,Czechia,Liberec,50.735928,15.439565
Zambla Alta,Italy,Bergamo,45.893582,9.800117
Kocierz,Poland,Lesser Poland Voivodeship,49.779577,19.315847
Wendu Shuicheng,China,Beijing,40.103766,116.365338
,Finland,Central Finland,62.024562,25.551741
Geißkopf,Germany,Bavaria,48.934373,13.043192
ニヤマ高原スキー場, Niyama Kogen Ski Area,Japan,Hokkaido Prefecture,41.936504,140.629637
Idre Fjäll,Sweden,Dalarna,61.887700,12.842580
,Norway,Troms og Finnmark,69.205034,17.866068
Fregattbacken,Sweden,Stockholm,59.307715,18.275670
Wilderness Lodge,United States,New York;Pennsylvania,42.058767,-79.766498
Temple Basin,New Zealand,Canterbury Region,-42.908597,171.581537
Begovo Razdolje,Croatia,Primorsko-goranska,45.304859,14.901170
Le Mollendruz,Switzerland,Vaud,46.632906,6.349359
,Austria,Styria,47.505103,15.860514
フッズスノーエリア, Fu's snow area,Japan,Hokkaido Prefecture,42.950637,141.277062
Klepáčov,Czechia,Olomouc,50.009452,17.140706
,Germany,Saxony,50.442382,12.707471
,Norway,Innlandet,61.138372,11.923301
Valsavarenche,Italy,Valle D'Aosta,45.586057,7.207220
ГЛЦ Ежовая,Russia,Sverdlovsk,57.448118,59.958789
Rib Lake Ski Trails,United States,Wisconsin,45.347500,-90.197930
,United States,Oregon,43.633312,-122.095327
Gaver,Italy,Brescia,45.915650,10.453611
,Switzerland,Graubunden,46.824335,9.315796
,Norway,Viken,59.555438,11.521661
Sonntag Stein,Austria,Vorarlberg,47.230044,9.927823
Gold Run Nordic Center,United States,Colorado,39.516561,-106.025639
Mt. Lorne Ski Trails,Canada,Yukon,60.453430,-134.862276
Fun Valley,United States,Colorado,39.546172,-105.190573
Aggershausen,Germany,Baden-Württemberg,48.077093,8.810209
Mendip Snowsport Centre,United Kingdom,North Somerset,51.330317,-2.813534
,Germany,Baden-Württemberg,47.881661,8.142432
,Norway,Innlandet;Varmland,59.920360,12.174963
,Germany,Bavaria,47.701232,12.276291
,South Korea,Jeollabuk-Do,35.886054,127.728403
,United States,Colorado,38.542844,-106.919648
,Sweden,Vasterbotten County,64.634286,16.656617
Skilift Burgbernheim,Germany,Bavaria,49.444787,10.304346
Sigriswill-Schwanden,Switzerland,Bern,46.729410,7.741899
,United States,Washington,48.871152,-121.651090
Drayton Valley,Canada,Alberta,53.237842,-114.922099
,Croatia,Viroviticko-podravska,45.694737,17.675827
Tribute Golf Course,United States,Wisconsin,44.990482,-89.610057
,Austria,Tyrol,47.274919,10.990321
Brian Head Resort,United States,Utah,37.689255,-112.845811
Tuxedo Ridge (Sterling Forest Ski Center),United States,New York,41.245918,-74.227796
,United States,Utah,37.626314,-112.828379
,Canada,Quebec,45.728849,-74.144954
名寄市ピヤシリシャンツェ, PIYASHIRI NAYORO SNOW PARK,Japan,Hokkaido Prefecture,44.398624,142.511417
Wostawea - Kingswood Nordic Pulse,Canada,New Brunswick,45.929364,-66.712675
Grub-Kaien,Switzerland,Appenzell Ausserrhoden,47.440772,9.503933
ナスパスキーガーデン, NASPA Ski Garden, Nasupa sukī gāden,Japan,Niigata Prefecture,36.924440,138.804994
,Russia,Moscow City,55.733906,37.796968
奥中山高原スキー場, Okunakayamakogen Ski Area,Japan,Iwate Prefecture,40.084466,141.183391
,France,Isère,44.984942,5.755391
,Finland,Central Finland,62.267433,24.740244
Kittelfjäll,Sweden,Vasterbotten County,65.256357,15.492282
Izvoare (Ivófalu),Romania,Maramureş County,47.752179,23.717505
Heroldstatt,Germany,Baden-Württemberg,48.438771,9.664702
,Germany,Bavaria,47.816266,10.428417
Gähwil,Switzerland,Saint Gallen,47.392280,9.002515
La Planche-des-Belles-Filles,France,Haute-Saône;Territoire de Belfort,47.771600,6.776383
,Russia,Kaluga,54.533445,36.205629
,Norway,Innlandet,61.671654,11.032880
伊芦山霞波滑雪场,China,Jiangsu,34.445909,119.337178
,Germany,Baden-Württemberg,48.074322,8.901727
Le Boréon,France,Alpes-Maritimes,44.109271,7.300755
Falcon Ridge,Canada,Manitoba,49.704275,-95.191471
,Norway,Nordland,68.363159,17.606644
,Canada,New Brunswick,45.851616,-66.427877
Yuanjia Village,China,Shaanxi,34.609303,108.521593
,United States,Pennsylvania,41.217193,-75.648803
,Austria,Tyrol,47.509501,12.026453
,Norway,Trøndelag,63.523005,10.948230
Erste Berg Masserberg,Germany,Bavaria;Thuringia,50.515566,10.966112
Snow Bluff,United States,Missouri,37.426999,-93.359671
,Germany,Bavaria,47.766555,11.909610
Bitterroot Resort,United States,Montana,46.690705,-114.127092
Mount Pero,United States,New Hampshire,43.788569,-71.706047
,United States,West Virginia,39.650204,-79.797959
夜越山スキー場, Yogoshiyama Ski Area,Japan,Aomori Prefecture,40.919360,140.983688
,Norway,Nordland,66.768786,15.620333
Thial Sessellift (Landeck),Austria,Tyrol,47.138461,10.559578
Grong skisenter,Norway,Trøndelag,64.394199,12.312890
Red Mountain Resort,Canada,British Columbia,49.106413,-117.840636
Purgatory Resort,United States,Colorado,37.626135,-107.826472
Bouda Máma,Czechia,Hradec Králové,50.707970,15.731779
Luossavaarabacken,Sweden,Norrbotten,67.874041,20.214506
,Sweden,Vasterbotten County,64.961093,15.315041
Mt. La Crosse,United States,Wisconsin,43.745880,-91.183451
Parc du Mont-Comi,Canada,Quebec,48.468094,-68.195160
美林谷滑雪场,China,Inner Mongolia,41.675930,118.252630
Tahoe Donner Downhill Ski Area,United States,California,39.351941,-120.260466
,United States,Utah,41.964486,-111.488755
,Norway,Rogaland,58.638675,6.100286
,Norway,Troms og Finnmark,69.142053,18.331506
Гора Белая (Belaya),Russia,Sverdlovsk,57.662326,59.691142
Skilift Compedal,Austria,Tyrol,46.793555,12.627303
Hors-piste - Station de ski Mont-Édouard,Canada,Quebec,48.142162,-70.295353
Pokljuka,Slovenia,Upper Carniola,46.350652,13.932991
,Sweden,Jamtland,63.186402,14.600667
Petoskey Winter Sports Park,United States,Michigan,45.375966,-84.944969
Beartown Ski Area,United States,New York,44.764074,-73.583701
,Germany,Saxony,50.583107,12.856327
Velebno – Baške Oštarije,Croatia,Licko-senjska,44.524982,15.171416
Горнолыжная база Политех, Polytech ski resort,Kyrgyzstan,Chuy,42.638829,74.505511
Saas-Balen,Switzerland,Valais,46.156420,7.927661
Panoramalifte Hopfen,Germany,Bavaria,47.564687,9.976033
,Germany,Bavaria,47.637351,11.238309
,United States,Colorado,39.174380,-106.798108
,Sweden,Vasternorrland,62.516740,16.882553
Tannaskroket,Sweden,Jamtland,62.414368,12.713688
,Germany,Baden-Württemberg,47.858466,8.998568
La Bresse - Lispach,France,Vosges,48.048904,6.944050
,Finland,Lapland,66.418406,25.483151
,Sweden,Stockholm,59.284778,18.254690
Serfaus Fiss Ladis,Austria,Tyrol,47.050167,10.567272
Mosnang,Switzerland,Saint Gallen,47.359689,9.042687
,Russia,Irkutsk,52.337201,104.114232
Kachemak Nordic Ski Club,United States,Alaska,59.689560,-151.559830
Dahongzhai 大鸿寨滑雪场,China,Henan,34.252625,113.088553
,Kazakhstan,Almaty,43.044287,76.601011
,Czechia,Plzeň,49.420366,12.785388
,United States,Minnesota,46.519189,-95.948169
,Russia,Tyumen,57.095144,65.585826
Waterville Valley Resort,United States,New Hampshire,43.962971,-71.535051
,Canada,Alberta;British Columbia,51.446723,-116.273445
Ramzová,Czechia,Olomouc,50.184002,17.080170
Birchwood Trail System,Canada,Alberta,56.739672,-111.437263
,Germany,Baden-Württemberg,48.998012,10.266402
Zakopane,Poland,Lesser Poland Voivodeship,49.294456,19.952888
,Sweden,Vastra Gotaland,57.782933,13.445672
御在所スキー場, Gozaisho Ski Area,Japan,Mie Prefecture,35.020262,136.422599
Stoke ski center,United Kingdom,Stoke-on-Trent,53.028813,-2.197543
Nalovardo,Sweden,Vasterbotten County,65.650953,17.499243
,Norway,Vestland,61.958240,5.955654
,Germany,North Rhine-Westphalia,52.055836,9.064387
Губаха (Gubaha),Russia,Perm,58.863176,57.577818
,Norway,Viken,60.050261,9.643764
Schwarzsee,Switzerland,Fribourg,46.661262,7.298233
Bull Run Ski Area,United States,Wisconsin,43.112654,-90.726611
,Austria,Tyrol,47.231388,11.304880
,Czechia,Moravian-Silesian,49.539860,18.197767
Säfsen,Sweden,Dalarna,60.123074,14.431032
Oak Hill Outdoor Center,United States,New Hampshire,43.721822,-72.263010
Ski Blanc Ostrý Grúň,Slovakia,Banska Bystrica,48.554061,18.674752
,Czechia,South Bohemian,49.035373,15.085946
,Russia,Moscow Oblast,56.034123,37.963324
,Finland,Satakunta,61.468552,21.764342
Stavtjorn Alpin Aksjeselskap,Norway,Rogaland,58.699756,6.365651
,Norway,Viken,59.918219,10.541016
St. Mary's Glacier,United States,Colorado,39.824688,-105.644832
,Norway,Viken,60.133543,10.356370
Mount Hiei Artificial Skiing (比叡山人工スキー場),Japan,Kyoto Prefecture,35.065863,135.827230
,Russia,Moscow City,55.302232,37.160778
,Norway,Agder,58.779349,7.295074
,Belarus,Vitsyebskaya Voblasts',54.521404,30.441768
Lanalift Anras,Austria,Tyrol,46.783067,12.581869
ハチ高原スキー場, Hachikogen Ski Resort,Japan,Hyogo Prefecture,35.389146,134.532353
Longchaumois Rosset,France,Jura,46.456854,5.968906
Migovo,Ukraine,Chernivtsi,48.133047,25.349725
Sahis,Finland,Central Finland,63.091013,25.834540
,Ukraine,Lviv,49.220969,23.437610
Mt. Hood Skibowl,United States,Oregon,45.293920,-121.771049
Cardinal Hill,United States,Colorado,39.968917,-105.538003
Echo Ridge Nordic Trails,United States,Washington,47.941187,-120.033188
Nordic Mountain,United States,Wisconsin,44.120552,-89.184085
Bear Canyon,United States,Montana,45.603533,-110.923449
,Sweden,Uppsala,59.816749,17.586676
,Norway,Troms og Finnmark,69.172550,17.687315
,Czechia,Zlín,49.220221,17.963266
,Finland,Southern Savonia,62.158746,26.369442
,Sweden,Vastra Gotaland,58.178006,13.992567
Kicking Horse Resort,Canada,British Columbia,51.286903,-117.071940
,Norway,Møre and Romsdal,62.875317,7.859156
,Russia,Yaroslavl,57.494704,39.950124
,Russia,Bashkortostan;Chelyabinsk,54.542091,58.764647
,Canada,Quebec,45.995177,-74.088801
,Canada,Quebec,46.006117,-74.102461
,Sweden,Dalarna,60.534170,15.399477
Hohentauern,Austria,Styria,47.426947,14.472934
,Sweden,Vasterbotten County,64.545273,18.699118
Sarukurayama (猿倉山スキー場),Japan,Toyama Prefecture,36.558352,137.221379
Rasos de Peguera,Spain,Barcelona,42.142539,1.765302
,Russia,Leningrad,59.830667,30.584937
Grabs-Tschagguns,Austria,Vorarlberg,47.062204,9.886640
,Canada,Quebec,45.419576,-71.148379
,Finland,Kainuu,64.388332,29.776967
Morioka Oide (盛岡市立生出スキー場),Japan,Iwate Prefecture,39.876063,141.133933
,United States,Wisconsin,46.416117,-90.245054
Chaume des veaux,France,Bas-Rhin,48.391023,7.281930
Artouste,France,Pyrénées-Atlantiques,42.898317,-0.385709
,Russia,Kaluga,55.183120,36.563047
Kreuzberg,Germany,Bavaria,50.386037,9.992774
Lodi Area Ski Trails,United States,Wisconsin,43.317410,-89.542354
オニコウベスキー場, Onikobe Ski Area,Japan,Miyagi Prefecture;Yamagata Prefecture,38.781729,140.635347
,Austria,Lower Austria,48.185027,15.011640
Idre Himmelfjäll,Sweden,Dalarna,61.899544,12.768184
Lago Hermoso Mountain Park,Argentina,Neuquen,-40.352506,-71.458090
Fox Peak Ski Area,New Zealand,Canterbury Region,-43.853142,170.809827
道後山観光（株）, Dogoyama-Kougen Ski Resort,Japan,Hiroshima Prefecture,35.060922,133.207808
,Germany,Bavaria,47.692543,10.215099
,Sweden,Gavleborg,60.587598,16.502216
赤倉温泉スキー場, Akakura Onsen Ski Area,Japan,Niigata Prefecture,36.896865,138.168970
,Germany,Bavaria,47.885161,12.605274
Kaltenbrunn / Klais,Germany,Bavaria,47.487435,11.179846
,Sweden,Vasterbotten County,64.582826,18.717537
,Germany,Bavaria,47.930096,11.260992
,Russia,Leningrad,59.776494,31.076986
,Germany,Lower Saxony,51.780811,10.334229
Puyvalador Rieutort,France,Pyrénées-Orientales,42.650827,2.070504
Χιονοδρομικό Κέντρο 3-5 Πηγάδια, 3-5 Pigadia,Greece,Central Macedonia,40.632992,21.968108
,Norway,Vestfold og Telemark,59.649467,10.212788
森吉山阿仁スキー場, Ani Ski Resort (Mt. Moriyoshi),Japan,Akita Prefecture,39.964365,140.505395
Espace Lumière,France,Alpes-de-Haute-Provence,44.334279,6.576627
Domaine de Beldina,France,Isère,45.241097,5.994052
Kouty,Czechia,Olomouc,50.080125,17.139754
,Norway,Trøndelag,63.229981,9.542450
,Germany,Bavaria,49.013361,12.794318
Мраткино (Mratkino),Russia,Bashkortostan,54.001592,58.440503
,Russia,Moscow Oblast,55.843728,37.335487
Gföllberglift,Austria,Tyrol,47.260652,10.338973
,Sweden,Jamtland,64.160616,14.151454
Drammen Skisenter,Norway,Viken,59.762730,10.124777
湯沢高原スキー場, Yuzawa Kogen Ski Resort,Japan,Niigata Prefecture,36.935821,138.792068
,Sweden,Vastra Gotaland,58.286774,13.673728
Oropa,Italy,Biella,45.628658,7.977894
Duck Creek,United States,Iowa,41.542393,-90.526775
,Finland,Uusimaa,60.286073,25.027209
,Czechia,Plzeň,49.165233,13.431284
Rocking Horse Ranch,United States,New York,41.691117,-74.016545
,Germany,Bavaria,47.650363,10.601086
Piau-Engaly,France,Hautes-Pyrénées,42.777079,0.157085
Ski San Isabel,United States,Colorado,38.094756,-105.119194
,Norway,Agder,58.513338,6.860434
,Finland,Uusimaa,60.547357,24.251113
,Norway,Trøndelag,64.104201,10.555364
,Belarus,Brestskaya Voblasts',53.165748,25.940135
,Norway,Innlandet,62.097032,10.721786
,Finland,Central Finland,61.878795,25.307278
Schulenberg,Germany,Lower Saxony,51.847229,10.431979
Ski Quechee,United States,Vermont,43.660260,-72.445147
,Hungary,Budapest,47.506669,18.962225
Williams Lake Hotel,United States,New York,41.842138,-74.079047
Mt. Blue,United States,Maine,44.732345,-70.343399
Poiana Brașov,Romania,Brasov,45.580394,25.553810
,Russia,Novosibirsk,54.769115,83.054249
,Spain,Huesca,42.785647,-0.709445
,Canada,Alberta,52.893520,-118.055500
,Italy,Pordenone,46.113105,12.523526
,Czechia,Olomouc,49.815557,17.251981
,Finland,Northern Ostrobothnia,64.988082,25.718856
,Norway,Vestfold og Telemark,59.143434,9.739409
Hohwald Beatenberg,Switzerland,Bern,46.709186,7.822003
Bürchen - Törbel,Switzerland,Valais,46.254034,7.824180
,Czechia,Moravian-Silesian,49.787578,17.538195
天津盘山滑雪场,China,Tianjin,40.062635,117.285058
Snow King Mountain,United States,Wyoming,43.467855,-110.758609
,Norway,Innlandet,61.560880,8.004872
Vallée Bleue,Canada,Quebec,46.024704,-74.218667
Bannalp,Switzerland,Nidwalden,46.872438,8.439245
,Italy,Valle D'Aosta,45.776320,7.825018
Plateau de Beauregard,France,Haute-Savoie,45.889046,6.394377
Εθνικό χιονοδρομικό κέντρο Βασιλίτσας,Greece,Epirus;West Macedonia,40.050055,21.089406
Skiareál Olešnice v Orlických horách,Czechia,Hradec Králové,50.361180,16.307234
Stagecoach,United States,Colorado,40.252560,-106.857576
,Germany,Hesse,51.217503,9.858063
Лoпарьcтан (Loparstan),Russia,Murmansk,67.910881,32.954077
Balea Lac,Romania,Sibiu,45.636652,24.607251
Hohenbogen,Germany,Bavaria,49.238004,12.949380
,Italy,Rieti,42.448996,12.993594
Elk Mountain Ski Resort,United States,Pennsylvania,41.722383,-75.557281
,Germany,Saxony,50.640017,13.482450
,Finland,Satakunta,61.394957,21.842387
,Russia,Udmurt,56.842740,53.248330
,Sweden,Vasternorrland,62.405974,17.353085
Sitzmark Ski Hill,United States,Washington,48.863421,-119.161467
,Norway,Trøndelag,63.009721,9.926396
God Angle (角神スキー場),Japan,Niigata Prefecture,37.711612,139.471009
,Finland,Satakunta,61.155077,21.556363
Lindvallen,Sweden,Dalarna,61.158186,13.189452
Samjiyon,North Korea,Yanggang-do,41.804146,128.298143
Frosty Basin,United States,Colorado,40.092600,-105.994756
Kurokawa Onsen (黒川温泉スキー場),Japan,Ishikawa Prefecture,37.350841,137.030053
Ski Sunne,Sweden,Varmland,59.803497,13.033965
Ski areál Rališka,Czechia,Zlín,49.414007,18.311503
Masik Ryong (Masik Pass),North Korea,Kangwŏn,39.061753,127.251315
,Finland,Southern Savonia,61.669816,28.259476
,Norway,Troms og Finnmark,68.717574,16.481371
,United States,Wyoming,43.676547,-109.956975
,United States,Minnesota,45.073071,-93.095803
Skipiste Nieuwegein,Netherlands,Utrecht,52.034946,5.060333
Mojstrana,Slovenia,Upper Carniola,46.457571,13.944999
热雪奇迹(融创雪世界) Sunac Snow Park, Sunac Snow Park, 熱雪奇蹟,China,Guangdong,23.430012,113.226181
,Germany,Bavaria,47.794897,11.810538
Knockhatch Ski & Snowboard Centre,United Kingdom,East Sussex,50.860852,0.226820
Ushidake Onsen (牛岳温泉スキー場),Japan,Toyama Prefecture,36.571599,137.057020
,Latvia,Dobeles,56.605524,23.204776
Harrison Hills,United States,Wisconsin,45.419768,-89.449478
,Slovakia,Banska Bystrica,48.728120,18.972948
,Russia,Moscow Oblast,54.878203,38.086774
Unternberg (Ruhpolding),Germany,Bavaria,47.737970,12.632407
Levi,Finland,Lapland,67.805000,24.802000
,Norway,Troms og Finnmark,68.791622,16.236141
Wolfsberg Ski,Romania,Caras-Severin,45.225055,22.089845
Öjberget,Finland,Ostrobothnia,63.035911,21.571167
,Norway,Nordland,68.483628,16.870898
Mont Daniel,Canada,Quebec,46.413719,-75.520191
,Canada,Ontario,46.175197,-82.988680
Horseshoe Valley Resort,Canada,Ontario,44.546277,-79.673260
Birch Haven (also called Suicide Hill),United States,Wisconsin,43.355343,-89.804873
黄河石林滑雪场,China,Gansu,36.789178,104.110589
,Finland,Southern Ostrobothnia,62.830803,22.892106
,Austria,Tyrol,47.318407,11.560032
,Latvia,Smiltenes,57.428689,25.936636
,Croatia,Pozega-Slavonija,45.419991,17.247726
,Russia,Leningrad,60.414651,30.317530
Col de Marcieu,France,Isère,45.352298,5.910224
Mezezers,Latvia,Plavinu,56.660286,25.714548
,Norway,Møre and Romsdal,62.671771,8.584883
,Russia,Moscow Oblast,55.399166,36.785377
Belalp,Switzerland,Valais,46.377927,7.976081
Copy Cat (Koppy Cat),United States,New York,42.919286,-74.033518
Tschardund – Nenzing,Austria,Vorarlberg,47.178158,9.669768
,Italy,Lecco,46.047704,9.360327
Silver Mountain,United States,Michigan,45.889441,-84.829323
La Hoya,Argentina,Chubut,-42.820912,-71.256841
Ski Egypt,Egypt,Giza,29.971992,31.019085
Grimmialp,Switzerland,Bern,46.557729,7.484313
Ski Denton,United States,Pennsylvania,41.773360,-77.832127
,Finland,North Karelen,63.558074,29.135598
,Czechia,Hradec Králové,50.493487,15.505341
Nevele,United States,New York,41.697486,-74.398470
,Norway,Viken,59.850348,10.483218
Nybroberget,Sweden,Dalarna,60.406641,15.465503
,Norway,Vestfold og Telemark,59.136040,9.999498
,Finland,Central Ostrobothnia,63.816935,23.145296
,Germany,Saxony-Anhalt,51.665502,10.799132
,Russia,Belgorod,50.828153,37.208504
Meacham Divide Nordic Area,United States,Oregon,45.457577,-118.310446
Prairie West Terminal Snow Park (Twin Towers),Canada,Saskatchewan,51.677106,-108.494518
白樺高原国際スキー場, Shirakaba Kogen Kokusai Ski, しらかばこうげんこくさいすきいじょ,Japan,Nagano Prefecture,36.127191,138.281207
Podkonice - Pleše,Slovakia,Banska Bystrica,48.813934,19.244597
Skihang Großbüchelberg,Germany,Bavaria,49.974277,12.227153
,United States,Minnesota;North Dakota,47.880378,-97.019167
Füssener Jöchle-Grän,Austria,Tyrol,47.508515,10.581029
,Russia,Tomsk,57.562771,79.548581
Mineyama Kogen Resort White Peak,Japan,Hyogo Prefecture,35.131320,134.666093
Sysendalen Skisenter,Norway,Vestland,60.416403,7.335250
Wysoki Wierch,Poland,Lesser Poland Voivodeship,49.326671,20.105117
Mt. Storm,United States,New York,41.546103,-73.734741
Ilgaz-2 Yurduntepe Kayak Merkezi,Turkey,Kastamonu,41.068256,33.690478
писта х. Здравец - малка,Bulgaria,Plovdiv,42.003574,24.693295
,Norway,Viken,59.986527,11.119314
,,,65.027808,25.430078
Vierli,Norway,Vestfold og Telemark,59.743210,8.177193
Pin Rouge,Canada,Quebec,48.318907,-65.719643
Weardale Ski Club,United Kingdom,Durham,54.701149,-2.174231
,Italy,Cuneo,44.199201,7.497806
,Finland,Lapland,68.397275,27.463497
Senhata (千畑スキー場),Japan,Akita Prefecture,39.484897,140.651707
,Austria,Styria,47.573693,15.555885
Brusson,Italy,Valle D'Aosta,45.764045,7.759665
飛騨かわいスキー場, Hida Kawai Ski Resort,Japan,Gifu Prefecture,36.234965,137.078560
Plavy,Czechia,Liberec,50.702618,15.314122
,United States,Washington,47.464673,-121.443512
May Mountain,United States,Maine,46.022967,-68.245246
,Austria,Lower Austria,47.782573,14.953624
Les Houches - Saint-Gervais,France,Haute-Savoie,45.882768,6.753335
,Norway,Innlandet,62.113730,9.901834
,Germany,Thuringia,50.468146,11.047493
Mühlebach - Erner Galen,Switzerland,Valais,46.410024,8.158525
,Norway,Innlandet,61.139469,10.462492
,Finland,Kainuu,64.111569,29.516360
Зеленецкие Альпы (Zeleneckii Alps),Russia,Komi,61.922384,50.768140
Ludens Yuzawa (ルーデンス湯沢),Japan,Niigata Prefecture,36.905708,138.834467
,Germany,Bavaria,47.700980,10.866523
,Germany,Hesse,50.575775,9.209962
Lucifer,Czechia,Liberec,50.790936,15.215143
Horsefeathers Superpark Planai,Austria,Styria,47.368751,13.717827
,Sweden,Varmland,59.694823,12.008723
Normafa sípálya,Hungary,Budapest,47.505749,18.966216
万座温泉スキー場, Manza Onsen,Japan,Gunma Prefecture;Nagano Prefecture,36.639776,138.502904
,Norway,Innlandet;Viken,60.323837,11.374333
,Finland,Satakunta,61.446933,21.843801
Taira (たいらスキー場),Japan,Toyama Prefecture,36.439938,136.925258
,Czechia,South Bohemian,48.930173,14.276142
Dalvík,Iceland,Northeast,65.968706,-18.555608
Vasa Pathway,United States,Michigan,44.732079,-85.468016
,United States,Wyoming,43.634309,-111.010193
Skigebiet Bad Kleinkirchheim,Austria,Carinthia,46.814977,13.785881
,Norway,Trøndelag,63.300897,9.074060
,United States,Utah,40.739727,-111.565103
Sayama (狭山スキー場),Japan,Saitama Prefecture,35.767847,139.418719
,Italy,Belluno,46.374466,12.254449
Peach Blossom Canyon,China,Henan,34.954693,113.483326
,Germany,Saxony,50.568306,12.986637
,Norway,Trøndelag,63.801956,10.892788
,Germany,Baden-Württemberg,48.042495,8.560723
,Russia,Novosibirsk,55.068234,82.840857
,Russia,Nizhny Novgorod,56.310840,44.086162
,United States,New Hampshire,44.230817,-71.264568
Saint-Auban,France,Alpes-Maritimes,43.843225,6.733376
Nad Nádražím - Belveder,Czechia,Plzeň,49.143438,13.239244
,Slovakia,Presov,49.305071,21.567646
Mt. Baldy Family Ski Area,Canada,British Columbia,49.152970,-119.235306
,United States,North Dakota,47.937941,-97.491600
,Russia,Moscow Oblast,55.344141,38.929425
Rogla,Slovenia,Savinja,46.454421,15.331865
,Switzerland,Schaffhausen,47.788587,8.597869
Centro de Ski Nordico (Cerro Otto),Argentina,Rio Negro,-41.145967,-71.364170
,Germany,Hesse,51.290977,8.699435
Tufandag Mountain,Azerbaijan,Qabala,41.033500,47.887147
Burzier,France,Haute-Savoie,45.958403,6.610783
,Finland,Pirkanmaa,61.621941,23.832827
Whitewater Ski Resort,Canada,British Columbia,49.439539,-117.156790
,Norway,Viken,59.643969,9.695325
Hidden Valley Ski Area,United States,Wisconsin,44.270372,-87.760204
,Finland,Pirkanmaa,61.311736,23.838150
,Italy,Chieti;Pescara,42.163065,14.124175
Rauland skisenter,Norway,Vestfold og Telemark,59.725853,8.137805
,Russia,Ryazan,54.780603,39.812730
Mălini - Valeni village,Romania,Suceava,47.388350,26.005970
Flugonfjell skisenter,Norway,Vestfold og Telemark,59.746833,8.866462
Billingebacken,Sweden,Vastra Gotaland,58.402884,13.828715
,United States,New York,44.317425,-74.147254
,Poland,Lesser Poland Voivodeship,49.318634,20.101324
Jastrzębia,Poland,Lesser Poland Voivodeship,49.784139,20.887197
,Czechia,South Bohemian,48.887039,14.298103
,Norway,Innlandet,60.744481,11.821272
,United States,Vermont,44.437123,-72.824165
Club ski Beauce,Canada,Quebec,46.370042,-70.931595
Borsec,Romania,Harghita,46.932096,25.569434
,Norway,Vestland,61.777192,6.376817
,Canada,Quebec,45.982450,-74.131983
Buchensteinwand (Pillersee),Austria,Tyrol,47.485766,12.588610
Klein Innsbruck,United States,Massachusetts,42.038316,-71.445298
Ski areál Přimda,Czechia,Plzeň,49.682800,12.672137
,Finland,Uusimaa,60.281471,24.992535
Hochfeld - Schwoich,Austria,Tyrol,47.534386,12.140571
,Norway,Trøndelag,64.227667,11.215272
,Norway,Møre and Romsdal,62.012380,5.690591
Watles - Vatles, Watles, Vatles,Italy,Bolzano/Bozen,46.710377,10.494242
Greer,United States,Arizona,33.999152,-109.459485
,Estonia,Harju,59.383530,24.625810
Myllymaki,Finland,South Karelia,61.113699,28.591314
Alebacken,Sweden,Vastra Gotaland,57.929181,12.089956
Pradis_ci,Italy,Trento,46.154887,11.289774
Akadani (赤谷スキー場),Japan,Niigata Prefecture,37.827101,139.415341
Bluemont,United States,New York,42.512966,-78.536003
Ski Hayden,United States,Colorado,39.066647,-106.829510
Wood River Valley Ski Touring Park,United States,Wyoming,43.926330,-109.112329
,Canada,Quebec,45.625070,-74.073791
,Germany,Saxony,50.688616,13.431837
,Russia,Yaroslavl,57.514256,39.743474
,Norway,Innlandet,62.416444,11.192997
Sibiu Telescaun Oncești Păltiniș,Romania,Sibiu,45.650818,23.929989
Philip Miller Snow Park,United States,Colorado,39.365724,-104.881046
王岗坪滑雪场,China,Sichuan,29.474145,102.297325
,Germany,Baden-Württemberg,48.925598,9.645609
九鼎山·太子岭滑雪场,China,Sichuan,31.521479,103.738772
Spring Valley (also known as Caspian Ski Hill),United States,Michigan,46.068258,-88.638854
,Russia,Perm,59.439042,56.651828
Porcupine Ski Runners,Canada,Ontario,48.479749,-81.276169
Ojiya (小千谷スキー場),Japan,Niigata Prefecture,37.314466,138.817008
,Slovenia,Carinthia,46.491768,15.228891
,Russia,Sverdlovsk,56.853638,60.689110
,Russia,Khanty-Mansi,60.977932,69.029463
Skijalište Putevi Nova Varoš,Serbia,Zlatiborski upravni okrug,43.455189,19.812745
,Czechia,South Bohemian,48.978868,13.996810
Hiawatha Ski Area,United States,Massachusetts,42.053372,-71.503143
,Norway,Nordland,65.152108,13.401830
Camrose Nordic Centre,Canada,Alberta,53.004506,-112.830191
Chapman Hill Recreation Area,United States,Colorado,37.282509,-107.867906
Col du Coq,France,Isère,45.301497,5.833608
,France,Ardèche,44.804515,4.304121
,Finland,Tavastia Proper,60.800915,23.501362
,Sweden,Vasterbotten County,65.959687,16.196849
Airport Hill,United States,Colorado,40.149945,-106.910990
Northfield Mountain Recreation and Environmental Center,United States,Massachusetts,42.613553,-72.457722
Hidden Valley Recreation Area,United States,Minnesota,47.904659,-91.798891
Stryn Vinterski,Norway,Vestland,61.927106,6.696689
,Russia,Moscow City;Moscow Oblast,55.844012,37.862352
Valcotos,Spain,Madrid,40.822842,-3.960682
Atzmännig,Switzerland,Saint Gallen,47.281971,9.000210
北見市留辺蘂町八方台スキー場, Rubeshibe-cho Happodai,Japan,Hokkaido Prefecture,43.768050,143.611442
Arai ship Okayama (あらい船岡山スキー場),Japan,Niigata Prefecture,37.010925,138.250619
Zinal / Grimentz,Switzerland,Valais,46.164883,7.570549
Lyndon Outing Club,United States,Vermont,44.532159,-71.983980
Wasatch Peaks Ranch,United States,Utah,41.096818,-111.830268
Koszałkowo,Poland,Pomorskie,54.233343,18.103062
Ski Zábava Hruštín,Slovakia,Zilina,49.293924,19.253872
Ebingen,Germany,Baden-Württemberg,48.197551,8.998617
Racibor,Slovakia,Zilina,49.253523,19.332178
Lans en Vercors,France,Isère,45.101639,5.594599
Turner Valley,Canada,Alberta,50.688619,-114.311374
Haukelifjell,Norway,Vestfold og Telemark,59.780533,7.334207
,Sweden,Ostergotland,58.391755,15.688554
,Poland,Lesser Poland Voivodeship,49.296155,20.071285
Katschberg-Aineck,Austria,Carinthia;Salzburg,47.064998,13.627700
Tokamachi City Matsudai (十日町市松代ファミリースキー場),Japan,Niigata Prefecture,37.124520,138.606972
,Finland,Uusimaa,60.274853,25.014467
,Russia,Murmansk,67.609975,33.686636
,United States,Montana,45.702290,-113.919395
Sonnwendjochbahn Kramsach,Austria,Tyrol,47.450754,11.865234
,Finland,Ostrobothnia,62.978032,22.038531
Fideriser Heuberge,Switzerland,Graubunden,46.865855,9.727475
,Finland,Paijanne Tavastia,60.780941,25.764834
,Norway,Vestland,61.502430,7.695736
Oppdal Skisenter,Norway,Trøndelag,62.613609,9.679247
,France,Vosges,48.046203,6.920972
Salmendingen,Germany,Baden-Württemberg,48.353741,9.103268
ルスツリゾートスキー場, Rusutsu Resort Ski Area,Japan,Hokkaido Prefecture,42.733619,140.914775
Varingskollen,Norway,Viken,60.105615,10.844897
,Norway,Trøndelag,63.010109,10.501195
,Norway,Vestfold og Telemark,59.408030,9.964036
,Sweden,Jonkoping,57.788586,14.018409
Ponijeri ski centar,Bosnia and Herzegovina,Zenica-Doboj,44.254605,18.192338
,Italy,Udine,46.589945,12.967226
,Finland,Lapland,65.947821,24.148338
Les montagnes bleues du Tableau,Canada,Quebec,48.400528,-70.480352
,Finland,Pirkanmaa,61.547386,23.660958
,Finland,Central Finland,62.091236,26.087439
,United States,Michigan,43.421387,-86.205867
,Germany,Baden-Württemberg,48.106665,8.949780
,Canada,Quebec,49.221795,-68.277353
Hatsvali, Хацвали,Georgia,Samagrelo-Zemo Svaneti,43.024195,42.736055
Centre De Ski Saint Edgar,Canada,Quebec,48.241338,-65.739098
Degenfeld,Germany,Baden-Württemberg,48.724146,9.875637
Nálepkovo - Krečno,Slovakia,Kosice,48.835175,20.619955
Malinka,Poland,Łódź Voivodeship,51.882424,19.431454
,Norway,Viken,59.517373,10.695941
,Norway,Trøndelag,62.733699,10.074703
Bozeman Creek / Sourdough Canyon Nordic Ski Trails,United States,Montana,45.550361,-110.974960
,Germany,Bavaria,47.635131,10.127923
,Germany,Baden-Württemberg,48.768797,8.442539
,Finland,Central Ostrobothnia,63.488649,23.781352
Murphy-Hanrehan Park Reserve,United States,Minnesota,44.724361,-93.332380
Pec pod Sněžkou,Czechia,Hradec Králové,50.683226,15.725208
,,,62.410969,6.230476
Weisite Ski Field,China,Xinjiang Uyghur,43.840397,87.670937
,Norway,Vestfold og Telemark;Viken,59.555073,10.354224
Loveland Basin Ski Area,United States,Colorado,39.677792,-105.909188
Centre nordique de l'Auberson,Switzerland,Doubs;Vaud,46.832607,6.455206
岩手高原スノーパーク, Iwate Kogen Snow Park,Japan,Iwate Prefecture,39.819906,140.965981
,Turkey,Burdur,37.466971,29.669627
,Russia,Tatarstan,55.730312,48.732757
Seoul Resort,South Korea,Kyeongki-Do,37.652668,127.256083
,Norway,Trøndelag,63.083435,8.361354
Former Nordic Ski Hill,Canada,Ontario,46.428380,-80.961511
Maine Huts and Trails,United States,Maine,45.222601,-70.180753
Skiarena,Switzerland,Graubunden;Uri,46.646783,8.628673
,Poland,Lesser Poland Voivodeship,49.512383,19.941736
旭ケ丘スキー場, Asahigaoka Ski Resort,Japan,Hokkaido Prefecture,42.900791,140.732762
,Norway,Trøndelag,64.265077,11.016544
Domaine du Barioz,France,Isère,45.323284,6.051963
,Sweden,Dalarna,60.315826,15.162711
,Norway,Troms og Finnmark,69.826983,23.856935
,Norway,Trøndelag,64.142608,11.636492
,Canada,Ontario,45.446907,-78.805228
,Austria,Tyrol,47.479320,12.064567
Вихрь, Vihr' (Vortex),Russia,Perm,57.886520,56.349993
林海滑雪场,China,Liaoning,38.944003,121.426178
,Sweden,Norrbotten,66.382724,23.621211
Bortelid Skisenter,Norway,Agder,58.830698,7.475653
,Finland,Pirkanmaa,61.648639,23.197084
,Finland,Kymenlaakso,60.874338,26.672188
,Canada,Quebec,46.396888,-71.069287
,Russia,Perm,59.157661,57.628161
,United States,Vermont,44.470060,-72.792514
小出スキー場, Koide Ski Area,Japan,Niigata Prefecture,37.226513,138.950101
,Norway,Agder,58.075941,7.323228
,Finland,South Karelia,60.800787,27.993420
奇峡沟滑雪场,China,Sichuan,32.943966,103.537494
,Russia,Leningrad,59.580118,30.106566
Yamanobo (山之坊スキー場),Japan,Niigata Prefecture,36.897829,137.846033
Glarus,Switzerland,Glarus,47.032093,9.063892
Les Prévondes,Switzerland,Vaud,46.458270,6.933461
Stříbrná - Lišák,Czechia,Karlovy Vary,50.357906,12.518581
Grandval,Switzerland,Bern;Solothurn,47.263050,7.428783
,Finland,Uusimaa,60.379192,24.362368
Mount Baldy,Canada,Ontario,48.525599,-89.128288
Cedaredge/Rimrock,United States,Colorado,38.989415,-107.932086
,Russia,Tatarstan,55.828853,48.994712
Silverton Mountain,United States,Colorado,37.877268,-107.656202
,Czechia;Poland,Hradec Králové;dolnoslaskie,50.678583,15.920781
,Germany,Baden-Württemberg,47.825065,8.191026
Snow Valley Toga (スノーバレー利賀),Japan,Toyama Prefecture,36.414016,137.037816
Filzmoos-Neuberg,Austria,Salzburg,47.433439,13.505222
Laberbergbahn (Oberammergau),Germany,Bavaria,47.597911,11.085590
,Russia,Komi,63.536386,53.703385
,United States,Alaska,60.673030,-149.758661
Le Grand Massif,France,Haute-Savoie,46.032307,6.690243
,Russia,Sverdlovsk,56.967355,60.321101
Balkana,Bosnia and Herzegovina,Republic of Srpska,44.417113,17.046502
Miaoxiang Mountain resort,China,Jilin,43.960237,125.882738
Cone Park,United States,Iowa,42.441543,-96.357243
Brudarebacken,Sweden,Vastra Gotaland,57.701466,12.054945
Lutsen Mountains,United States,Minnesota,47.658586,-90.719285
ЧОрная,Russia,Perm,58.160290,55.738818
,Germany,Saxony,50.517555,13.098701
,Germany,Bavaria,47.798760,12.287918
,Russia,Irkutsk,53.955919,101.966562
Broken River Ski Area,New Zealand,Canterbury Region,-43.122844,171.683059
Cannon Mountain,United States,New Hampshire,44.172751,-71.703119
Hautacam,France,Hautes-Pyrénées,42.970904,0.000995
,Norway,Innlandet,60.800443,10.893015
Le Grand Puy,France,Alpes-de-Haute-Provence,44.319440,6.383639
,Russia,Komi,63.520730,53.614035
Куш-Тау / Шиханы (Kushtau /Shihany),Russia,Bashkortostan,53.697065,56.095394
Buchserberg,Switzerland,Saint Gallen,47.146715,9.430604
Bluebird Backcountry,United States,Colorado,40.307513,-106.506894
,Norway,Vestland,61.032877,6.530335
,Sweden,Varmland,59.528040,13.335623
,Russia,Komi,63.516631,53.612972
Skigebiet Ehrwalder Wettersteinbahnen,Austria,Tyrol,47.405214,10.937241
志賀高原 高天ヶ原マンモススキー場, Shiga Kogen Takamagahara Mammoth Ski Area, 高天ヶ原マンモススキー場,Japan,Nagano Prefecture,36.730724,138.515038
Gladstone Ski Hill,United States,Michigan,45.860700,-87.036748
,Sweden,Jamtland,62.423825,13.505101
Les Egaux - St Hugues,France,Isère,45.313988,5.800829
,Latvia,Riga,57.011639,24.143270
,Sweden,Vasternorrland,63.703397,16.855352
Melchsee-Frutt,Switzerland,Bern;Obwalden,46.778651,8.277959
,Iceland,Northwest,65.776919,-19.757879
,Canada,New Brunswick,47.992367,-66.684026
Hatsumori (八森スキー場),Japan,Miyagi Prefecture,38.310233,140.612003
,Finland,Kainuu,65.478769,29.422690
威海威虎山滑雪场,China,Shandong,37.383611,122.110207
,Romania,Covasna,45.832151,26.186689
,Russia,Sakha,58.619455,125.380409
,Russia,Moscow Oblast,55.681336,36.691129
,Austria,Salzburg,47.759679,13.068425
Centro Cesuna,Italy,Vicenza,45.835309,11.459816
,United States,California,41.354086,-122.246779
Архыз, Arhyz,Russia,Karachay-Cherkess,43.553818,41.181296
,Norway,Innlandet,60.444119,10.646276
Baile Tusnad,Romania,Harghita,46.156827,25.874348
,United States,Vermont,44.407803,-73.003486
Ancienne Station de Ski Mosset - Col de Jau,France,Pyrénées-Orientales,42.674895,2.257513
Silbersattel,Germany,Thuringia,50.435973,11.136303
Estació d'esquí nòrdic Tuixent - La Vansa,Spain,Lleida,42.204091,1.524943
Turner Mountain,United States,Montana,48.606322,-115.641449
Token Creek County Park,United States,Wisconsin,43.179463,-89.314131
,Canada,British Columbia,49.455144,-117.167436
,United States,Colorado,39.202143,-106.871603
,Germany,Bavaria,47.824832,10.716240
Lac De L'Argile,Canada,Quebec,45.831700,-75.531156
Sharktooth,United States,Colorado,40.437516,-104.833946
,Slovakia,Kosice,48.867283,20.425157
,Czechia,Vysocina,49.401819,15.321177
,Sweden,Vasterbotten County,63.993959,20.860059
,Norway,Vestfold og Telemark,59.220245,9.981254
Grand Echaillon,France,Drôme,44.911460,5.206890
,Belarus,Vitsyebskaya Voblasts',54.388197,29.653364
Devil's Head Ski Area,United States,Wisconsin,43.421520,-89.629764
Bjorli Skisenter,Norway,Innlandet,62.262729,8.204046
,United States,Idaho,43.597302,-111.103960
,Sweden,Vastra Gotaland,59.020247,12.217676
,United States,Vermont,44.539951,-72.520763
Monte Kubota,Germany,Rhineland-Palatinate,49.240894,7.392668
,Canada,Ontario,45.513691,-75.389245
Hühnerspiel,Italy,Bolzano/Bozen,46.942616,11.468744
,United States,New York,43.073564,-73.797507
,United States,Montana,45.253789,-111.257685
Kouty,Czechia,Olomouc,50.097500,17.116326
,Germany,Baden-Württemberg,49.049622,9.475200
,Norway,Viken,60.390224,11.187027
Ski Maple Valley,United States,Vermont,42.944675,-72.618084
Mitterdorf,Germany,Bavaria,48.888577,13.645352
,Sweden,Jamtland,62.363669,12.593177
,Norway,Troms og Finnmark,69.840465,22.035066
,Sweden,Norrbotten,66.852472,23.033934
Oglebay Ski and Snowboard Area,United States,West Virginia,40.109296,-80.651867
Parque de Nieve Laguna Seca (Patagonia Point),Argentina,Neuquen,-40.208639,-71.342554
Seefeld - Gschwandtkopf,Austria,Tyrol,47.319352,11.174171
Dutch Henry Ski Hill,United States,Colorado,39.237828,-106.303989
,Germany,Baden-Württemberg,47.728644,8.231168
Ski Mountain,United States,New Jersey,39.782100,-75.001752
Buscat / Băișoara,Romania,Cluj,46.539365,23.311870
Tannanbaum,United States,Nevada,39.345018,-119.863050
Pfronten Loipen,Austria;Germany,Bavaria;Tyrol,47.565224,10.563526
スカイバレイスキー場, Sky Valley Ski Area, Sukai barei sukī-ba,Japan,Hyogo Prefecture,35.394980,134.566843
,Italy,Pordenone,46.266637,12.500218
Piazzatorre Ski Area,Italy,Bergamo,45.989592,9.710799
,Sweden,Dalarna,60.300693,16.167811
Skilift Chrachenhütten Blumenstein,Switzerland,Bern,46.729507,7.511730
,Canada,Quebec,46.202467,-70.763642
,Norway,Innlandet,60.097313,11.958076
,Germany,Bavaria,49.031383,12.527294
Горнолыжная база Чункурчак, Ski base Chunkurchak,Kyrgyzstan,Chuy,42.631140,74.635481
San Primo,Italy,Como,45.922170,9.233193
Little Ski Hill,United States,Idaho,44.928812,-116.161976
Penobscot River Trails,United States,Maine,45.793903,-68.593573
Pitztaler Gletscher,Austria,Tyrol,46.922310,10.876076
,Finland,Southern Savonia,61.808358,29.052229
,Russia,Vologda,59.921034,38.562467
,Russia,Moscow Oblast,56.234038,38.024230
,Norway;Sweden,Jamtland;Trøndelag,64.508253,13.812896
Aukštagirės slidinėjimo trasa,Lithuania,Taurage,55.609023,22.329876
,Norway,Innlandet,62.468966,11.034652
Mont Sainte Agathe,Canada,Quebec,46.034752,-74.309850
엘리시안 강촌, Elysian Gangchon Ski Resort,South Korea,Kangwon-Do,37.816387,127.587518
Central Gunflint Ski Trails,United States,Minnesota,48.043592,-90.395731
Sagebrush,United States,Colorado,38.547810,-106.957846
Javalambre,Spain,Teruel,40.109221,-1.025382
Курорт Красная Поляна, Krasnaya Polyana Resort,Russia,Krasnodar,43.657027,40.259312
,United States,Michigan,44.768559,-85.654643
,Russia,Yamalo-Nenets,67.049722,65.496253
,Canada,Quebec,45.960051,-74.312277
Zlaté Hory,Czechia,Olomouc,50.245864,17.391375
Zahmer Kaiser,Austria,Tyrol,47.633331,12.282164
,Sweden,Dalarna,60.499185,15.097229
ブランシュたかやまスキー場, Blanche Takayama,Japan,Nagano Prefecture,36.134593,138.198128
Tolkien Trails,United States,Michigan,47.100249,-88.559778
Auron,France,Alpes-Maritimes,44.224941,6.917084
,Finland,South Karelia,60.927118,27.579122
,Norway,Vestfold og Telemark,59.331458,10.137078
,Sweden,Varmland,59.874445,12.281563
,Switzerland,Schaffhausen,47.773363,8.657148
Estancia Manantiales,Argentina,San Juan Province,-32.104283,-69.934980
青州驼山滑雪场,China,Shandong,36.668015,118.440200
,United States,New York,42.316613,-76.306891
,Germany,Bavaria,48.991400,12.821905
,Germany,Hesse,51.208132,9.840747
Hallbjønnsekken skisenter,Norway,Vestfold og Telemark,59.359361,7.736385
,Norway,Troms og Finnmark,69.606632,20.534295
,Russia,Magadan,59.646920,150.763193
运河湾滑雪场,China,Jiangsu,33.997024,118.324759
Clinton,Canada,British Columbia,51.089286,-121.568079
Christie Mountain Ski Area,United States,Wisconsin,45.507550,-91.383419
Ski Juwel - Roggenboden,Austria,Tyrol,47.427607,12.041768
Herzogstandbahn (Walchensee),Germany,Bavaria,47.596355,11.316105
Shishiku Kogen (獅子吼高原スキー場),Japan,Ishikawa Prefecture,36.444800,136.648552
Nordic Trails at Oxbow Beer Garden,United States,Maine,44.124799,-70.462072
Etzelwang,Germany,Bavaria,49.521674,11.580981
,Slovakia,Trenciansky kraj,48.662242,18.628726
,Bosnia and Herzegovina,Tuzla,44.216345,18.683053
,Russia,Moscow Oblast,55.941171,38.055121
Machůzky,Czechia,Zlín,49.362477,18.317299
Coffee Mill,United States,Minnesota,44.360494,-92.042599
,Finland,Tavastia Proper,61.064795,24.978215
町営湯田スキー場, Choei Yuda Ski Area,Japan,Iwate Prefecture,39.339872,140.786577
Apa Resort Myoko Pine Valley (アパリゾート妙高パインバレー),Japan,Niigata Prefecture,36.893968,138.245215
Pigeon Creek Park,United States,Michigan,42.936765,-86.096101
,Russia,Moscow Oblast,55.828129,38.198351
Kiental,Switzerland,Bern,46.582430,7.711700
Nagyvillám Sípálya Visegrád,Hungary,Pest,47.798542,18.990999
Apple Hill,United States,Pennsylvania,40.627438,-75.605206
Ośrodek Narciarski Niestachów,Poland,Świętokrzyskie Voivodship,50.834446,20.739226
Nemadji Ski Hill Boy Scouts Camp,United States,Wisconsin,46.664606,-92.060666
,Russia,Moscow City,55.527576,37.451661
Makovica,Slovakia,Presov,49.397206,21.399579
Moose Mountain Provincial Park Cross Country ski Trails,Canada,Saskatchewan,49.815059,-102.359104
Mount Tom,United States,Massachusetts,42.249995,-72.632675
Калиец,Russia,Perm,59.584342,56.790834
,Russia,Irkutsk,56.320475,101.732763
,Canada,British Columbia,53.916844,-122.439731
Skimore Oslo,Norway,Oslo,59.991281,10.657693
Wintersportzentrum Oberhof,Germany,Thuringia,50.709264,10.700834
,Russia,Khanty-Mansi,60.951247,76.578501
Påminne,Finland,Uusimaa,60.097250,23.603865
,Norway,Vestfold og Telemark,59.407388,10.278278
Lyžařský vlek Malý Šišák,Czechia,Hradec Králové,50.757466,15.632195
Chanticleer Inn,United States,Wisconsin,45.921042,-89.197360
Bläsiberg Wiesensteig,Germany,Baden-Württemberg,48.572753,9.618959
,Switzerland,Fribourg,46.605451,6.897505
,Russia,Chelyabinsk,55.676375,60.332506
Upper Trails,United States,Michigan,47.107211,-88.555304
Standing Rocks,United States,Wisconsin,44.433550,-89.398520
,United States,Alaska,61.803947,-147.955618
La Crapaudière,Canada,Quebec,46.490829,-70.708222
,Germany,Bavaria,47.621715,10.721005
Hardwick Trails,United States,Vermont,44.508963,-72.363554
Donovaly,Slovakia,Banska Bystrica,48.877002,19.227942
Pukkivuori,Finland,Pirkanmaa,62.234284,23.763661
,Sweden,Uppsala,59.888031,17.208262
,United States,California,38.687208,-120.068690
,Norway,Møre and Romsdal,62.801599,8.027481
,Germany,Bavaria,48.962543,13.249583
Appenzell,Switzerland,Appenzell Innerrhoden,47.320986,9.401820
Tan-Tar-A,United States,Missouri,38.129020,-92.701274
,Finland,Satakunta,61.380538,21.936999
,Austria,Tyrol,47.040728,10.861532
Casa Baraj,Romania,Caras-Severin,45.214763,22.030901
,Russia,Tatarstan,55.738584,51.989496
,Norway,Troms og Finnmark,69.030899,23.012904
,Sweden,Jamtland,62.471047,13.983930
,Germany,Hesse,51.246580,9.734163
,Switzerland,Valais,46.028399,7.487245
,Sweden,Jamtland,63.455751,14.204888
leMelette,Italy,Vicenza,45.921870,11.569777
,Russia,Moscow Oblast,56.052410,37.826030
,Canada,Ontario,45.368897,-75.692057
Скијачки центар Попова шапка,North Macedonia,Bogovinje Municipality;Tetovo Municipality,42.012944,20.870422
Sugar Hills,United States,Minnesota,47.132812,-93.670464
,Norway,Innlandet,61.382026,11.813144
Mallín Alto,Argentina,Rio Negro,-41.359288,-71.299210
Mikulčin vrch - Lopata,Czechia,Zlín,48.950271,17.801903
Skigebiet Riesneralm - Donnersbachwald,Austria,Styria,47.375278,14.102429
,Russia,Kemerovo,53.733860,87.970063
Pardałówka Ugory,Poland,Lesser Poland Voivodeship,49.302238,19.986176
Скијалиште Ивер, Iver ski resort, Skijalište Iver,Serbia,Zlatiborski upravni okrug,43.834106,19.465351
,Norway,Innlandet,61.844684,10.310834
,Germany,Baden-Württemberg,48.555268,9.532554
Richmond Hill,United States,Pennsylvania,39.982891,-77.901328
Pats Peak,United States,New Hampshire,43.158160,-71.795878
Hochstein,Austria,Tyrol,46.822639,12.734104
Skomielna Czarna,Poland,Lesser Poland Voivodeship,49.727538,19.837981
,Norway,Vestland,61.948371,6.149754
,Canada,Quebec,45.894517,-74.065827
,Germany,Saxony,50.868452,13.293149
,Germany,Saxony,50.435046,12.889191
,United States,Utah,40.696599,-111.479188
,United States,Colorado,40.027696,-105.286285
Alpine Ski Club,Canada,Ontario,44.522234,-80.351553
Campton Mountain,United States,New Hampshire,43.866530,-71.610033
,Ukraine,Zakarpattia,48.093053,23.300530
,Finland,Uusimaa,60.296880,25.394376
,Norway,Trøndelag,63.757975,10.564527
Les Sentiers du Moulin,Canada,Quebec,46.983436,-71.269255
Massie - Hall Ski Trails,United States,Minnesota,47.673892,-90.627017
Simplon,Switzerland,Valais,46.250841,8.036050
,Finland,Paijanne Tavastia,60.879332,25.510771
,Germany,Bavaria,47.911575,12.641617
Nevados de Vilcún,Chile,De La Araucania,-38.701186,-71.799603
,Finland,Lapland,66.559025,27.991218
La Plagne,France,Savoie,45.508909,6.695669
Красные горки,Russia,Perm,58.028624,55.984814
Unazuki Onsen (宇奈月温泉スキー場),Japan,Toyama Prefecture,36.811178,137.584128
Thaler Höhe,Germany,Bavaria,47.583045,10.113050
Great Divide Ski Area,United States,Montana,46.752142,-112.326932
Vallåsen (Hallandsås),Sweden,Halland,56.384385,13.108529
Mount Massive Golf Course,United States,Colorado,39.241399,-106.363335
,Germany,Bavaria,49.132329,12.180837
,Norway,Agder,58.510966,6.846665
Kašperské Hory,Czechia,Plzeň,49.140397,13.563670
,Finland,Kainuu,64.315756,29.090827
,Finland,Central Finland,62.243139,25.738901
,United States,Oregon,45.748421,-118.033404
Nakajo Town (中条町民スキー場),Japan,Niigata Prefecture,38.061354,139.429839
,Sweden,Jamtland,61.999051,14.343788
Динамо, Dynamo,Russia,Perm,57.989957,56.326335
Kamiyūbetsu Town Gokazan (五鹿山（ごかざん）スキー場),Japan,Hokkaido Prefecture,44.181582,143.609913
Polana Sosny,Poland,Lesser Poland Voivodeship,49.404942,20.330562
Cimetta,Switzerland,Ticino,46.193251,8.785745
,United States,New Hampshire,43.649110,-71.894541
Muskegon Luge Adventure Sports Complex,United States,Michigan,43.259851,-86.349905
Dutchess,United States,New York,41.494564,-73.954983
Stowe Mountain Resort,United States,Vermont,44.530360,-72.788162
,Russia,Perm,58.192647,56.445416
Funäsdalen,Sweden,Jamtland,62.550256,12.549335
,United States,Alaska,64.874442,-147.840843
Mezivodí,Czechia,Moravian-Silesian,49.424348,18.403502
Nelson Nordic,Canada,British Columbia,49.404746,-117.204208
津黒高原スキー場, Ski & Board Resort Tsuguro Kogen,Japan,Okayama Prefecture,35.256532,133.797537
Llessui,Spain,Lleida,42.443320,1.036659
Spieljoch - Fügen,Austria,Tyrol,47.330926,11.813412
Alpe Teglio,Italy,Sondrio,46.200526,10.044875
A venir,Canada,Quebec,46.990982,-71.185229
Ruunarinteet,Finland,Southern Savonia,61.839441,28.842730
Pine Valley Ski Trails,United States,Minnesota,46.702764,-92.466196
Heiti – Gsteig b. Gstaad,Switzerland,Bern,46.379189,7.263898
Sonnenbergbahn,Austria,Tyrol,47.097888,11.279356
Jermuk,Armenia,Vayots' Dzor,39.831382,45.673617
,Russia,Leningrad,60.267606,29.591718
,Germany,Bavaria,49.274802,11.531974
,Canada,Manitoba,49.714516,-96.989626
,Russia,Leningrad;Novgorod,59.237628,31.546996
,Sweden,Stockholm,59.746357,18.711937
,Finland,Kymenlaakso,60.886153,26.592397
,France,Cantal,44.994523,2.860223
Даван (Davan),Russia,Irkutsk,55.740765,108.771021
Stok narciarski w Jacni,Poland,Lubelskie,50.574171,23.183030
Cooper Spur Ski Area,United States,Oregon,45.412500,-121.605400
藏马山滑雪场,China,Shandong,35.799568,119.780441
Galtwiesenlift,Austria,Tyrol,47.194158,10.781385
,Germany,Saxony,50.651101,12.963848
,Austria,Salzburg,47.488895,13.428497
,Germany,Bavaria,47.734794,12.447197
Nor-Ski Runs Ski Area,United States,Iowa,43.316061,-91.820791
,Germany,Lower Saxony,52.556989,9.370453
,Russia,Murmansk,67.920478,32.967742
,Russia,Murmansk,68.929960,33.115435
Valle del Sol,Spain,Burgos,42.190666,-3.306889
,Switzerland,Schaffhausen,47.700004,8.438943
Svatý Petr - Pláň,Czechia,Hradec Králové,50.716203,15.611850
,Germany,Thuringia,50.634015,10.216329
Новинки (Novinki),Russia,Nizhny Novgorod,56.197074,43.839436
,Canada,Quebec,45.220552,-72.539670
Camden Snow Bowl,United States,Maine,44.213529,-69.139751
Wolfskamer Wintersport,Netherlands,North Holland,52.308310,5.236926
Stok Karpatka,Poland,dolnoslaskie,50.780781,15.749520
,Russia,Moscow Oblast,56.397908,38.131120
,United States,New York,42.677538,-77.960961
Hard'Ack Ski Area,United States,Vermont,44.816198,-73.067848
Hochkeil,Austria,Salzburg,47.407229,13.144663
,United States,Wisconsin,44.756506,-91.467414
Madarao Kogen Sympathique / Sanpa (サンパティックスキー場),Japan,Nagano Prefecture,36.852291,138.299718
,Sweden,Gavleborg,62.061747,16.716653
,Canada,Quebec,45.977718,-73.169103
Relax Center Plejsy,Slovakia,Kosice,48.896343,20.892276
Salla,Finland,Lapland,67.470534,28.829688
Čertovica,Slovakia,Banska Bystrica;Zilina,48.903801,19.739338
Les Fourgs,France,Doubs,46.832573,6.419506
Vista Ridge,Canada,Alberta,56.664584,-111.135053
Skiland Stará Myjava,Slovakia,Trenciansky kraj,48.820236,17.603094
Nasbinals,France,Aveyron;Lozère,44.650690,3.013275
Zieleniec,Poland,dolnoslaskie,50.335088,16.387075
,Russia,Perm,58.122731,56.302755
Le Grand Domaine,France,Savoie,45.441606,6.410334
,Norway,Innlandet,62.457097,10.851883
,Germany,Baden-Württemberg,48.522602,8.403040
Le Collet-Retournemer,France,Vosges,48.050560,7.002175
,Norway,Innlandet,60.907063,11.606168
,Russia,Novgorod,58.503188,31.330848
Aldrov,Czechia,Liberec,50.683112,15.523013
Hidden Valley,United States,Minnesota,47.903915,-91.815813
Harper Mountain,Canada,British Columbia,50.722090,-120.133543
Wildewiese,Germany,North Rhine-Westphalia,51.240309,8.000664
Bear Valley Adventure Company,United States,California,38.452017,-120.044731
,Poland,Silesian Voivodeship,49.702306,18.849872
,United States,Wisconsin,45.747718,-89.584370
Horský resort Buková hora,Czechia,Olomouc;Pardubice,50.009738,16.708802
Yoshikawa Rokkakuyama (吉川六角山スキー場),Japan,Niigata Prefecture,37.218999,138.407102
,Canada,Quebec,45.464663,-73.931476
L'Audibergue,France,Alpes-Maritimes,43.756203,6.776844
Silvretta Montafon,Austria,Vorarlberg,47.040107,9.972230
Элита, Elita (Elite),Russia,Perm,58.102975,56.399746
Riverwood Ski Touring,United States,Massachusetts,42.687115,-72.043958
風連スキー場, Furen Ski Area,Japan,Hokkaido Prefecture,44.296584,142.348159
Beaulard,Italy,Turin,45.044070,6.759090
,Slovakia,Zilina,49.231038,19.721982
,Sweden,Vastra Gotaland,58.940529,11.844834
Messilän Lumikeskus, Messilä Skicenter,Finland,Paijanne Tavastia,61.016359,25.553608
Orcières,France,Hautes-Alpes,44.695017,6.320572
瑞穂ハイランド, Mizuho Highland,Japan,Hiroshima Prefecture;Shimane Prefecture,34.795911,132.390829
,Finland,Lapland,66.374783,25.359223
,Canada,Quebec,45.792176,-71.924773
Sedloňov,Czechia,Hradec Králové,50.338096,16.313492
Haukåsløypa Drammen,Norway,Viken,59.733184,10.185878
,Russia,Saratov,51.558647,45.973981
Rinerhorn,Switzerland,Graubunden,46.741629,9.804042
Grouse Mountain,Canada,British Columbia,49.380250,-123.075112
,Norway,Trøndelag,62.666179,9.819381
Hemberg,Switzerland,Saint Gallen,47.281992,9.172740
Les Coulmes,France,Isère,45.138502,5.484313
Экстремальный парк Фристайл,Russia,Moscow Oblast,55.634641,37.854019
Harris Farm Cross Country Ski,United States,Maine,43.524584,-70.572207
,France,Hautes-Alpes,45.033218,6.357609
Snow Park at Alpine Hills,United States,Illinois,42.259302,-89.031487
,Norway,Agder,58.098380,7.948141
,Russia,Moscow Oblast,56.379788,38.136407
Yishan,China,Shandong,35.302960,117.022909
,Russia,Bashkortostan;Chelyabinsk,54.581154,58.812471
Valdelinares,Spain,Teruel,40.383179,-0.631749
,Switzerland,Bern,46.739099,8.350197
Степаново (Stepanovo),Russia,Moscow Oblast,56.255560,37.437776
Ochapowace Ski Area,Canada,Saskatchewan,50.525705,-102.493773
Mountain Park Tsunan (マウンテンパーク津南スキー場),Japan,Niigata Prefecture,37.025498,138.618474
石柱天山滑雪场,China,Chongqing,30.172637,108.530792
Hoosier Pass,United States,Colorado,39.370205,-106.057668
Björkliden,Sweden,Norrbotten,68.395779,18.668144
,Latvia,Saldus,56.646569,22.492402
,Norway,Troms og Finnmark,68.515634,16.580281
,Slovakia,Banska Bystrica,48.776594,20.069811
Yellowstone Club,United States,Montana,45.239662,-111.432638
,Norway,Trøndelag,63.421338,10.429007
Beldersay,Uzbekistan,Toshkent,41.499514,69.979649
Smugglers' Notch Resort,United States,Vermont,44.572978,-72.770362
Rock Point,United States,Vermont,44.498382,-73.239258
,United States,Idaho,44.005364,-115.597143
Rangger Köpfl,Austria,Tyrol,47.241821,11.211793
,Bulgaria,Gabrovo,42.749178,25.231507
,Czechia,Zlín,49.270027,17.901717
Sogndal skisenter,Norway,Vestland,61.294615,6.979925
,Germany,Bavaria,47.598107,10.333440
,Italy,Biella,45.672149,8.046715
,Canada,Saskatchewan,52.206436,-105.116547
Boler Mountain (London Ski Club),Canada,Ontario,42.944737,-81.337667
,France,Haute-Saône;Vosges,47.933704,6.604406
,Russia,Moscow Oblast,55.559038,38.834312
十勝サホロリゾート, Sahoro,Japan,Hokkaido Prefecture,43.176044,142.795934
メムロスキー場, Memuro,Japan,Hokkaido Prefecture,42.831267,142.984380
Nebraski,United States,Nebraska,41.043110,-96.290188
,Slovenia,Upper Carniola,46.268473,13.928557
,Norway,Viken,60.466015,8.364769
八幡平リゾート パノラマスキー場, Hachimantai Resort Panorama Ski Are,Japan,Iwate Prefecture,39.885894,140.978200
Shirakawago Hirase Onsen Shirayumi (白川郷平瀬温泉白弓スキー場),Japan,Gifu Prefecture,36.187488,136.905691
Olpe Fahlenscheid,Germany,North Rhine-Westphalia,51.057370,7.945930
,Norway,Viken,59.800529,9.944842
,Sweden,Vasternorrland,62.400863,16.559935
,Austria,Tyrol,47.587642,12.549136
,Russia,Kirov,56.223205,51.065606
,United States,Idaho,43.747534,-111.318087
Le Chioula,France,Ariège,42.753785,1.864161
Whaleback Nordic Ski Club,Canada,Newfoundland and Labrador,48.576864,-58.543965
Muroran Kogen Danpara (室蘭市だんパラスキー場),Japan,Hokkaido Prefecture,42.412878,141.004567
Manantiales,Chile,Metropolitana,-33.325795,-70.295843
Loch Insh Watersports & Skiing Centre,United Kingdom,Highland,57.117095,-3.920364
Košťálka,Czechia,Hradec Králové,50.638485,15.787114
Forest History Center,United States,Minnesota,47.226994,-93.560576
,Norway,Vestfold og Telemark,59.530210,10.231192
Lázeňský vrch,Czechia,Olomouc,50.224466,17.141043
,Czechia,Olomouc,50.026052,16.862300
,Germany,Bavaria,50.272279,11.647989
Elmadağ,Turkey,Ankara Province,39.806884,32.964308
Area Sciistica Ventasso Laghi,Italy,Reggio Nell'Emilia,44.384431,10.274351
,Czechia,Zlín,49.348157,18.362134
La Rosière,France;Italy,Savoie;Valle D'Aosta,45.640730,6.863969
,Norway,Innlandet,61.099874,10.369170
,Norway,Trøndelag,62.684103,11.429514
Aspen Hills,United States,Utah,39.576319,-111.363087
Oedberg,Germany,Bavaria,47.744246,11.773233
,Germany,Saxony-Anhalt,51.678325,11.009058
Ski Shaganappi,Canada,Alberta,51.045711,-114.122543
Skigebiet Damüls-Mellau,Austria,Vorarlberg,47.301491,9.878994
Ebingen,Germany,Baden-Württemberg,48.197676,8.995743
Easton Ski Area,United States,Massachusetts,42.539912,-72.595553
,Sweden,Gavleborg,61.706033,16.158178
,Russia,Moscow Oblast,55.419654,37.737375
Folgaria, Area sciistica Folgaria,Italy,Trento;Vicenza,45.893572,11.211341
,Russia,Kamchatka,53.019176,158.785971
,Ukraine,Zakarpattia,48.596710,22.982211
,Switzerland,Solothurn,47.337998,7.783143
Stollenbach,Germany,Baden-Württemberg,47.902531,7.981236
,Norway,Nordland,65.560313,14.342457
Desná - Parlament,Czechia,Liberec,50.757300,15.316429
,Russia,Murmansk,67.583829,30.534369
Himekayu (ひめかゆスキー場),Japan,Iwate Prefecture,39.117893,140.937195
Arctic Valley Ski Bowl (Not Arctic Valley),United States,Alaska,61.251222,-149.551389
阿寒ロイヤルバレイ, Akan Royal Valley,Japan,Hokkaido Prefecture,43.106615,144.134817
,Italy,Udine,46.399394,12.761297
Blair Mountain,United States,Pennsylvania,40.095707,-76.993581
赤子山スキー場 スノーパル, Akoyama Skijo Snowpal,Japan,Shiga Prefecture,35.546412,136.219943
野沢温泉スキー場, Nozawa Onsen,Japan,Nagano Prefecture,36.916774,138.463054
Slavske - Zahar Berkut,Ukraine,Lviv,48.789750,23.471449
,Norway,Trøndelag,63.427498,10.414498
,United States,Idaho,46.821252,-116.960713
,Finland,Tavastia Proper,60.723799,24.692747
,Finland,Northern Ostrobothnia,65.396094,26.984605
,Finland,Uusimaa,60.135861,24.312646
,Austria,Styria,47.057930,15.352755
Col de Plainpalais,France,Savoie,45.641769,6.022727
Metabief - Mont d'or,France,Doubs,46.738625,6.343291
,Canada,Quebec,45.931869,-74.203138
Station touristique Duchesnay,Canada,Quebec,46.869757,-71.643026
Гора Соболиная (Sobolinaya),Russia,Irkutsk,51.509467,104.121312
,Norway,Agder,58.402165,7.706406
,Russia,Udmurt,56.921884,53.210915
Meadowlark Ski Lodge (Big Horn Ski Resort),United States,Wyoming,44.163489,-107.217293
,United States,Washington,48.353624,-120.387415
High Nagane Family (高長根ファミリースキー場),Japan,Aomori Prefecture,40.666669,140.389207
Rothenthurm,Switzerland,Schwyz;Zug,47.108334,8.673026
Gap Céüze,France,Hautes-Alpes,44.518404,5.936952
余呉高原スキー場, Yogo Kogen Resort,Japan,Fukui Prefecture;Shiga Prefecture,35.696972,136.154483
,Norway,Trøndelag,63.301315,10.002921
Tamiment,United States,Pennsylvania,41.141465,-75.032287
,Russia,Irkutsk,52.339625,104.061803
,Germany,Baden-Württemberg,48.137393,8.769327
蓝雀山滑雪场,China,Qinghai,37.101763,101.855591
,Russia,Sverdlovsk,58.023759,65.292843
,Canada,Quebec,46.067040,-73.162698
,Slovakia,Presov,48.973902,21.391938
伏羲岭滑雪场,China,Shaanxi,34.230643,109.322209
,Germany,Baden-Württemberg,48.154076,8.700998
Montezuma Basin,United States,Colorado,39.018151,-106.856587
奥大山スキー場, OkuDaisen Ski resort,Japan,Tottori Prefecture,35.344369,133.559198
,Germany,North Rhine-Westphalia,50.913561,7.904342
,Sweden,Norrbotten,66.019315,21.259981
Mominoki Forest Park (県立もみのき森林公園),Japan,Hiroshima Prefecture,34.477102,132.176986
,Sweden,Vasternorrland,62.301909,17.354204
Val-d'Irène,Canada,Quebec,48.477213,-67.579107
Villa Roma Ski Area,United States,New York,41.763460,-74.971565
Kozákov,Czechia,Liberec,50.594825,15.270089
Lyžařský areál Hartmanice,Czechia,Plzeň,49.165217,13.454937
Dieppe,France,Seine-Maritime,49.921156,1.051625
Kaberlaba,Italy,Vicenza,45.850066,11.496908
Ski Šachty,Czechia,Liberec,50.696050,15.395653
大倉岳高原スキー場, Ookuradake Kogen Ski Area,Japan,Ishikawa Prefecture,36.279541,136.538459
,Norway,Troms og Finnmark,69.014457,23.074148
,,,64.459940,24.250882
Alpine Ridge,United States,New Hampshire,43.550725,-71.370792
Georgian Peaks Club,Canada,Ontario,44.531588,-80.376866
Livigno,Italy,Sondrio,46.527667,10.128593
Koralpe,Austria,Carinthia,46.803671,14.947146
Stade de neige du Col du Feu,France,Haute-Savoie,46.299138,6.511722
Snoword (Snowhall),France,Moselle,49.247665,6.127260
Горнолыжный комплекс «Ново-Переделкино»,Russia,Moscow City,55.629387,37.377302
Sault Seal,United States,Michigan,46.476039,-84.345485
Waldrastlift – Ehenbichl (Reutte),Austria,Tyrol,47.471154,10.718622
Area Sciistica Schia Monte Caio,Italy,Parma,44.471633,10.168809
Sinaia,Romania,Dâmbovita;Prahova,45.354599,25.515032
Cauterets Pont d'Espagne,France,Hautes-Pyrénées,42.847270,-0.159451
,Norway,Trøndelag,64.698898,12.318091
Bear Mountain Nordic Ski Trails,Canada,British Columbia,55.680559,-120.336333
,Norway,Agder,58.151881,7.911398
Русская горнолыжная школа Столица,Russia,Moscow City;Moscow Oblast,55.881395,37.387458
Bujdosó,Romania,Harghita,46.651414,25.295477
U Steni,Poland,Lesser Poland Voivodeship,49.346286,20.066139
Koguriyama (小栗山スキー場),Japan,Niigata Prefecture,37.062382,138.860355
Corviglia,Switzerland,Graubunden,46.507558,9.818475
,Austria,Upper Austria,48.095307,13.410525
Otepää,Estonia,Tartu;Valga,58.057222,26.498333
Havas Bucsin,Romania,Harghita,46.643572,25.294691
但馬牧場公園スキー場, Tajima Farm Park Ski Area,Japan,Hyogo Prefecture,35.515673,134.491613
,Russia,Kirov,58.676638,52.137034
猫山スキー場, Snow Resort Nekoyama,Japan,Hiroshima Prefecture,35.037962,133.199685
,Poland,Lesser Poland Voivodeship,49.460210,20.009680
,Russia,Moscow City;Moscow Oblast,55.823393,37.833556
県民の森スキー場, Kenmin no Mori Ski Area,Japan,Hiroshima Prefecture,35.068168,133.068070
Flumserberg,Switzerland,Saint Gallen,47.078730,9.268977
,Austria,Tyrol,47.221497,11.873227
Reiserhang,Germany,Bavaria,47.708233,11.591138
,Germany,Bavaria,48.848925,11.085953
,Germany,Bavaria,47.845462,10.836644
Gače,Slovenia,Southeast Slovenia,45.664705,15.089750
,Norway,Vestland,59.851178,6.077703
,Austria,Tyrol,47.070778,11.021649
,Germany,Baden-Württemberg,47.717850,7.822983
,Norway,Viken,59.956428,11.676782
,United States,Minnesota,44.137198,-92.597178
,Russia,Moscow Oblast,55.975579,38.076691
,United States,Colorado,37.471293,-106.778449
Prestlia,Norway,Trøndelag,63.880213,11.281922
Polmonthill Snowsports Centre,United Kingdom,Falkirk,55.996716,-3.686142
Willingen,Germany,Hesse,51.295000,8.608056
Bristol Mountain Ski Resort,United States,New York,42.742235,-77.409591
Loma-Koli,Finland,North Karelen,63.168986,29.821461
Malbuisson - La Fuvelle,France,Doubs,46.801761,6.332695
FONNA Glacier Ski Resort,Norway,Vestland,60.216741,6.437469
,Finland,Ostrobothnia,63.527332,22.494668
Big Tupper,United States,New York,44.173955,-74.477262
Skigebiet Garmisch-Classic,Germany,Bavaria,47.455783,11.075913
,Sweden,Dalarna,60.761779,15.455216
,Germany,Bavaria,47.722068,12.834022
Mareszka,Poland,Podkarpackie,49.539399,21.418809
Sleepy Hollow Inn,United States,Vermont,44.352087,-73.032512
,Norway,Vestland,61.099993,8.089197
Calabogie Peaks,Canada,Ontario,45.269535,-76.785486
Harrachov,Czechia,Liberec,50.762835,15.435185
پیست بین المللی اسکی توچال, Tochal International Ski Resort,Iran,Tehran,35.884669,51.405221
,United States,Maryland,39.462659,-79.455778
The Snow Centre Hemel Hempstead,United Kingdom,Hertfordshire,51.745760,-0.458928
Shizuokashi Ribaweruikawa (リバウェル井川スキー場),Japan,Shizuoka Prefecture,35.216420,138.278004
,Germany,Saxony,50.503158,12.816756
Suanbo Sajo,South Korea,Chungcheongbuk-Do,36.848973,127.976111
,Switzerland,Glarus,46.964822,9.165825
,Norway,Innlandet,60.135337,12.050218
,Norway,Vestland,60.642097,6.382332
,Finland,Satakunta,61.123270,22.201892
Cypress Hills,Canada,Saskatchewan,49.677793,-109.465199
,Russia,Udmurt,56.440153,53.763266
Сноутюбинг Супара, Supara Snowtubing,Kyrgyzstan,Chuy,42.635025,74.617601
Start,Czechia,Hradec Králové,50.290548,16.349661
Tornik, Торник,Serbia,Zlatiborski upravni okrug,43.664742,19.643250
Galtür,Austria,Tyrol;Vorarlberg,46.964457,10.133359
Kubova Huť,Czechia,South Bohemian,48.980361,13.768891
,Norway,Troms og Finnmark,70.041440,20.980467
Stacja Narciarska Skolnity,Poland,Silesian Voivodeship,49.651021,18.854583
,Estonia,Lääne-Viru,59.325630,26.573663
Alpine Meadows,United States,New York,43.179512,-73.908237
Orava Snow,Slovakia,Zilina,49.381475,19.184483
Pfänder,Austria,Vorarlberg,47.503609,9.769361
Zadział,Poland,Lesser Poland Voivodeship,49.504553,20.033993
天鹅堡滑雪场,China,Zhejiang,27.864771,119.832163
Site nordique de Morbier,France,Doubs;Jura,46.580792,6.057705
Le Risoux,France,Jura,46.536542,6.090363
Sparenmoos,Switzerland,Bern,46.552874,7.332614
,Finland,Northern Ostrobothnia,65.511477,28.591823
See,Austria,Tyrol,47.072347,10.479263
Pralognan-la-Vanoise,France,Savoie,45.385169,6.733364
Балетка, Baletka,Russia,Tomsk,56.469280,85.031145
,United States,Michigan,42.126767,-83.371951
,Germany,Saxony-Anhalt,51.815776,10.787696
,Norway,Innlandet,61.775864,11.552472
柳津温泉スキー場, yanaizu onsen ski area,Japan,Fukushima Prefecture,37.538176,139.712378
,Norway,Troms og Finnmark,69.043703,19.306457
Smart Ski Slopes,Romania,Timis,45.725254,21.201315
,Germany,Bavaria,49.507402,12.010029
翠华山滑雪场,China,Shaanxi,33.970183,109.016753
,Estonia,Tartu,58.281969,26.887015
Saint-Pierre-de-Chartreuse,France,Isère,45.352837,5.834425
,Norway,Vestfold og Telemark;Viken,60.073130,8.887034
Germundö Alpin,,,60.281900,20.006063
Ljosland skisenter,Norway,Agder,58.784523,7.337184
Station de ski Mont Miller,Canada,Quebec,48.963664,-65.485819
,Norway,Viken,59.545010,10.443058
,Canada,Saskatchewan,50.268363,-107.786724
Jardin Enfants,France,Savoie,45.803478,6.551398
Kamafuseyama (釜臥山スキー場),Japan,Aomori Prefecture,41.263576,141.137019
Airolo Lüina,Switzerland,Ticino,46.530641,8.615343
九頭竜スキー場, Kuzuryu Ski Resort,Japan,Fukui Prefecture,35.896715,136.656674
Chipmunk Ski Hill,United States,Idaho,44.470087,-114.321742
Omoshiroyama Snow Park (スノーパーク面白山),Japan,Yamagata Prefecture,38.332386,140.496151
Showdown,United States,Montana,46.836067,-110.708369
,Austria,Upper Austria,47.687241,14.381427
,Czechia,Vysocina,49.220217,15.368706
,Norway,Nordland,65.867507,13.229886
Ski Butler,United States,Kentucky,38.673621,-85.158702
Sjusjøen,Norway,Innlandet,61.113356,10.743839
Weißbriach,Austria,Carinthia,46.682160,13.243564
,Germany,Saxony,51.075815,14.437132
Val Gardena, Gröden, Gherdëina,Italy,Bolzano/Bozen,46.562678,11.746552
,Slovakia,Presov,49.358481,21.557087
,France,Haute-Savoie,45.898219,6.779235
,Finland,Southwest Finland,60.315765,22.269483
,Norway,Møre and Romsdal,62.976155,8.923891
,Slovakia,Presov,49.380822,20.613821
,Finland,Southern Savonia,61.681977,27.313351
Saas Fee,Switzerland,Valais,46.087872,7.920933
Svratka,Czechia,Pardubice;Vysocina,49.712940,16.052030
Adventure Mountain,United States,Michigan,46.771894,-89.090173
Cardrona Alpine Resort,New Zealand,Otago Region,-44.868267,168.951110
Sasquatch Mountain Resort,Canada,British Columbia,49.381440,-121.944097
Steibis - Hochgratbahn,Germany,Bavaria,47.499735,10.066177
Skiarena Jizerky,Czechia,Liberec,50.773864,15.193649
Kullstabacken,Sweden,Jamtland,63.114679,16.317290
Lily of the Valley (鈴蘭高原スキー場),Japan,Gifu Prefecture,36.008702,137.346029
Pass Powderkeg ski,Canada,Alberta,49.601405,-114.452716
,France,Savoie,45.218922,6.238519
,Norway,Trøndelag,63.532680,8.787295
Crissolo - Monviso Ski,Italy,Cuneo,44.692398,7.130145
Skilift Deesbach,Germany,Thuringia,50.565059,11.147771
,Finland,Southern Savonia,62.405764,28.626699
,Austria,Tyrol,47.310060,10.863657
Biberegg,Switzerland,Schwyz,47.088191,8.681971
Creagan Bheithe,United Kingdom,Perth and Kinross,56.837262,-3.462736
,Russia,Irkutsk,51.973216,104.045858
Shinanodaira,Japan,Nagano Prefecture,36.905521,138.354689
,Norway,Viken,60.031647,11.119912
Hakusan Shiramine Onsen (白峰スキー競技場),Japan,Ishikawa Prefecture,36.188860,136.626972
,Russia,Novgorod,58.545163,31.171557
Äänemäki,Finland,Central Finland,62.609142,25.747636
Manitou Valley Ski Valley,United States,Wisconsin,46.547764,-92.137324
,Norway,Møre and Romsdal,62.797039,7.499105
Otterfing,Germany,Bavaria,47.906792,11.665249
,Germany,North Rhine-Westphalia,50.583472,6.317847
Soriška planina,Slovenia,Upper Carniola,46.235231,14.007908
Bane,Slovakia,Zilina,49.125065,19.734767
St. Johann,Germany,Baden-Württemberg,48.465572,9.353381
岳西大别山滑雪乐园,China,Anhui,30.985157,116.406849
Wennser Gletscher,Austria,Salzburg,47.271296,12.359085
,Russia,Pskov,57.290817,28.359048
Pääskyvuori,Finland,Southern Savonia,62.431827,28.567729
,Canada,Quebec,45.951019,-74.285846
,Canada,Alberta,52.374132,-115.018798
Middlesbrough Snowdome (Cool Runnings),United Kingdom,Middlesbrough,54.580503,-1.223713
Pohoří u Malečova,Czechia,Ústecký,50.621935,14.135636
Eggberge,Switzerland,Uri,46.900640,8.647365
,Estonia,Harju,59.362343,25.057042
,Finland,Pirkanmaa,61.576132,23.576491
,Czechia;Poland,Hradec Králové;dolnoslaskie,50.653316,16.342295
,Norway,Viken,59.959682,11.258330
Speikboden,Italy,Bolzano/Bozen,46.939208,11.902372
,Poland,dolnoslaskie,50.686745,16.276718
Dietramszell - Moosham,Germany,Bavaria,47.897675,11.539203
Saint-Pierre,France,Jura,46.569771,5.897359
,Russia,Moscow Oblast,54.868630,38.491094
,Norway,Vestfold og Telemark,59.212854,10.378441
Ohoho,United States,Connecticut,41.961485,-72.052717
Bojanine Vode,Serbia,Nisava;Pirotski upravni okrug,43.221600,22.117556
Mount Hotham,Australia,Victoria,-36.979976,147.148592
,Czechia,Ústecký,50.408983,13.078334
Hinterstaufen,Germany,Bavaria,47.544096,10.070924
Ukawa (鵜川スキー場),Japan,Niigata Prefecture,37.246800,138.554692
,Italy,Pavia;Piacenza,44.753662,9.297325
Dagali Fjellpark,Norway,Viken,60.395649,8.424471
Varneige,France,Var,43.744859,6.657067
Mayama (真山スキー場),Japan,Akita Prefecture,39.919684,139.771596
Sunrise Hill,United States,Massachusetts,42.000909,-71.313178
Salmo Ski Area,Canada,British Columbia,49.186304,-117.300510
,Norway,Viken,59.633920,9.497133
49 North Nordic Center,United States,Washington,48.301897,-117.552992
,United States,Montana,47.199798,-113.478463
Adelboden - Lenk,Switzerland,Bern,46.464306,7.518525
Красная Глинка (Krasnaya Glinka),Russia,Samara,53.390242,50.173033
,Finland,South Karelia;Southern Savonia,61.619545,29.386145
Johira (城平スキー場),Japan,Niigata Prefecture,36.930985,138.813265
,Belarus,Minskaya Voblasts',54.099276,28.311652
,Finland,Northern Ostrobothnia,64.503786,25.541954
Stacja narciarska Suche,Poland,Lesser Poland Voivodeship,49.332294,19.982628
Węgierski,Poland,Silesian Voivodeship,49.710831,18.969735
,Czechia,Hradec Králové,50.618381,16.111136
Samoty,Czechia,Plzeň,49.132900,13.238070
,Russia,Tatarstan,55.854787,48.470677
Deer Park,United States,California,39.187196,-120.200086
Le Revard,France,Savoie,45.678472,6.012151
,Poland,Silesian Voivodeship,49.686049,18.897720
Kalthof,Switzerland,Aargau,47.272425,8.026899
,Russia,Samara,53.392684,49.412963
,Germany,Baden-Württemberg,48.359923,8.368083
,Sweden,Vasterbotten County,65.083569,17.135941
Bergeralm,Austria,Tyrol,47.075101,11.457009
,United States,West Virginia,39.112744,-79.492302
,China,Heilongjiang,45.300059,130.887246
,Finland,Northern Ostrobothnia,64.238890,24.774249
Mount Wawa,Canada,Ontario,47.948517,-84.807801
Goaß,Austria,Lower Austria,48.548556,15.991758
,Ukraine,Zakarpattia,48.780290,22.954398
,Austria,Vorarlberg,47.144962,9.906285
,Germany,Bavaria,48.155767,11.179079
Hörnle (Bad Kohlgrub),Germany,Bavaria,47.661199,11.049281
Timber Ridge,Canada,Saskatchewan,53.788864,-106.982178
Association Téléski du Salève (A.T.S.),France,Haute-Savoie,46.117858,6.167588
Malga San Giorgio,Italy,Trento;Verona,45.686320,11.086277
Steilia,Norway,Troms og Finnmark,68.852947,18.400401
Buckhorn Ski Club,United States,California,34.344570,-117.914370
Poverty Hill (Concord Club),United States,New York,42.322398,-78.696377
Cannonsburg State Game Area,United States,Michigan,43.028578,-85.491833
,Serbia,Morava,44.130053,20.529930
Snow Mountain (Winterport),United States,Maine,44.655984,-68.945744
Mount Washington Alpine Resort,Canada,British Columbia,49.748715,-125.297759
Rivière Saint-Charles,Canada,Quebec,46.821589,-71.235545
Bearsden Ski & Board,United Kingdom,East Dunbartonshire,55.928243,-4.341556
Black Mountain,United States,New Hampshire,44.172099,-71.166356
Terry Peak Ski Area,United States,South Dakota,44.334120,-103.831630
Sogn skisenter,Norway,Vestland,61.335517,7.198361
,United States,Washington,46.162891,-122.105959
,Czechia,Ústecký,50.627111,13.384708
Горнолыжный курорт Черневская горка,Russia,Moscow Oblast,55.839886,37.292705
Mortos Kalns,Lithuania,Telšiai County,55.872822,21.817470
Serlesbahnen,Austria,Tyrol,47.147229,11.403536
,Russia,Gorno-Altay,51.738071,87.302549
,Norway,Trøndelag,64.381973,12.302808
,United States,Colorado,38.488176,-106.960704
Hoedown Hill,United States,Colorado,40.453999,-104.929548
Skiareál Studenov,Czechia,Liberec,50.736444,15.440778
Nové Hamry - Nad kostelem,Czechia,Karlovy Vary,50.364509,12.720985
Kocourov,Czechia,Plzeň,49.358735,13.388146
Blue Mountain Ski Resort,Canada,Ontario,44.497783,-80.314950
Rouge Gazon,France,Vosges,47.853375,6.916340
Vallecitos (Valles del Plata),Argentina,Mendoza,-32.974108,-69.359264
Skilift Zirkitzen,Austria,Carinthia,46.864285,12.877311
,Croatia,Primorsko-goranska,45.393434,14.795376
,Norway,Innlandet,61.223271,10.482795
,Czechia,Karlovy Vary,50.213428,12.931061
,Norway,Vestfold og Telemark,59.456433,9.001270
Panorama Mountain Resort,Canada,British Columbia,50.445436,-116.223563
,Russia,Udmurt,58.156192,52.678296
Czarna Góra,Poland,dolnoslaskie,50.260140,16.819221
,United States,Wisconsin,45.946677,-90.198470
,Finland,Uusimaa,60.460925,25.390552
Jochgrimm, Passo Oclini,Italy,Bolzano/Bozen,46.345082,11.449091
,Canada,Quebec,45.620353,-75.728148
Skiareál Potštát,Czechia,Olomouc,49.628730,17.660531
Cerkno,Slovenia,Gorizia,46.166138,14.057444
,United States,Minnesota;North Dakota,46.912511,-96.759484
Горнолыжный центр Лоза,Russia,Moscow Oblast,56.240987,38.210253
,Finland,Lapland,67.933863,23.685263
,Switzerland,Bern,47.134209,7.189866
,Finland,Paijanne Tavastia,60.819842,25.767272
,Austria;Slovakia,Bratislava;Lower Austria,48.149336,17.040264
,Poland,Lesser Poland Voivodeship,49.457686,19.807684
,Switzerland,Graubunden,46.708725,9.174181
,Russia,Moscow Oblast,55.354912,36.176723
Cochran's Ski Area,United States,Vermont,44.396811,-72.982049
Dwie Doliny Muszyna-Wierchomla,Poland,Lesser Poland Voivodeship,49.415894,20.835183
Trebević,Bosnia and Herzegovina,Sarajevo,43.848616,18.441656
CLCF Nordic,United States,Wisconsin,43.371996,-88.250526
,Norway,Vestland,61.471265,7.207166
,Russia,Komi,61.692407,50.774824
Sjusjøen Skisenter,Norway,Innlandet,61.116786,10.748320
,France,Haute-Savoie,45.934201,6.765649
,Sweden,Stockholm,59.346427,18.313445
,Germany,Baden-Württemberg,47.832923,10.060065
,Norway,Troms og Finnmark,70.491815,22.180196
Ergan Dağı Kış Sporları Turizm Merkezi, Ergan Mountain Winter Sports and Eco-Tourism Center,Turkey,Erzincan,39.613373,39.496603
Boston Mills Ski Resort,United States,Ohio,41.263854,-81.565412
,Austria,Styria,47.500570,14.121889
Hauts-Geneveys - Tête de Ran,Switzerland,Neuchatel,47.046609,6.868018
Hound Ears,United States,North Carolina,36.173305,-81.738099
Deutschnofen - Nova Ponente, Deutschnofen, Nova Ponente,Italy,Bolzano/Bozen,46.403656,11.441593
Dongfeng Lake,China,Liaoning,41.325526,123.687619
Area Sciistica Abetone,Italy,Pistoia,44.135208,10.648985
,Germany,Saxony,50.734138,13.383924
Yehe Huangjia,China,Jilin,42.965032,124.562148
,Austria,Tyrol,47.246552,11.497309
Petersberg - Monte San Pietro, Petersberg, Monte San Pietro,Italy,Bolzano/Bozen,46.393994,11.387884
Peldehue,Chile,Metropolitana,-33.076152,-70.451031
,Italy,Modena,44.223828,10.763255
Nordic Heritage Outdoor Center,United States,Maine,46.729853,-67.927856